Country,Year,Dataset,TMAX_year,TMAX_MAMJJASO,TMAX_AMJJAS,TMAX_ONDJFM,TMAX_NDJF,TMIN_year,TMIN_MAMJJASO,TMIN_AMJJAS,TMIN_ONDJFM,TMIN_NDJF,TAVG_year,TAVG_MAMJJASO,TAVG_AMJJAS,TAVG_ONDJFM,TAVG_NDJF,RH_year,RH_MAMJJASO,RH_AMJJAS,RH_ONDJFM,RH_NDJF,RHmin_year,RHmin_MAMJJASO,RHmin_AMJJAS,RHmin_ONDJFM,RHmin_NDJF,PREC_year,PREC_MAMJJASO,PREC_AMJJAS,PREC_ONDJFM,PREC_NDJF,SRAD_year,SRAD_MAMJJASO,SRAD_AMJJAS,SRAD_ONDJFM,SRAD_NDJF,WIND_year,WIND_MAMJJASO,WIND_AMJJAS,WIND_ONDJFM,WIND_NDJF,VPD_year,VPD_MAMJJASO,VPD_AMJJAS,VPD_ONDJFM,VPD_NDJF,FWI_FD_year,FWI_FD_MAMJJASO,FWI_FD_AMJJAS,FWI_FD_ONDJFM,FWI_FD_NDJF,FWI_3+_year,FWI_3+_MAMJJASO,FWI_3+_AMJJAS,FWI_3+_ONDJFM,FWI_3+_NDJF,FWI_4+_year,FWI_4+_MAMJJASO,FWI_4+_AMJJAS,FWI_4+_ONDJFM,FWI_4+_NDJF,FWI_5+_year,FWI_5+_MAMJJASO,FWI_5+_AMJJAS,FWI_5+_ONDJFM,FWI_5+_NDJF,FWI_6_year,FWI_6_MAMJJASO,FWI_6_AMJJAS,FWI_6_ONDJFM,FWI_6_NDJF,DFM10H_year,DFM10H_MAMJJASO,DFM10H_AMJJAS,DFM10H_ONDJFM,DFM10H_NDJF,DFM10H_u10_year,DFM10H_u10_MAMJJASO,DFM10H_u10_AMJJAS,DFM10H_u10_ONDJFM,DFM10H_u10_NDJF,DFM10H_u8_year,DFM10H_u8_MAMJJASO,DFM10H_u8_AMJJAS,DFM10H_u8_ONDJFM,DFM10H_u8_NDJF,DFM10H_u6_year,DFM10H_u6_MAMJJASO,DFM10H_u6_AMJJAS,DFM10H_u6_ONDJFM,DFM10H_u6_NDJF,DFM10H_u4_year,DFM10H_u4_MAMJJASO,DFM10H_u4_AMJJAS,DFM10H_u4_ONDJFM,DFM10H_u4_NDJF,DFM10H_u2_year,DFM10H_u2_MAMJJASO,DFM10H_u2_AMJJAS,DFM10H_u2_ONDJFM,DFM10H_u2_NDJF,AWP0-40_S2+_year,AWP0-40_S2+_MAMJJASO,AWP0-40_S2+_AMJJAS,AWP0-40_S2+_ONDJFM,AWP0-40_S2+_NDJF,AWP0-40_S3+_year,AWP0-40_S3+_MAMJJASO,AWP0-40_S3+_AMJJAS,AWP0-40_S3+_ONDJFM,AWP0-40_S3+_NDJF,AWP0-40_S4+_year,AWP0-40_S4+_MAMJJASO,AWP0-40_S4+_AMJJAS,AWP0-40_S4+_ONDJFM,AWP0-40_S4+_NDJF,AWD0-40_sum_year,AWD0-40_sum_MAMJJASO,AWD0-40_sum_AMJJAS,AWD0-40_sum_ONDJFM,AWD0-40_sum_NDJF,AWR0-10_u30_year,AWR0-10_u30_MAMJJASO,AWR0-10_u30_AMJJAS,AWR0-10_u30_ONDJFM,AWR0-10_u30_NDJF,AWR0-40_u30_year,AWR0-40_u30_MAMJJASO,AWR0-40_u30_AMJJAS,AWR0-40_u30_ONDJFM,AWR0-40_u30_NDJF,Share_Con,Share_Pines,FA_kha,BFA_ha,BFAI
AUT,1990,Cal,10.791,14.658,15.971,6.185,3.887,1.242,4.845,6.167,-3.83,-6.061,6.026,9.874,11.294,0.823,-1.511,78.12,76.912,76.786,77.022,77.687,59.082,56.458,56.454,57.985,59.792,1202.115,893.486,723.123,341.042,214.566,4470.674,3803.313,3123.503,1422.438,724.47,1.508,1.491,1.443,1.584,1.541,0.282,0.362,0.4,0.181,0.137,0.673,0.938,1.079,0.376,0.212,4.228,4.228,4.228,0.006,0,0.598,0.598,0.598,0,0,0.012,0.012,0.012,0,0,0,0,0,0,0,23.955,21.55,21.383,24.493,26.273,26.751,23.992,17.724,9.522,3.344,3.014,2.67,1.848,1.246,0.379,0.113,0.113,0.109,0.003,0,0,0,0,0,0,0,0,0,0,0,49.245,32.552,22.278,43.923,30.269,24.314,16.428,10.476,19.36,12.272,9.167,6.511,3.792,5.916,3.196,-872.707,-747.849,-580.216,-459.94,-250.06,5.223,5.22,4.228,1.009,0.003,5.228,5.218,5.105,0.149,0.011,0.8613,0.0217,3892.51786,200,0.051380625
AUT,1991,Cal,9.494,13.83,15.568,3.955,0.66,0.662,4.862,6.305,-4.612,-7.712,5.065,9.417,11.105,-0.47,-3.609,79.364,79.525,78.715,81.362,80.738,61.341,60.011,58.898,64.956,65.892,1260.974,947.617,821.24,417.601,255.784,4377.051,3678.184,3061.124,1305.467,682.766,1.509,1.503,1.503,1.466,1.468,0.242,0.31,0.352,0.131,0.097,0.411,0.564,0.63,0.143,0.08,0.845,0.845,0.732,0,0,0.02,0.02,0.02,0,0,0,0,0,0,0,0,0,0,0,0,25.63,22.871,22.592,28.808,31.738,10.026,8.699,8.166,2.582,1.182,0.304,0.19,0.184,0.127,0.101,0.007,0.002,0,0.001,0.001,0,0,0,0,0,0,0,0,0,0,41.408,26.982,20.072,15.522,11.907,21.88,13.28,10.945,8.889,8.18,8.306,4.459,4.107,3.857,3.808,-516.802,-382.612,-215.76,-161.987,-90.304,1.794,1.745,1.561,0.102,0.049,2.607,2.534,1.673,0.001,0,0.8613,0.0217,3900.181914,53,0.01358911
AUT,1992,Ver,10.672,14.794,17.423,3.632,1.609,1.842,5.378,7.524,-4.284,-6.224,6.266,10.191,12.617,-0.526,-2.532,78.303,76.69,75.182,80.179,80.652,60.191,56.611,54.284,64.053,66.212,1177.104,867.577,591.587,523.685,331.206,4524.065,3867.574,3281.375,1325.331,677.946,1.554,1.515,1.482,1.666,1.669,0.301,0.396,0.474,0.136,0.108,1.09,1.59,2.072,0.184,0.088,11.007,11.007,10.991,0.112,0,1.936,1.936,1.936,0,0,0.278,0.278,0.278,0,0,0.023,0.023,0.023,0,0,24.877,21.924,20.285,28.86,31.123,28.974,28.471,26.928,2.397,0.548,4.394,4.394,4.367,0.046,0.013,0.21,0.21,0.21,0.005,0.003,0,0,0,0,0,0,0,0,0,0,51.561,50.024,47.286,10.001,3.275,32.425,32.404,31.835,2.57,0.436,16.175,16.175,16.144,0.359,0.039,-1389.597,-1381.234,-1351.951,-210.32,-50.522,8.757,8.757,8.73,0.186,0,12.087,12.087,11.948,0.934,0.072,0.8613,0.0217,3907.845968,132,0.033778199
AUT,1993,Cal,10.148,14.352,16.65,3.54,2.157,1.22,5.004,6.981,-4.638,-5.92,5.669,9.734,11.934,-0.655,-2.072,78.748,77.679,76.825,80.443,80.509,60.751,57.856,56.364,65.191,66.142,1184.777,918.616,712.504,549.675,329.496,4472.808,3807.337,3169.727,1277.436,666.794,1.589,1.564,1.531,1.645,1.645,0.274,0.357,0.416,0.129,0.111,0.594,0.834,1.036,0.123,0.106,2.647,2.647,2.647,0.016,0,0.11,0.11,0.11,0,0,0,0,0,0,0,0,0,0,0,0,25.593,22.842,21.644,29.691,30.399,21.626,20.973,19.576,2.092,0.753,1.248,1.167,1.134,0.112,0.081,0,0,0,0,0,0,0,0,0,0,0,0,0,0,0,34.92,23.897,20.56,13.488,9.745,13.984,11.163,9.04,5.007,2.767,4.104,3.767,2.797,1.321,0.338,-773.37,-693.903,-646.371,-101.975,-62.778,3.481,3.481,3.412,0.094,0,5.453,5.453,5.452,0.139,0,0.8613,0.0217,3915.510022,112,0.028604192
AUT,1994,Cal,11.441,15.319,17.295,4.505,1.719,2.725,5.888,7.706,-3.285,-5.844,7.062,10.671,12.643,0.475,-2.169,79.105,77.347,76.774,81.901,82.295,60.16,56.412,55.679,66.098,68.144,1168.585,904.012,737.721,483.038,268.723,4481.561,3840.07,3196.69,1236.387,638.684,1.539,1.527,1.491,1.614,1.587,0.295,0.384,0.442,0.136,0.1,0.658,0.928,1.127,0.13,0.074,3.97,3.97,3.933,0,0,0.388,0.388,0.388,0,0,0,0,0,0,0,0,0,0,0,0,23.985,22.155,21.866,28.553,31.135,21.474,20.726,17.988,1.907,0.415,2.392,2.324,2.236,0.069,0.035,0.07,0.067,0.067,0,0,0,0,0,0,0,0,0,0,0,0,24.256,21.483,19.503,4.226,3.784,8.455,8.046,7.753,0.355,0.342,2.501,2.485,2.415,0.002,0.002,-768.317,-716.159,-603.761,-52.526,-30.971,3.785,3.785,3.741,0,0,5.12,5.12,4.894,0.001,0,0.8613,0.0217,3923.174077,58,0.014783948
AUT,1995,Ver,9.797,14.082,15.775,4.478,3.202,1.233,4.935,6.719,-3.509,-4.321,5.559,9.589,11.417,0.374,-0.675,80.022,78.477,78.389,81.165,82.881,62.254,58.621,58.84,64.914,68.299,1330.378,977.937,835.528,530.914,324.329,4380.443,3775.854,3092.483,1273.182,610.652,1.583,1.539,1.536,1.655,1.64,0.253,0.332,0.373,0.138,0.111,0.478,0.687,0.689,0.156,0.084,1.253,1.253,1.247,0.037,0,0.018,0.018,0.018,0,0,0,0,0,0,0,0,0,0,0,0,26.368,23.388,23.582,27.413,28.426,16.04,15.666,12.743,3.068,0.551,0.923,0.923,0.762,0.173,0.034,0.003,0.003,0,0.003,0.003,0,0,0,0,0,0,0,0,0,0,32.169,24.921,8.675,3.339,1.67,17.419,13.477,2.332,0.435,0.156,6.038,4.61,0.068,0.084,0.014,-453.924,-384.833,-129.024,-127.549,-41.375,1.666,1.666,1.37,0.044,0,2.042,2.042,2.042,0.226,0,0.8613,0.0217,3928.450098,32,0.008145706
AUT,1996,Cal,8.666,12.795,15.075,2.651,-0.177,0.375,4.207,6.193,-5.277,-7.476,4.554,8.598,10.799,-1.409,-3.878,81.345,80.348,79.75,82.94,84.055,64.252,61.566,60.575,67.358,70.87,1367.45,1133.816,925.374,355.716,273.413,4280.649,3608.498,2993.267,1343.23,650.319,1.501,1.507,1.502,1.458,1.515,0.219,0.285,0.333,0.113,0.076,0.293,0.404,0.511,0.255,0.045,0.217,0.217,0.217,0.006,0,0,0,0,0,0,0,0,0,0,0,0,0,0,0,0,27.437,24.992,23.93,30.704,33.858,11.429,11.417,10.862,2.081,0.165,0.524,0.523,0.521,0.078,0.001,0,0,0,0.003,0,0,0,0,0,0,0,0,0,0,0,17.103,13.669,13.553,24.696,8.409,8.819,7.871,7.86,15.848,4.692,3.792,3.787,3.787,5.975,1.433,6.501,22.526,-39.326,-309.091,-59.586,1.645,1.645,1.645,0.295,0,0.582,0.582,0.582,0,0,0.8613,0.0217,3933.72612,29,0.007372145
AUT,1997,Cal,10.202,13.934,15.907,4.22,1.976,1.331,4.578,6.32,-3.968,-6.238,5.761,9.331,11.275,-0.046,-2.301,79.502,77.448,77.1,82.101,82.482,61.211,57.1,56.295,66.279,68.028,1281.806,1021.594,823.634,475.437,212.975,4522.645,3863.463,3227.572,1270.668,676.728,1.547,1.593,1.59,1.51,1.479,0.254,0.33,0.374,0.13,0.105,0.409,0.565,0.66,0.123,0.1,0.45,0.449,0.449,0,0,0,0,0,0,0,0,0,0,0,0,0,0,0,0,0,25.908,23.275,22.936,29.214,31.6,16.126,15.947,12.163,3.285,0.172,1.163,1.158,0.616,0.45,0.005,0.029,0.029,0,0.014,0,0,0,0,0,0,0,0,0,0,0,27.204,19.192,12.786,12.209,8.421,10.122,7.681,5.545,3.59,2.063,2.027,1.865,1.454,0.333,0.064,-319.564,-251.149,-99.922,-46.889,-54.231,1.409,1.393,1.286,0.063,0,1.903,1.752,1.189,0,0,0.8613,0.0217,3939.002142,20,0.005077428
AUT,1998,Ver,10.176,14.171,16.435,4.566,3.314,1.395,5.202,7.179,-3.566,-4.554,5.782,9.78,11.947,0.315,-0.861,79.081,78.647,78.589,80.011,82.084,60.854,58.985,58.402,63.978,67.56,1325.446,1124.674,856.344,449.873,252.043,4374.959,3669.756,3052.937,1353.08,681.116,1.587,1.587,1.525,1.623,1.544,0.261,0.33,0.38,0.147,0.117,0.392,0.509,0.629,0.212,0.163,0.949,0.949,0.942,0.008,0.001,0.009,0.009,0.009,0,0,0,0,0,0,0,0,0,0,0,0,25.773,23.826,22.845,27.386,28.599,16.129,14.987,12.172,3.98,1.097,1.142,1.11,0.881,0.35,0.032,0,0,0,0.015,0,0,0,0,0,0,0,0,0,0,0,26.706,14.468,9.31,19.261,11.485,11.439,6.773,4.001,8.427,5.046,3.207,1.995,1.188,2.26,1.311,-192.972,-99.647,-94.549,-296.517,-117.216,1.347,1.243,1.177,0.231,0.12,1.336,1.336,1.336,0.714,0.151,0.8613,0.0217,3944.278163,93,0.023578459
AUT,1999,Cal,10.106,14.706,16.762,3.082,0.376,1.696,5.845,7.616,-4.654,-7.292,5.881,10.315,12.315,-0.933,-3.596,80.45,80.317,80.114,81.387,81,62.539,60.742,60.359,65.676,66.668,1379.236,1008.262,873.429,548.727,326.698,4286.349,3651.062,3020.95,1243.481,649.409,1.555,1.474,1.425,1.651,1.684,0.242,0.311,0.353,0.122,0.097,0.325,0.453,0.509,0.075,0.06,0.315,0.315,0.315,0,0,0,0,0,0,0,0,0,0,0,0,0,0,0,0,0,26.146,23.356,23.125,30.348,32.096,8.795,8.575,7.568,2.152,0.254,0.355,0.345,0.342,0.022,0.01,0,0,0,0,0,0,0,0,0,0,0,0,0,0,0,10.601,9.684,9.271,3.139,2.953,3.547,3.488,3.419,0.261,0.224,0.694,0.694,0.692,0,0,-40.202,-20.241,29.141,38.401,-16.567,1.189,1.189,1.152,0.037,0,0.278,0.262,0.241,0,0,0.8613,0.0217,3949.554185,8,0.002025545
AUT,2000,Cal,11.237,15.429,17.558,3.449,0.962,2.223,5.897,7.516,-4.453,-6.922,6.701,10.709,12.65,-0.622,-3.083,79.266,77.424,75.971,80.81,81.134,60.509,56.817,54.545,64.644,66.065,1309.815,970.092,677.251,560.391,335.091,4571.012,3907.433,3304.337,1284.803,665.658,1.582,1.569,1.513,1.73,1.698,0.29,0.383,0.449,0.131,0.102,0.683,0.986,1.258,0.131,0.066,4.811,4.811,4.811,0,0,0.28,0.28,0.28,0,0,0,0,0,0,0,0,0,0,0,0,25.108,22.709,21.428,29.564,31.978,22.244,21.928,20.969,1.305,0.316,2.493,2.493,2.477,0.016,0,0.068,0.068,0.068,0,0,0,0,0,0,0,0,0,0,0,0,25.995,25.418,25.235,0.933,0.529,11.683,11.66,11.645,0.073,0.026,3.188,3.188,3.188,0.002,0,-768.296,-758.827,-769.777,-54.954,-17.449,5.488,5.488,5.487,0,0,6.327,6.327,6.326,0.037,0.016,0.8613,0.0217,3954.830207,42,0.010619925
AUT,2001,Ver,10.208,14.846,16.065,5.36,2.965,1.605,5.71,6.839,-2.3,-4.517,5.93,10.361,11.645,1.336,-0.959,79.318,78.41,76.819,83.864,83.777,61.266,58.568,57.215,67.99,69.339,1255.411,948.86,788.161,581.6,328.646,4385.785,3734.273,3121.44,1195.519,632.558,1.58,1.564,1.602,1.533,1.523,0.273,0.357,0.409,0.127,0.101,0.602,0.837,1.009,0.108,0.079,2.649,2.649,2.649,0,0,0.12,0.12,0.12,0,0,0.001,0.001,0.001,0,0,0,0,0,0,0,25.182,22.355,22.17,28.008,29.246,18.155,17.584,16.59,0.664,0.494,1.091,1.091,1.002,0,0,0,0,0,0,0,0,0,0,0,0,0,0,0,0,0,32.869,24.39,20.521,2.73,2.228,10.798,8.093,7.427,0.366,0.176,2.261,1.707,1.7,0.007,0,-730.912,-632.954,-561.735,-15.105,-29.608,2.272,2.272,2.271,0.001,0,3.661,3.661,3.661,0,0,0.8613,0.0217,3960.106229,24,0.006060443
AUT,2002,Cal,10.974,14.679,16.599,4.929,1.558,2.477,5.74,7.671,-3.726,-6.6,6.711,10.277,12.269,0.419,-2.692,79.963,78.51,78.303,79.534,79.599,62.161,58.945,58.654,62.373,64.423,1376.592,1065.63,843.813,411.679,265.344,4368.229,3749.669,3089.615,1357.53,664.373,1.551,1.536,1.505,1.593,1.643,0.266,0.343,0.39,0.157,0.115,0.478,0.67,0.795,0.27,0.143,1.546,1.546,1.544,0,0,0.053,0.053,0.053,0,0,0,0,0,0,0,0,0,0,0,0,25.006,22.615,22.293,27.276,30.484,16.67,16.098,12.236,4.687,0.588,1.011,0.968,0.743,0.325,0.043,0.012,0.012,0,0.012,0,0,0,0,0,0,0,0,0,0,0,30.079,21.253,15.42,23.718,14.531,15.43,9.844,6.797,11.594,8.071,6.463,3.117,2.201,4.815,3.899,-411.089,-346.836,-311.652,-295.659,-141.398,1.824,1.824,1.593,0.232,0,1.603,1.603,1.603,0,0,0.8613,0.0217,3964.363693,86,0.021693267
AUT,2003,Cal,11.124,15.77,18.612,3.945,1.467,1.434,5.532,8.096,-4.517,-6.502,6.344,10.829,13.601,-0.321,-2.535,75.811,73.437,72.44,81.016,82.978,56.327,51.933,50.419,64.907,68.916,1001.205,759.18,599.943,468.634,313.814,4859.872,4153.546,3462.5,1344.728,657.346,1.529,1.514,1.497,1.533,1.527,0.348,0.467,0.554,0.134,0.091,0.962,1.389,1.735,0.149,0.053,6.877,6.877,6.877,0.003,0,0.441,0.441,0.441,0,0,0.002,0.002,0.002,0,0,0,0,0,0,0,24.339,21.516,20.058,29.326,31.829,41.8,41.097,36.408,4.835,0.086,7.529,7.363,6.67,0.718,0,0.228,0.221,0.218,0.003,0,0,0,0,0,0,0,0,0,0,0,52.543,48.01,42.321,8.135,2.579,26.178,25.368,22.248,3.718,0.688,10.021,9.983,8.841,1.12,0.038,-1477.996,-1426.004,-1343.084,-63.791,-17.77,4.841,4.841,4.212,0.629,0,9.263,9.263,9.223,0,0,0.8613,0.0217,3968.621156,114.6,0.028876528
AUT,2004,Ver,9.861,13.988,15.892,3.311,2.023,1.304,4.908,6.619,-4.589,-5.584,5.609,9.549,11.451,-0.788,-1.966,79.561,79.552,78.693,80.498,80.781,61.354,59.757,58.622,64.263,65.827,1294.592,999.191,817.153,533.064,321.367,4391.633,3739.195,3111.567,1298.836,660.89,1.546,1.482,1.477,1.657,1.672,0.25,0.317,0.364,0.13,0.111,0.361,0.488,0.587,0.129,0.093,1.222,1.222,1.22,0,0,0.055,0.055,0.055,0,0,0,0,0,0,0,0,0,0,0,0,26.06,23.973,22.9,29.412,29.595,10.425,9.258,8.553,1.969,1.12,0.378,0.33,0.284,0.254,0.2,0,0,0,0.006,0.006,0,0,0,0,0,0,0,0,0,0,12.886,8.197,8.192,3.978,3.825,5.073,3.968,3.968,0.662,0.572,1.402,1.353,1.353,0.061,0.001,-54.467,-12.925,-23.92,-19.496,-41.19,1.425,1.425,1.425,0,0,2.876,2.876,2.862,0.04,0,0.8613,0.0217,3972.87862,9.3,0.002340872
AUT,2005,Cal,9.691,14.409,16.352,3.702,1.158,0.918,4.997,7.097,-4.571,-6.494,5.355,9.82,11.921,-0.594,-2.865,79.13,78.408,78.111,79.485,78.728,60.738,58.363,58.309,62.829,63.453,1331.239,990.626,877.628,434.759,281.345,4475.397,3812.041,3112.349,1327.358,668.522,1.551,1.503,1.496,1.63,1.697,0.257,0.335,0.382,0.135,0.113,0.418,0.58,0.62,0.126,0.103,0.597,0.597,0.597,0.003,0,0.017,0.017,0.017,0,0,0,0,0,0,0,0,0,0,0,0,25.752,23.096,22.584,28.704,29.727,15.776,15.044,13.823,1.566,0.979,0.523,0.506,0.485,0.018,0.018,0,0,0,0,0,0,0,0,0,0,0,0,0,0,0,37.567,23.883,13.916,7.609,7.583,17.387,12.216,7.733,2.4,2.399,5.537,4.588,3.507,0.328,0.328,-413.183,-250.262,-121.256,-55.836,-63.096,1.362,1.302,1.244,0,0,0.918,0.918,0.918,0.014,0,0.8613,0.0217,3977.136084,25.5,0.006411649
AUT,2006,Cal,10.609,14.747,16.868,2.581,-0.089,1.728,5.385,7.396,-5.346,-7.58,6.135,10.184,12.331,-1.541,-3.989,79.567,78.502,77.842,81.851,82.403,60.854,58.111,57.39,65.301,67.575,1195.354,953.782,791.522,452.301,299.441,4576.693,3889.752,3224.069,1333.974,674.534,1.512,1.508,1.491,1.498,1.484,0.27,0.352,0.404,0.118,0.086,0.534,0.737,0.789,0.198,0.076,1.579,1.572,1.429,0,0,0.056,0.056,0.056,0,0,0,0,0,0,0,0,0,0,0,0,25.672,23.567,22.87,30.072,32.466,14.396,13.947,12.738,1.731,0.497,0.788,0.771,0.766,0.034,0.013,0.006,0.006,0.006,0,0,0,0,0,0,0,0,0,0,0,0,37.381,28.808,19.404,19.592,9.645,19.944,15.298,10.406,7.953,3.471,7.492,5.817,4.119,1.752,0.671,-655.612,-500.083,-282.513,-247.732,-124.61,2.752,2.752,1.804,0.118,0.059,3.629,3.402,1.775,0,0,0.8613,0.0217,3981.393548,28,0.007032713
AUT,2007,Ver,11.114,15.23,17.543,6.815,4.833,2.365,5.649,7.608,-1.432,-2.798,6.762,10.582,12.787,2.452,0.722,78.684,76.878,75.52,81.476,82.491,60.38,56.672,54.845,64.002,66.926,1331.108,981.679,779.381,446.454,277.235,4557.566,3919.17,3287.317,1313.376,643.519,1.601,1.536,1.534,1.658,1.686,0.298,0.389,0.457,0.16,0.124,0.768,1.099,1.392,0.325,0.151,5.75,5.75,5.75,0.151,0.008,0.574,0.574,0.574,0,0,0.013,0.013,0.013,0,0,0,0,0,0,0,24.589,21.936,21.098,25.195,26.93,27.369,27.195,25.634,2.625,0.543,3.337,3.337,3.311,0.024,0.018,0.15,0.15,0.15,0,0,0,0,0,0,0,0,0,0,0,0,40.963,35.723,32.575,24.264,12.569,24.541,22.745,21.739,12.231,6.429,11.876,11.35,11.167,4.079,2.199,-916.187,-872.649,-841.942,-463.385,-206.119,10.19,10.19,10.19,0.948,0,7.165,7.165,7.165,1.855,0.228,0.8613,0.0217,3985.651012,32.9,0.008254611
AUT,2008,Cal,10.805,14.464,16.427,4.148,2.506,2.337,5.395,7.275,-3.445,-4.856,6.562,10.04,12.029,0.146,-1.469,79.866,79.076,78.781,80.318,80.344,61.477,59.124,58.799,64.394,65.613,1305.058,1018.215,825.339,473.291,266.375,4408.187,3743.431,3112.928,1291.96,680.907,1.535,1.487,1.449,1.627,1.636,0.261,0.33,0.377,0.139,0.119,0.389,0.509,0.612,0.147,0.132,0.603,0.603,0.601,0,0,0.006,0.006,0.006,0,0,0,0,0,0,0,0,0,0,0,0,24.756,22.965,22.691,28.179,29.668,13.572,11.34,9.08,4.137,2.151,1.249,0.439,0.368,0.904,0.809,0.032,0,0,0.032,0.032,0,0,0,0,0,0,0,0,0,0,18.491,8.8,7.242,12.557,10.18,8.024,3.208,2.746,5.34,4.783,2.232,0.665,0.526,1.709,1.568,-147.273,-49.202,-8.613,-99.707,-68.292,1.562,1.518,1.501,0.027,0.014,0.735,0.733,0.733,0,0,0.8613,0.0217,3989.908476,42.5,0.010651873
AUT,2009,Cal,10.486,14.915,17.584,3.597,1.2,2.054,5.913,8.018,-3.708,-5.689,6.269,10.495,12.94,-0.206,-2.403,80.289,79.159,78.496,82.602,83.008,62.272,59.477,58.232,66.71,68.778,1427.431,1097.031,856.009,596.571,378.315,4479.25,3848.228,3233.415,1249.488,626.627,1.544,1.546,1.465,1.639,1.623,0.258,0.337,0.393,0.121,0.093,0.381,0.537,0.654,0.116,0.078,0.649,0.649,0.642,0.002,0,0.001,0.001,0.001,0,0,0,0,0,0,0,0,0,0,0,0,26.159,24.037,22.875,29.179,31.153,12.362,12.128,11.222,1.905,0.322,0.859,0.857,0.803,0.054,0.002,0,0,0,0,0,0,0,0,0,0,0,0,0,0,0,12.604,7.893,7.213,4.271,4.218,3.191,1.605,1.566,1.539,1.539,0.109,0.053,0.053,0.057,0.057,-158.267,-135.301,-109.863,-55.385,-46.797,3.447,3.447,3.322,0.035,0.031,1.685,1.685,1.448,0.003,0.003,0.8613,0.0217,3992.189524,25.5,0.006387472
AUT,2010,Ver,9.34,13.821,16.143,3.333,1.246,1.04,5.158,7.378,-4.452,-6.24,5.259,9.588,11.939,-0.655,-2.604,80.57,79.046,78.974,81.765,83.185,62.972,59.603,59.48,65.561,68.622,1351.204,1051.947,908.763,447.366,281.157,4302.695,3680.09,3031.408,1288.875,630.46,1.548,1.567,1.544,1.527,1.449,0.247,0.327,0.376,0.127,0.093,0.367,0.523,0.623,0.114,0.044,0.819,0.819,0.819,0.007,0,0.001,0.001,0.001,0,0,0,0,0,0,0,0,0,0,0,0,26.459,23.487,22.798,29.533,30.924,13.781,13.688,11.801,1.102,0.165,0.401,0.401,0.378,0.009,0.002,0,0,0,0,0,0,0,0,0,0,0,0,0,0,0,18.045,17.483,16.314,2.468,1.427,9.013,8.997,8.977,0.15,0.094,3.539,3.539,3.539,0,0,-78.479,-77.668,-64.45,-48.156,5.274,1.621,1.621,1.598,0.149,0,1.041,1.041,1.041,0.237,0,0.8613,0.0217,3994.470571,31.9,0.00798604
AUT,2011,Cal,11.463,15.592,17.849,3.624,1.36,2.214,5.719,7.794,-4.523,-6.506,6.795,10.761,13.015,-0.578,-2.688,78.197,76.657,76.343,81.197,82.627,59.246,56.181,55.601,65.475,68.495,1063.356,881.171,717.175,398.123,259.857,4652.898,3947.007,3252.978,1324.727,660.984,1.493,1.512,1.504,1.528,1.53,0.296,0.384,0.439,0.131,0.097,0.674,0.873,0.982,0.153,0.086,1.801,1.801,1.736,0,0,0.034,0.034,0.034,0,0,0,0,0,0,0,0,0,0,0,0,23.112,21.102,20.414,28.441,31.242,27.641,25.361,21.254,4.31,0.481,2.858,2.57,2.215,0.37,0.048,0.011,0.001,0.001,0,0,0,0,0,0,0,0,0,0,0,0,66.221,37.232,25.318,10.52,2.806,38.189,19.247,12.285,4.31,0.527,16.264,6.922,4.189,1.271,0,-1024.66,-757.71,-600.188,-121.136,-33.832,2.411,2.411,1.943,0.165,0,2.502,2.502,2.348,0,0,0.8613,0.0217,3996.751619,28.7,0.007180832
AUT,2012,Cal,10.842,15.712,17.522,4.533,1.734,2.041,6.057,7.831,-3.506,-5.566,6.466,10.973,12.843,0.293,-2.158,78.641,77.46,77.121,79.014,79.763,60.338,57.155,56.931,61.647,64.166,1353.99,987.81,846.683,442.141,298.531,4530.172,3888.009,3197.711,1403.295,684.926,1.555,1.481,1.469,1.653,1.694,0.289,0.383,0.432,0.159,0.115,0.595,0.851,0.955,0.447,0.262,3.016,3.016,2.805,0.276,0,0.239,0.239,0.239,0,0,0,0,0,0,0,0,0,0,0,0,25.033,22.297,22.093,25.804,27.429,22.886,22.114,17.405,7.499,2.547,2.531,2.497,1.873,0.947,0.273,0.047,0.047,0.041,0.016,0.01,0,0,0,0,0,0,0,0,0,0,31.116,24.969,16.959,44.442,31.786,13.9,11.537,7.202,28.3,20.792,3.539,3.252,2.117,12.227,9.629,-635.773,-583.788,-428.311,-498.952,-288.58,5.098,5.098,3.544,1.821,0,4.054,4.054,3.878,0.271,0,0.8613,0.0217,3999.032667,31.2,0.007801887
AUT,2013,Ver,10.345,14.551,16.85,3.489,1.454,2.081,5.525,7.567,-3.961,-5.365,6.235,10.128,12.369,-0.306,-2.009,80.138,78.291,77.035,83.17,84.232,62.501,58.661,56.985,67.674,70.403,1376.704,983.733,798.456,586.311,391.78,4370.758,3779.788,3172.275,1206.191,591.423,1.519,1.499,1.485,1.51,1.489,0.282,0.375,0.447,0.117,0.089,0.726,1.056,1.362,0.088,0.038,6.486,6.486,6.478,0.001,0,0.879,0.879,0.879,0,0,0.028,0.028,0.028,0,0,0,0,0,0,0,26.138,23.656,22.534,30.105,31.531,19.833,19.81,19.235,1.523,0.045,4.449,4.449,4.44,0.004,0,0.507,0.507,0.507,0,0,0,0,0,0,0,0,0,0,0,0,29.194,27.697,27.697,1.328,0.982,17.261,17.025,17.025,0.015,0.007,7.245,7.245,7.245,0,0,-578.884,-577.88,-601.189,5.002,2.816,4.242,4.242,4.173,0.036,0,5.886,5.886,5.886,0.058,0,0.8613,0.0217,4001.313714,64.9,0.016219673
AUT,2014,Cal,11.598,15.134,16.466,6.074,3.636,3.395,6.084,7.433,-1.699,-3.322,7.45,10.663,12.072,1.991,-0.084,81.661,79.592,79.677,82.833,84.731,63.682,59.634,60.003,66.566,70.575,1446.941,1123.97,957.326,492.4,340.801,4371.611,3785.06,3089.466,1291.234,603.372,1.489,1.481,1.466,1.521,1.526,0.254,0.328,0.358,0.146,0.1,0.361,0.496,0.51,0.192,0.074,1.058,1.058,1.056,0.011,0,0.129,0.129,0.129,0,0,0,0,0,0,0,0,0,0,0,0,24.67,23.396,23.851,26.571,28.793,15.718,15.39,10.763,4.709,0.144,1.469,1.453,1.092,0.383,0.016,0.003,0.003,0.003,0,0,0,0,0,0,0,0,0,0,0,0,23.204,21.234,13.528,9.508,1.962,10.084,9.753,5.605,4.464,0.315,2.309,2.309,1.118,1.191,0.001,-70.906,-53.699,54.796,-118.447,-14.583,2.35,2.35,1.593,0.827,0,1.246,1.246,1.236,0.009,0,0.8613,0.0217,4003.594762,39,0.009741246
AUT,2015,Cal,11.811,15.359,17.706,5.637,3.494,3.054,6.329,8.318,-1.628,-3.232,7.385,10.946,13.211,1.776,-0.103,77.642,76.272,74.697,82.825,84.051,59.007,56.56,54.499,66.609,69.719,1122.599,910.115,706.896,491.456,302.905,4490.298,3803.521,3200.266,1244.7,607.893,1.542,1.524,1.515,1.612,1.631,0.329,0.422,0.504,0.138,0.105,0.932,1.253,1.587,0.149,0.09,6.964,6.964,6.936,0,0,0.937,0.937,0.937,0,0,0.021,0.021,0.021,0,0,0,0,0,0,0,23.333,21.709,20.667,27.174,28.914,32.187,30.729,28.954,1.716,0.222,6.058,5.955,5.876,0.07,0,0.226,0.219,0.219,0,0,0,0,0,0,0,0,0,0,0,0,57.61,31.724,29.305,4.17,2.467,29.308,15.49,15.021,0.663,0.469,9.632,5.956,5.804,0,0,-1084.959,-901.707,-852.118,-58.278,-14.665,4.671,4.67,4.549,0.079,0,6.192,6.192,6.126,0,0,0.8613,0.0217,4005.87581,94.6,0.02361531
AUT,2016,Ver,11.093,14.867,17.324,6.175,5.187,2.681,5.956,7.938,-1.9,-3.052,6.88,10.516,12.809,1.86,0.725,80.272,79.616,78.709,81.406,80.921,61.761,59.566,58.215,64.166,64.383,1400.576,1080.228,883.619,461.74,260.549,4412.849,3784.864,3183.376,1273.769,671.815,1.488,1.451,1.429,1.521,1.539,0.263,0.336,0.394,0.152,0.143,0.38,0.521,0.646,0.255,0.276,0.738,0.738,0.71,0.028,0,0.004,0.004,0.004,0,0,0,0,0,0,0,0,0,0,0,0,24.584,23.119,22.336,25.196,25.327,10.882,8.782,8.07,2.935,1.817,0.422,0.176,0.176,0.111,0.103,0.011,0,0,0.006,0.006,0,0,0,0,0,0,0,0,0,0,21.852,11.723,10.911,32.839,31.947,7.321,3.896,3.481,17.145,16.871,1.089,0.543,0.504,4.373,4.221,-69.513,-17.826,-27.834,-212.957,-211.148,1.264,1.264,1.215,0.043,0.001,1.201,1.201,1.104,0.067,0,0.8613,0.0217,4008.156857,15.8,0.003941961
AUT,2017,Cal,11.12,15.792,17.494,4.729,2.37,2.083,6.229,7.806,-3.323,-5.642,6.623,11.119,12.831,0.484,-1.937,77.99,76.404,75.94,79.971,79.694,59.225,55.795,55.333,63.175,64.018,1297.13,973.888,815.572,421.589,231.555,4588.724,3927.14,3252.353,1304.132,682.288,1.606,1.596,1.556,1.551,1.558,0.311,0.412,0.466,0.146,0.117,0.77,1.107,1.302,0.184,0.117,5.169,5.169,5.169,0.029,0,0.761,0.761,0.761,0,0,0.032,0.032,0.032,0,0,0,0,0,0,0,24.529,21.348,21.529,26.704,28.698,27.608,26.409,21.763,6.306,2.9,2.574,2.423,2.149,0.617,0.397,0.044,0.044,0.044,0.011,0.011,0,0,0,0,0,0,0,0,0,0,49.555,39.13,30.782,19.388,13.353,27.906,22.01,19.414,8.866,6.047,12.16,10.561,9.629,2.571,1.6,-962.692,-898.336,-758.634,-172.645,-90.301,5.453,5.453,5.221,0.281,0,7.56,7.56,7.56,0.097,0,0.8613,0.0217,4010.437905,22.1,0.00551062
AUT,2018,Cal,11.757,16.323,18.908,3.788,1.496,3.376,6.991,9.239,-3.661,-5.367,7.57,11.744,14.253,-0.029,-1.99,79.691,77.415,76.216,82.587,83.708,61.67,57.346,55.743,66.986,69.883,1258.456,926.114,744.895,540.813,374.458,4581.918,3976.927,3336.273,1244.428,606.936,1.496,1.469,1.423,1.611,1.592,0.304,0.407,0.478,0.127,0.092,0.696,0.987,1.127,0.144,0.042,3.827,3.827,3.422,0,0,0.273,0.273,0.269,0,0,0,0,0,0,0,0,0,0,0,0,25.14,22.842,21.928,29.5,31.32,18.353,18.222,17.542,1.452,0.01,1.562,1.562,1.556,0.055,0,0.007,0.007,0.007,0,0,0,0,0,0,0,0,0,0,0,0,29.734,22.798,16.418,4.103,0.319,9.67,8.827,6.274,0.425,0.036,1.729,1.623,1.283,0.001,0,-760.771,-680.638,-529.798,-32.007,11.387,5.046,5.046,4.108,0,0,5.897,5.861,5.084,0,0,0.8613,0.0217,4012.718952,33.4,0.008323533
AUT,2019,Ver,11.674,15.853,17.574,5.574,2.978,3.16,6.678,8.423,-2.136,-4.111,7.405,11.314,13.123,1.542,-0.753,78.745,77.12,76.623,80.418,81.716,60.168,56.686,56.514,63.625,67.033,1320.143,891,731.815,546.539,367.378,4518.763,3862.464,3186.655,1353.884,666.369,1.577,1.524,1.489,1.71,1.694,0.308,0.402,0.457,0.162,0.118,0.695,0.988,1.154,0.34,0.154,3.27,3.27,3.256,0.406,0,0.083,0.083,0.083,0.004,0,0,0,0,0,0,0,0,0,0,0,24.542,21.985,21.888,26.868,29.46,26.226,24.859,21.382,4.46,1.426,3.159,3.114,3.026,0.13,0.044,0.064,0.064,0.064,0,0,0,0,0,0,0,0,0,0,0,0,34.424,33.291,27.797,15.606,7.44,15.847,15.606,14.409,3.672,0.954,5.032,5.028,4.949,0.454,0.108,-807.169,-779.88,-609.389,-334.974,-102.03,4.521,4.509,4.366,0.985,0,3.288,3.247,3.037,0.814,0.036,0.8613,0.0217,4015,25.8,0.006425903
AUT,2020,Cal,11.692,15.264,17.497,6.381,4.426,2.895,5.982,7.888,-1.593,-2.998,7.266,10.767,12.909,2.162,0.428,77.85,76.373,75.721,79.918,81.307,59.058,56.542,55.595,62.542,65.531,1341.185,1066.345,857.053,518.031,365.67,4554.696,3867.892,3226.218,1329.053,656.446,1.494,1.492,1.432,1.624,1.639,0.296,0.377,0.433,0.166,0.127,0.543,0.74,0.911,0.247,0.115,1.856,1.856,1.854,0.014,0,0.067,0.067,0.067,0,0,0,0,0,0,0,0,0,0,0,0,23.469,22.367,21.762,25.308,27.018,29.58,26.881,23.638,6.016,1.81,5.341,5.068,4.812,0.413,0.149,0.227,0.221,0.221,0,0,0,0,0,0,0,0,0,0,0,0,35.702,33.076,29.715,7.95,1.558,19.26,19.224,18.394,1.795,0.128,6.906,6.906,6.849,0.131,0.002,-556.847,-510.978,-485.764,-204.434,-41.515,6.215,6.215,6.117,0.206,0.012,4.17,4.17,4.167,0.253,0.04,0.8613,0.0217,4017.281048,53.5,0.013317465
AUT,2021,Cal,10.643,14.594,16.643,5.002,3.312,1.856,5.216,7.184,-3.059,-4.461,6.291,10.016,12.117,0.787,-0.801,78.498,76.211,76.116,81.373,82.77,59.691,55.754,55.606,64.195,66.547,1287.1,948.412,828.573,489.816,287.443,4644.837,3978.672,3268.353,1341.123,674.566,1.487,1.495,1.483,1.448,1.385,0.289,0.379,0.43,0.145,0.114,0.579,0.82,0.943,0.142,0.107,2.435,2.435,2.434,0,0,0.128,0.128,0.128,0,0,0,0,0,0,0,0,0,0,0,0,25.09,22.462,22.617,27.281,28.314,22.704,21.45,17.864,5.194,2.055,1.685,1.508,1.275,0.511,0.292,0.009,0.006,0.003,0.011,0.009,0,0,0,0,0,0,0,0,0,0,33.086,31.784,25.988,7.168,2.664,19.079,18.874,16.667,2.299,0.207,8.447,8.441,7.941,0.506,0.006,-585.138,-563.88,-443.049,-45.011,-23.617,2.614,2.614,2.467,0.108,0,2.824,2.823,2.809,0,0,0.8613,0.0217,4019.562095,93,0.023136849
AUT,2022,Ver,11.874,15.974,17.644,4.951,2.873,3.042,6.38,8.21,-3.02,-4.296,7.49,11.291,13.142,0.831,-0.816,77.597,75.561,76.252,78.255,81.469,59.006,55.282,56.149,61.309,66.322,1244.803,950.627,856.693,411.559,335.692,4609.89,3956.04,3209.355,1416.563,665.195,1.492,1.412,1.427,1.626,1.702,0.317,0.413,0.459,0.166,0.118,0.613,0.862,0.873,0.407,0.111,3.296,3.296,3.163,0.135,0,0.355,0.355,0.355,0,0,0.004,0.004,0.004,0,0,0,0,0,0,0,24.521,22.317,22.757,26.433,29.529,30.04,29.345,20.972,8.793,0.777,5.256,5.248,2.46,2.795,0.016,0.257,0.257,0.076,0.182,0,0,0,0,0,0,0,0,0,0,0,30.271,28.894,13.654,17.744,1.436,16.504,16.388,4.945,11.674,0.116,7.682,7.681,0.798,6.884,0.001,-566.438,-537.735,-293.57,-330.156,-39.509,5.976,5.976,2.114,3.902,0,3.857,3.857,3.619,0.253,0.002,0.8613,0.0217,4021.843143,268.9,0.066859892
AUT,2023,Cal,11.864,16.031,17.565,6.283,3.582,3.365,6.906,8.431,-1.638,-3.605,7.647,11.583,13.199,2.161,-0.157,79.206,77.701,77.756,82.199,83.517,60.899,57.725,58.059,65.48,68.71,1502.499,1041.326,855.532,458.307,304.644,4452.532,3807.351,3154.833,1270.361,631.095,1.542,1.467,1.419,1.502,1.51,0.304,0.395,0.435,0.153,0.111,0.722,1.039,1.065,0.164,0.087,3.94,3.94,3.337,0,0,0.206,0.206,0.176,0,0,0,0,0,0,0,0,0,0,0,0,24.48,21.769,21.766,26.717,29.255,20.575,20.426,15.532,2.56,0.176,1.552,1.55,1.373,0.12,0.002,0.003,0.003,0.003,0,0,0,0,0,0,0,0,0,0,0,0,47.452,46.2,29.075,3.952,0.659,25.494,25.277,17.195,0.526,0.007,12.994,12.99,8.822,0.025,0,-890.771,-895.22,-537.856,-83.694,-9.646,4.857,4.857,3.97,0.214,0,6.948,6.948,5.144,0,0,0.8613,0.0217,4024.12419,74.6,0.018538195
AUT,2024,Cal,12.545,16.588,18.392,6.951,4.212,3.991,7.628,9.152,-1.045,-3.304,8.172,12.128,13.88,2.772,0.277,79.622,79.351,78.115,80.936,81.661,61.081,59.673,58.21,63.721,66.515,1404.232,1170.176,970.674,651.498,452.011,4429.903,3754.224,3157.927,1288.931,639.382,1.524,1.492,1.467,1.682,1.708,0.306,0.39,0.453,0.178,0.129,0.67,0.894,1.129,0.363,0.083,4.43,4.43,4.43,0.602,0,0.612,0.612,0.612,0.029,0,0.015,0.015,0.015,0,0,0,0,0,0,0,23.756,22.565,22.632,26.16,28.743,17.362,16.279,14.517,5.573,0.407,2.243,2.205,2.159,0.143,0.015,0.087,0.087,0.087,0,0,0,0,0,0,0,0,0,0,0,0,39.854,20.124,18.446,18.816,3.172,19.808,9.152,8.75,8.546,0.581,6.52,3.33,3.312,4.167,0.006,-605.599,-434.817,-435.215,-327.913,-11.007,3.546,3.546,3.541,0.678,0,5.394,5.394,5.394,1.804,0,0.8613,0.0217,4026.405238,43.4,0.010778846
BEL,1990,Cal,13.403,16.665,17.906,9.317,7.522,6.224,8.335,9.202,3.314,2.025,9.874,12.642,13.761,6.182,4.593,79.197,75.081,73.398,83.287,84.601,64.468,58.504,56.353,70.121,72.613,907.76,515.989,403.097,451.448,345.939,4112.03,3697.138,3131.615,998.24,456.763,3.718,3.377,3.177,4.207,4.331,0.336,0.445,0.506,0.182,0.144,1.792,2.593,3.129,0.469,0.333,12.029,12.029,12.029,0,0,0.625,0.625,0.625,0,0,0,0,0,0,0,0,0,0,0,0,21.198,18.761,18.643,22.357,23.568,21.528,21.528,21.524,0.108,0.107,4.671,4.671,4.671,0,0,0.021,0.021,0.021,0,0,0,0,0,0,0,0,0,0,0,0,49.61,42.398,26.299,42.318,33.802,20.18,17.804,10.506,24.983,20.717,2.521,2.515,1.523,8.591,8.24,-2069.126,-2004.994,-1518.081,-563.073,-298.178,31.514,31.514,31.462,0.042,0,24.836,24.836,24.597,0,0,0.4825,0.1238,708.6006625,19,0.02681341
BEL,1991,Cal,12.428,16.134,17.448,7.684,4.751,5.273,8.103,9.035,1.97,-0.302,8.881,12.23,13.425,4.712,2.11,79.487,76.777,75.284,84.321,86.627,64.402,59.811,57.671,71.998,75.673,790.851,466.861,368.763,453.41,325.32,4002.689,3517.158,3021.869,998.302,471.872,3.434,3.262,3.229,3.737,3.741,0.302,0.398,0.453,0.154,0.095,1.835,2.653,3.372,0.383,0.099,14.78,14.78,14.78,0,0,0.383,0.383,0.383,0,0,0,0,0,0,0,0,0,0,0,0,20.162,18.062,17.796,23.541,25.993,12.619,10.378,10.376,1.737,1.733,1.15,0.839,0.839,0.311,0.311,0,0,0,0,0,0,0,0,0,0,0,0,0,0,0,72.536,39.523,33.21,26.144,18.35,43.51,27.537,26.384,11.813,8.779,19.766,16.419,16.419,1.866,1.225,-2074.699,-1851.015,-1456.106,-490.482,-130.327,31.335,31.335,31.333,0.012,0,31.205,31.205,31.205,0.24,0,0.4825,0.1238,708.9342897,19,0.026800791
BEL,1992,Ver,12.855,16.068,18.309,7.472,5.734,6.04,8.409,10.14,1.747,0.38,9.481,12.36,14.385,4.518,2.929,81.371,78.518,76.992,85.383,86.734,66.577,62.156,60.442,72.553,75.126,941.226,677.49,488.585,437.506,279.8,3871.324,3423.525,2963.285,918.682,453.563,3.534,3.459,3.301,3.611,3.592,0.286,0.375,0.441,0.137,0.103,0.954,1.368,1.602,0.25,0.175,0.685,0.685,0.685,0,0,0,0,0,0,0,0,0,0,0,0,0,0,0,0,0,21.476,20.283,19.737,22.584,23.213,5.099,4.574,4.574,0.888,0.885,0.086,0.086,0.086,0,0,0,0,0,0,0,0,0,0,0,0,0,0,0,0,0,15.124,6.283,2.176,28.429,20.057,0.792,0.237,0.002,8.831,7.481,0,0,0,2.122,2.122,-49.829,22.845,284.221,-532.922,-165.638,9.466,9.466,9.457,0,0,3.065,3.065,3.063,0,0,0.4825,0.1238,709.2679169,16,0.022558471
BEL,1993,Cal,12.516,15.859,17.771,7.577,6.552,5.476,8.065,9.714,1.651,1.285,8.988,12.023,13.867,4.505,3.779,80.236,76.865,75.992,84.099,86.755,65.216,59.909,58.615,70.911,75.3,1027.883,611.908,497.573,404.929,318.086,3881.349,3431.525,2849.868,1030.369,450.75,3.63,3.406,3.342,3.841,3.982,0.291,0.386,0.443,0.144,0.106,1.162,1.667,2.005,0.449,0.097,2.738,2.738,2.738,0,0,0,0,0,0,0,0,0,0,0,0,0,0,0,0,0,21.417,19.655,19.826,22.348,24.42,12.746,12.554,9.664,3.229,0.338,0.287,0.287,0.286,0,0,0,0,0,0,0,0,0,0,0,0,0,0,0,0,0,41.774,32.094,16.991,26.246,9.182,16.815,13.446,4.589,12.416,3.522,1.011,0.94,0.304,0.706,0.07,-917.71,-796.108,-615.009,-570.067,-62.765,10.313,10.313,9.23,1.091,0,9.928,9.928,9.928,0.002,0,0.4825,0.1238,709.6015441,11.32,0.015952615
BEL,1994,Cal,13.418,16.424,18.124,7.182,5.434,6.567,8.505,9.98,1.79,0.443,10.054,12.589,14.203,4.415,2.822,81.078,78.025,76.798,85.38,86.643,66.655,61.83,60.003,73.418,75.842,1007.649,687.84,511.821,632.259,435.624,3852.6,3444.09,2948.385,877.036,412.878,3.647,3.481,3.224,4.195,4.132,0.305,0.399,0.463,0.131,0.099,1.086,1.565,1.898,0.15,0.12,3.182,3.182,3.182,0,0,0.122,0.122,0.122,0,0,0,0,0,0,0,0,0,0,0,0,21.569,20.218,19.747,24.394,25.272,9.409,7.918,7.918,1.492,1.492,0.56,0.559,0.559,0.001,0.001,0.069,0.069,0.069,0,0,0,0,0,0,0,0,0,0,0,0,24.421,20.729,18.48,7.634,7.634,8.68,7.809,7.797,0.986,0.986,0.846,0.705,0.705,0.141,0.141,-744.823,-685.459,-596.279,-8.99,-112.705,14.46,14.46,14.456,0,0,17.46,17.46,17.46,0,0,0.4825,0.1238,709.9351713,13,0.018311531
BEL,1995,Ver,13.136,16.69,18.29,8.546,7.667,6.16,8.75,10.033,2.922,2.993,9.693,12.805,14.296,5.715,5.339,80.232,77.401,75.755,85.55,88.171,65.263,60.56,58.73,73.13,77.405,1003.697,571.832,429.704,672.703,478.893,3972.196,3553.127,2983.576,966.439,396.198,3.585,3.292,3.109,4.373,4.494,0.322,0.424,0.495,0.145,0.112,1.543,2.205,2.724,0.248,0.074,11.522,11.522,11.522,0,0,0.115,0.115,0.115,0,0,0,0,0,0,0,0,0,0,0,0,21.565,19.672,19.112,25.055,26.626,18.63,18.63,18.606,0.024,0,1.351,1.351,1.351,0,0,0,0,0,0,0,0,0,0,0,0,0,0,0,0,0,56.982,28.698,22.546,2.303,0.054,26.579,13.663,11.694,0.012,0,8.367,5.063,4.97,0,0,-1438.365,-1136.165,-964.808,-100.521,-8.012,18.188,18.188,18.183,0.005,0,24.404,24.404,24.404,0,0,0.4825,0.1238,710.2687985,1,0.001407918
BEL,1996,Cal,11.283,14.98,16.702,6.799,4.389,4.453,7.089,8.496,1.148,-0.513,7.852,11.103,12.748,3.774,1.72,79.109,76.434,74.831,83.356,84.161,64.546,59.776,57.785,71.015,73.434,775.749,485.508,383.777,287.963,221.854,3893.603,3447.9,2908.325,1033.86,469.509,3.389,3.225,3.213,3.39,3.552,0.284,0.375,0.437,0.142,0.11,1.303,1.89,2.396,0.418,0.249,4.407,4.407,4.407,0,0,0.085,0.085,0.085,0,0,0,0,0,0,0,0,0,0,0,0,21.502,18.453,17.962,23.266,25.216,16.719,16.503,15.656,0.874,0.027,0.801,0.801,0.801,0,0,0,0,0,0,0,0,0,0,0,0,0,0,0,0,0,54.663,26.359,22.968,59.492,49.947,23.842,4.282,4.267,31.722,29.737,9.73,0.389,0.389,12.514,12.421,-1872.328,-1699.431,-1603.859,-725.132,-457.061,17.565,17.565,17.559,0.01,0,15.815,15.815,15.815,0,0,0.4825,0.1238,710.6024257,863,1.214462502
BEL,1997,Cal,12.87,16.429,18.015,6.979,4.35,5.787,8.264,9.447,1.344,-0.717,9.354,12.418,13.863,4.084,1.743,80.266,77.333,75.977,84.748,85.419,65.523,60.25,58.585,72.491,75.076,877.328,573.99,442.865,428.297,315.029,3976.545,3558.883,3039.336,924.903,425.36,3.413,3.139,3.037,3.595,3.721,0.295,0.385,0.441,0.139,0.104,1.256,1.808,2.1,0.2,0.108,1.059,1.059,1.059,0,0,0,0,0,0,0,0,0,0,0,0,0,0,0,0,0,21.577,19.184,18.96,24.474,27.039,7.833,7.822,7.822,0.2,0.2,0.128,0.128,0.128,0,0,0,0,0,0,0,0,0,0,0,0,0,0,0,0,0,40.399,19.311,9.129,25.517,24.579,23.65,6.729,1.171,18.284,18.245,4.044,1.129,0.007,3.134,3.134,-750.71,-584.792,-235.359,-174.469,-122.259,21.66,21.658,18.545,0.001,0,7.958,7.958,5.991,0,0,0.4825,0.1238,710.9431923,8,0.011252657
BEL,1998,Ver,12.346,15.56,17.346,8.177,6.772,5.834,8.45,9.866,2.513,1.732,9.124,12.105,13.699,5.266,4.145,82.127,80.041,78.99,83.913,86.01,68.064,64.538,63.121,71.098,75.133,1098.638,834.116,585.687,441.411,270.5,3574.927,3111.54,2697.394,938.433,441.003,3.762,3.684,3.479,4.01,4.095,0.264,0.34,0.392,0.156,0.12,0.869,1.221,1.58,0.439,0.193,1.614,1.614,1.614,0,0,0,0,0,0,0,0,0,0,0,0,0,0,0,0,0,23.214,22.305,21.739,23.477,24.712,5.354,5.351,4.836,0.516,0,0.057,0.057,0.057,0,0,0,0,0,0,0,0,0,0,0,0,0,0,0,0,0,25.611,10.703,10.702,26.798,17.553,5.835,0.596,0.596,12.173,6.654,0.668,0,0,1.796,0.674,197.439,333.802,233.284,-523.532,-205.541,17.143,17.142,17.142,3.115,0.002,6.182,6.182,6.182,1.967,0,0.4825,0.1238,711.2839588,13,0.018276808
BEL,1999,Cal,13.038,16.798,18.668,6.823,4.908,6.314,9.044,10.494,1.692,0.27,9.733,12.986,14.719,4.244,2.567,81.377,78.03,76.418,86.913,88.039,66.859,61.215,59.246,75.469,78.217,1044.765,627.156,471.54,622.668,368.122,3959.269,3534.446,3019.385,866.408,430.25,3.718,3.411,3.257,4.088,4.077,0.3,0.399,0.466,0.121,0.093,1.05,1.529,1.911,0.074,0.042,3.906,3.906,3.906,0,0,0,0,0,0,0,0,0,0,0,0,0,0,0,0,0,22.511,20.137,19.719,26.446,27.618,6.856,6.856,6.856,0.003,0.003,2.045,2.045,2.045,0,0,0,0,0,0,0,0,0,0,0,0,0,0,0,0,0,4.397,3.74,3.74,1.04,1.04,0.686,0.623,0.623,0.063,0.063,0.004,0.004,0.004,0,0,-338.801,-315.379,-323.847,86.636,-6.021,7.834,7.834,7.834,0,0,6.843,6.843,6.843,0,0,0.4825,0.1238,711.6247254,2.74,0.003850344
BEL,2000,Cal,12.967,16.083,17.852,7.475,5.778,6.606,8.771,10.075,2.212,0.972,9.805,12.471,14.01,4.848,3.422,82.787,80.666,79.568,86.357,88.124,68.788,65.164,63.523,74.308,77.226,1129.531,774.168,591.208,522.812,371.249,3757.593,3345.601,2913.008,897.26,427.969,3.697,3.363,3.119,4.097,4.194,0.256,0.325,0.372,0.131,0.099,0.457,0.644,0.791,0.193,0.085,0.333,0.333,0.333,0,0,0,0,0,0,0,0,0,0,0,0,0,0,0,0,0,22.913,21.541,21.192,24.275,25.767,1.689,1.689,1.671,0.019,0,0.055,0.055,0.055,0,0,0,0,0,0,0,0,0,0,0,0,0,0,0,0,0,1.095,0.276,0.276,0.075,0.074,0.002,0.002,0.002,0,0,0,0,0,0,0,1281.187,1285.056,1184.665,15.631,-18.69,2.606,2.606,2.605,0.001,0,0.378,0.378,0.378,0,0,0.4825,0.1238,711.9654919,0.04,5.62E-05
BEL,2001,Ver,12.676,16.243,17.477,7.992,6.535,5.987,8.812,9.545,3.092,2.094,9.354,12.572,13.631,5.456,4.213,81.78,79.245,77.347,85.618,85.965,67.027,63.119,60.737,73.632,74.995,1154.026,768.646,566.048,646.024,403.729,3851.64,3408.183,2959.09,843.666,423.586,3.581,3.522,3.395,4.243,4.335,0.281,0.371,0.427,0.139,0.121,0.897,1.278,1.563,0.104,0.09,0.826,0.826,0.826,0,0,0,0,0,0,0,0,0,0,0,0,0,0,0,0,0,22.989,22.005,21.142,25.68,25.653,5.466,5.291,5.291,0.018,0.018,0.138,0.138,0.138,0,0,0,0,0,0,0,0,0,0,0,0,0,0,0,0,0,16.666,7.582,7.576,5.341,5.341,2.974,0.944,0.944,1.428,1.428,0.064,0.064,0.064,0,0,-92.678,-25.039,-63.179,105.538,-27.97,6.749,6.749,6.749,0,0,4.106,4.106,4.106,0,0,0.4825,0.1238,712.3062585,0.86,0.001207346
BEL,2002,Cal,13.255,16.314,17.942,8.382,5.787,6.591,8.575,9.957,2.672,0.736,9.947,12.502,14.028,5.519,3.303,81.193,78.294,77.346,85.176,86.943,66.758,61.696,60.546,72.33,75.663,1104.078,627.049,454.542,552.515,426.168,3828.032,3433.199,2899.544,960.669,417.413,3.646,3.307,3.152,4.069,4.216,0.282,0.366,0.416,0.152,0.106,0.876,1.23,1.527,0.314,0.177,0.09,0.09,0.09,0,0,0,0,0,0,0,0,0,0,0,0,0,0,0,0,0,22.171,19.689,19.327,24.125,26.425,5.182,5.136,4.866,0.474,0.203,0.019,0.019,0.019,0,0,0,0,0,0,0,0,0,0,0,0,0,0,0,0,0,18.394,12.186,11.982,7.774,7.567,7.475,6.018,6.018,1.893,1.893,0.306,0.17,0.17,0.136,0.136,-3.83,27.823,117.755,-113.999,-63.121,9.18,9.18,9.179,0.001,0,0.644,0.644,0.644,0,0,0.4825,0.1238,712.647025,7.98,0.011197689
BEL,2003,Cal,13.742,17.658,19.912,7.914,5.759,5.959,8.731,10.592,1.993,0.661,9.878,13.315,15.439,4.861,3.08,77.206,73.182,71.412,83.778,85.941,61.821,55.507,53.429,71.644,75.879,784.137,524.005,404.322,498.972,352.725,4430.773,3915.764,3320.865,1067.627,481.91,3.335,3.095,2.973,3.708,3.758,0.381,0.512,0.604,0.151,0.104,2.01,2.916,3.627,0.261,0.135,10.816,10.816,10.816,0,0,1.482,1.482,1.482,0,0,0,0,0,0,0,0,0,0,0,0,20.209,17.529,17.236,24.535,26.952,27.905,27.88,27.482,0.423,0.025,5.044,5.044,5.044,0,0,0.275,0.275,0.275,0,0,0,0,0,0,0,0,0,0,0,0,65.461,54.736,37.339,21.903,10.256,23.698,21.104,16.119,7.585,2.74,3.62,2.68,2.34,1.28,0.94,-2804.012,-2641.415,-2155.562,-352.013,-90.905,31.373,31.37,30.23,1.139,0.003,25.868,25.868,25.864,0,0,0.4825,0.1238,712.9877916,4.64,0.006507825
BEL,2004,Ver,12.59,16.204,17.888,7.327,6.252,5.797,8.44,9.871,1.718,1.399,9.211,12.373,13.97,4.443,3.742,81.316,77.919,76.964,84.571,86.894,66.305,60.965,59.51,71.658,75.799,914.899,596.599,492.633,455.054,328.97,4028.786,3594.207,3030.602,994.564,445.595,3.516,3.459,3.323,3.884,3.998,0.283,0.377,0.426,0.144,0.111,0.868,1.259,1.493,0.294,0.119,0.085,0.085,0.085,0,0,0,0,0,0,0,0,0,0,0,0,0,0,0,0,0,22.195,20.327,20.14,23.903,25.442,3.067,3.067,2.799,0.268,0,0,0,0,0,0,0,0,0,0,0,0,0,0,0,0,0,0,0,0,0,4.537,1.851,1.155,10.134,4.057,0.089,0.026,0,0.182,0.025,0,0,0,0,0,-192.948,-132.513,-8.202,-387.637,-104.571,5.156,5.156,5.155,0.004,0,0.547,0.547,0.545,0.004,0,0.4825,0.1238,713.3285581,NA,NA
BEL,2005,Cal,13.018,17.003,18.415,7.173,4.959,6.149,8.996,10.093,1.651,0.045,9.612,13.062,14.385,4.337,2.416,81.329,77.924,76.46,86.534,88.588,66.335,60.788,58.571,74.38,77.579,821.65,554.788,453.027,379.454,272.51,4064.294,3608.008,3047.307,1017.769,465.839,3.423,3.211,3.076,3.629,3.567,0.301,0.404,0.459,0.13,0.085,1.193,1.715,1.943,0.25,0.089,3.074,3.074,3.047,0,0,0,0,0,0,0,0,0,0,0,0,0,0,0,0,0,22.074,20.026,19.143,24.757,25.561,6.736,6.703,6.703,0.033,0.033,1.059,1.059,1.059,0,0,0,0,0,0,0,0,0,0,0,0,0,0,0,0,0,23.338,21.863,14.058,4.072,3.627,12.283,11.923,9.199,0.394,0.385,5.117,5.116,5.097,0.001,0.001,-672.485,-609.218,-254.607,-208.804,-60.396,11.247,11.247,11.222,0.001,0,9.359,9.359,9.359,0.002,0,0.4825,0.1238,713.644337,0.025,3.50E-05
BEL,2006,Cal,13.408,17.036,18.982,6.983,4.553,6.665,9.359,10.908,1.57,0.021,10.001,13.213,15.003,4.117,2.146,81.192,78.446,77.082,85.184,87.461,67.035,62.516,60.483,73.498,77.368,987.297,704.315,530.186,384.03,236.394,4046.255,3604.793,3056.503,1003.292,437.188,3.565,3.411,3.185,3.677,3.541,0.309,0.408,0.477,0.141,0.093,1.031,1.464,1.856,0.431,0.14,4.926,4.926,4.926,0.027,0,0.061,0.061,0.061,0,0,0,0,0,0,0,0,0,0,0,0,23.183,21.558,20.328,25.785,26.888,10.716,10.44,10.44,0.276,0.276,2.041,2.041,2.041,0,0,0.095,0.095,0.095,0,0,0,0,0,0,0,0,0,0,0,0,20.752,12.202,12.2,15.218,7.485,8.439,6.022,6.022,5.166,2.442,0.404,0.345,0.345,0.077,0.058,-491.112,-396.57,-311.324,-426.54,-95.287,10.872,10.872,10.871,0.025,0,13.939,13.939,13.939,0,0,0.4825,0.1238,713.9601158,0.1,0.000140064
BEL,2007,Ver,13.363,16.546,18.313,9.786,8.068,6.69,8.851,10.367,4.491,3.502,10.033,12.772,14.453,7.066,5.719,81.83,78.934,77.464,86.172,88.03,67.34,62.772,61.097,73.729,77.053,1084.661,709.94,557.347,556.24,384.082,3892.247,3489.359,2951.823,939.436,396.049,3.641,3.342,3.362,4.319,4.478,0.278,0.362,0.419,0.157,0.118,0.968,1.384,1.759,0.202,0.141,6.126,6.126,6.126,0,0,0.136,0.136,0.136,0,0,0,0,0,0,0,0,0,0,0,0,22.45,21.171,20.884,24.624,25.506,11.94,11.687,11.687,0.243,0.243,2.469,2.469,2.469,0,0,0,0,0,0,0,0,0,0,0,0,0,0,0,0,0,33.371,24.827,24.571,1.862,1.604,16.093,15.775,15.775,0.008,0.008,5.986,5.986,5.986,0,0,380.225,434.008,430.692,-149.312,-67.492,23.262,23.262,23.261,0,0,9.134,9.134,9.134,0,0,0.4825,0.1238,714.2758947,1.14,0.001596022
BEL,2008,Cal,12.618,15.662,17.604,7.817,6.683,6.011,8.313,9.87,2.317,1.506,9.356,12.079,13.853,4.979,3.963,81.599,79.02,77.285,85.211,85.892,66.941,62.623,60.808,72.039,74.003,1036.586,763.866,515.779,524.988,308.734,3858.586,3411.398,2919.552,970.637,460.681,3.596,3.435,3.227,3.96,4.108,0.272,0.351,0.412,0.137,0.119,0.677,0.938,1.212,0.187,0.167,0.164,0.164,0.164,0,0,0,0,0,0,0,0,0,0,0,0,0,0,0,0,0,22.544,21.175,19.767,23.795,23.731,6.963,6.165,6.05,0.923,0.808,0.405,0.405,0.405,0,0,0,0,0,0,0,0,0,0,0,0,0,0,0,0,0,21.243,4.923,4.923,20.139,20.139,8.065,0.793,0.793,6.834,6.834,1.199,0.029,0.029,1.171,1.171,902.221,1039.938,937.96,-88.622,-145.512,4.669,4.669,4.669,0,0,0.95,0.95,0.95,0,0,0.4825,0.1238,714.5916735,NA,NA
BEL,2009,Cal,12.945,16.781,18.834,6.48,4.451,5.917,8.708,10.267,0.916,-0.46,9.487,12.86,14.741,3.639,1.928,80.594,77.449,75.814,86.685,88.032,65.429,60.075,58.175,73.929,77.304,957.891,578.307,431.472,430.382,263.184,3996.421,3596.07,3096.714,911.038,411.69,3.491,3.249,3.111,3.522,3.478,0.303,0.403,0.472,0.116,0.086,1.201,1.747,2.095,0.141,0.094,1.205,1.205,1.012,0,0,0.003,0.003,0.003,0,0,0,0,0,0,0,0,0,0,0,0,21.794,19.068,18.566,25.556,27.389,6.751,6.694,6.015,0.736,0.056,0.131,0.131,0.131,0,0,0,0,0,0,0,0,0,0,0,0,0,0,0,0,0,33.37,16.993,11.763,19.66,19.66,12.55,5.647,3.309,7.66,7.66,2.064,1.91,1.19,0.154,0.154,-1068.842,-998.374,-694.171,-32.763,-77.039,6.545,6.545,5.998,0,0,11.862,11.862,10.602,0,0,0.4825,0.1238,714.9324401,NA,NA
BEL,2010,Ver,11.535,15.922,17.768,6.561,4.469,4.729,7.873,9.232,1.384,-0.052,8.227,12.01,13.705,3.945,2.234,80.372,76.379,75.268,85.065,87.496,65.834,59.374,57.814,73.347,77.792,964.06,595.886,479.889,523.9,395.612,3980.402,3582.786,3028.56,917.143,399.241,3.367,3.279,3.082,3.93,4.022,0.299,0.408,0.47,0.135,0.094,1.063,1.555,1.919,0.271,0.054,3.594,3.594,3.594,0.193,0,0.02,0.02,0.02,0,0,0,0,0,0,0,0,0,0,0,0,23.382,19.587,18.91,27.133,30.075,11.846,11.846,11.799,0.046,0,1.088,1.088,1.088,0,0,0,0,0,0,0,0,0,0,0,0,0,0,0,0,0,15.967,14.245,12.031,10.155,2.765,4.409,4.409,4.392,2.356,0,0.625,0.625,0.625,0.721,0,-761.798,-734.353,-671.049,-368.809,-30.38,10.44,10.44,10.439,0.548,0,9.35,9.35,9.35,1.261,0,0.4825,0.1238,715.5868888,NA,NA
BEL,2011,Cal,13.919,17.292,18.939,6.768,4.26,6.608,8.878,10.358,1.181,-0.23,10.271,13.158,14.803,3.94,2.031,79.642,74.928,73.514,85.914,89.409,64.633,57.675,55.942,74.001,79.646,852.711,503.564,440.509,438.223,361.512,4088.052,3661.794,3061.21,991.612,390.1,3.481,3.292,3.221,3.587,3.614,0.325,0.436,0.498,0.136,0.08,1.548,2.215,2.659,0.271,0.082,7.299,7.299,7.299,0,0,0.156,0.156,0.156,0,0,0,0,0,0,0,0,0,0,0,0,20.801,18.191,18.366,24.587,27.927,27.911,27.896,27.607,0.302,0.015,4.591,4.591,4.591,0,0,0,0,0,0,0,0,0,0,0,0,0,0,0,0,0,86.827,65.077,51.936,13.006,0.865,57.105,43.357,39.395,4.225,0.266,21.174,17.391,17.345,0.046,0,-2089.845,-1772.923,-1333.457,-267.048,-24.257,22.458,22.458,22.31,0.009,0,31.101,31.101,31.101,0,0,0.4825,0.1238,716.2413374,144,0.201049552
BEL,2012,Cal,12.755,16.399,17.698,8.601,6.292,5.922,8.476,9.687,2.565,1.196,9.377,12.521,13.815,5.436,3.594,81.513,78.849,77.656,85.063,86.9,66.98,62.316,60.924,72.301,76.119,1054.386,714.342,553.287,424.064,346.559,3952.55,3536.209,2983.877,1028.867,453.532,3.503,3.289,3.283,3.681,3.905,0.278,0.368,0.415,0.15,0.1,0.818,1.178,1.419,0.465,0.199,0.527,0.527,0.527,0,0,0,0,0,0,0,0,0,0,0,0,0,0,0,0,0,22.436,20.735,20.717,23.228,25.612,4.558,3.401,3.194,1.367,1.158,0.043,0.035,0.035,0.007,0.007,0,0,0,0,0,0,0,0,0,0,0,0,0,0,0,30.421,21.744,14.665,37.685,29.561,10.697,8.664,5.665,18.518,15.516,0.026,0.026,0.026,3.782,3.782,-68.66,-9.003,115.323,-745.432,-357.305,7.485,7.485,6.742,0.881,0,6.178,6.178,6.178,0,0,0.4825,0.1238,716.8957861,NA,NA
BEL,2013,Ver,12.13,15.765,17.773,6.198,4.683,5.473,8.113,9.673,1.005,0.256,8.877,12.024,13.86,3.621,2.528,81.096,77.705,76.743,85.664,88.524,66.735,61.519,59.698,74.602,78.703,940.858,614.014,461.891,499.115,317.942,3828.765,3422.001,2915.677,916.28,403.812,3.473,3.312,3.154,3.766,3.84,0.286,0.382,0.443,0.125,0.087,1.075,1.569,1.982,0.101,0.054,2.036,2.036,2.036,0,0,0,0,0,0,0,0,0,0,0,0,0,0,0,0,0,23.1,20.808,19.401,27.335,28.432,3.698,3.698,3.66,0.038,0,0.005,0.005,0.005,0,0,0,0,0,0,0,0,0,0,0,0,0,0,0,0,0,8.429,6.148,6.017,1.099,1.071,0.468,0.455,0.455,0.007,0.007,0,0,0,0,0,-637.765,-601.115,-588.267,10.343,-34.881,13.417,13.417,13.348,0,0,7.831,7.831,7.831,0,0,0.4825,0.1238,716.8822179,NA,NA
BEL,2014,Cal,14.012,17.268,18.44,9.187,6.986,7.179,9.315,10.418,3.55,2.397,10.615,13.352,14.541,6.29,4.623,81.778,78.672,77.609,85.093,87.481,66.701,61.364,59.943,71.965,76.167,982.981,637.442,514.509,497.687,376.863,3971.592,3567.377,2981.151,978.847,392.263,3.449,3.065,2.99,4.14,4.42,0.291,0.378,0.421,0.165,0.114,0.9,1.296,1.571,0.276,0.089,1.212,1.212,1.212,0,0,0,0,0,0,0,0,0,0,0,0,0,0,0,0,0,21.486,19.538,19.544,23.463,25.441,5.426,5.426,4.184,1.242,0,0.028,0.028,0.028,0,0,0,0,0,0,0,0,0,0,0,0,0,0,0,0,0,39.27,39.179,25.391,15.113,1.211,16.232,16.228,6.95,9.284,0.006,3.941,3.941,1.13,2.81,0,-537.513,-527.369,-342.352,-263.511,-7.901,4.777,4.777,4.708,0.138,0,3.703,3.703,3.703,0,0,0.4825,0.1238,716.8686497,NA,NA
BEL,2015,Cal,13.557,16.533,18.489,8.223,6.128,6.421,8.251,9.674,2.671,1.252,10.06,12.524,14.302,5.404,3.651,80.083,76.075,73.42,87.432,89.162,64.767,58.605,55.355,74.981,78.572,886.365,545.891,427.547,512.593,343.597,4015.187,3566.211,3072.757,941.984,433.72,3.646,3.332,3.354,3.752,3.835,0.329,0.434,0.52,0.129,0.094,1.403,2.023,2.563,0.151,0.083,5.208,5.208,5.208,0,0,0.032,0.032,0.032,0,0,0,0,0,0,0,0,0,0,0,0,21.095,18.687,17.973,24.989,26.611,14.896,14.896,14.896,0,0,1.028,1.028,1.028,0,0,0,0,0,0,0,0,0,0,0,0,0,0,0,0,0,33.283,30.907,23.855,7.143,0.091,13.412,13.258,13.147,0.115,0.004,2.851,2.851,2.851,0,0,-1575.781,-1522.678,-1430.813,-63.997,-13.403,13.092,13.092,13.073,0.016,0,15.334,15.334,15.334,0,0,0.4825,0.1238,716.8550815,NA,NA
BEL,2016,Ver,13.136,16.551,18.772,8.638,8.019,6.347,8.82,10.671,3.432,3.339,9.751,12.732,14.813,5.987,5.661,82.054,79.333,77.834,86.711,87.754,67.579,62.987,61.323,74.732,77.068,1012.738,666.512,517.294,548.666,407.822,3952.93,3510.75,3005.434,920.945,437.051,3.381,3.107,3.021,4.111,4.534,0.282,0.37,0.435,0.136,0.121,1.109,1.588,1.821,0.217,0.127,1.641,1.641,1.577,0,0,0,0,0,0,0,0,0,0,0,0,0,0,0,0,0,22.045,20.491,19.881,24.802,25.809,1.831,1.831,1.831,0,0,0.002,0.002,0.002,0,0,0,0,0,0,0,0,0,0,0,0,0,0,0,0,0,66.691,44.699,21.148,2.497,2.382,39.882,27.952,10.552,0.154,0.154,9.585,8.896,2.3,0,0,-1090.008,-886.64,-97.992,-74.646,-50.436,11.85,11.85,10.517,0.005,0,18.775,18.775,14.376,0,0,0.4825,0.1238,717.1755218,NA,NA
BEL,2017,Cal,13.625,17.533,18.86,7.973,5.676,6.518,9.359,10.315,2.171,0.643,10.174,13.602,14.798,4.973,3.046,80.561,76.589,75.066,85.172,87.09,65.952,59.674,57.608,72.912,76.922,953.924,590.094,465.578,371.497,238.43,4000.163,3582.522,3044.779,993.538,451.318,3.404,3.264,3.032,3.481,3.492,0.324,0.438,0.498,0.147,0.102,1.174,1.712,2.057,0.501,0.157,4.057,4.057,4.057,0.064,0,0.03,0.03,0.03,0,0,0,0,0,0,0,0,0,0,0,0,21.88,19.357,19.189,22.929,24.753,8.21,8.21,8.136,0.073,0,0.366,0.366,0.366,0,0,0,0,0,0,0,0,0,0,0,0,0,0,0,0,0,41.602,38.752,36.343,50.679,24.834,11.98,11.637,11.506,29.803,12.273,4.705,4.705,4.705,7.285,0.689,-1348.106,-1297.983,-1214.362,-1062.657,-227.338,10.838,10.838,10.796,1.373,0,13.31,13.31,13.31,4.399,0,0.4825,0.1238,717.495962,NA,NA
BEL,2018,Cal,14.671,18.684,21.01,7.696,5.757,7.012,9.734,11.541,2.309,0.92,10.88,14.327,16.492,4.948,3.315,77.079,72.805,70.622,85.686,87.519,61.157,54.816,52.351,73.366,76.653,839.141,481.952,361.017,536.928,405.648,4371.044,3884.909,3361.947,928.991,454.993,3.404,3.094,2.934,3.949,3.991,0.417,0.565,0.666,0.134,0.096,3.239,4.716,5.555,0.218,0.127,32.435,32.435,31.937,0,0,8.814,8.814,8.814,0,0,0.176,0.176,0.176,0,0,0,0,0,0,0,19.484,16.928,16.159,24.975,26.567,37.038,34.081,32.609,3.275,2.957,5.985,5.985,5.985,0,0,0.388,0.388,0.388,0,0,0,0,0,0,0,0,0,0,0,0,96.284,81.217,55.365,8.356,4.409,66.424,58.687,38.28,4.681,2.383,42.423,39.876,26.822,1.446,0.196,-3814.442,-3582.39,-2782.79,-79.677,-72.162,46.942,46.942,41.907,0.001,0,47.507,47.507,45.45,0,0,0.4825,0.1238,717.8164023,NA,NA
BEL,2019,Ver,14.043,17.55,19.349,9.165,7.183,6.76,9.304,10.398,3.071,1.782,10.443,13.533,15.022,6.02,4.35,78.764,74.748,72.197,83.966,86.419,63.357,57.299,53.871,70.577,74.914,1001.847,648.544,399.161,477.993,326.635,4209.048,3740.642,3272.392,1019.625,481.525,3.565,3.419,3.112,3.84,3.779,0.365,0.486,0.575,0.182,0.125,1.822,2.646,3.451,0.942,0.249,12.8,12.8,12.8,0.498,0,0.129,0.129,0.129,0,0,0,0,0,0,0,0,0,0,0,0,21.124,19.035,17.582,22.523,24.227,21.284,20.45,20.45,1.823,0.668,1.591,1.562,1.562,0,0,0.066,0.066,0.066,0,0,0,0,0,0,0,0,0,0,0,0,38.926,28.891,27.845,43.129,20.176,14.755,9.229,8.804,29.413,10.88,5.632,2.901,2.894,16.893,5.082,-2096.477,-1991.64,-1996.999,-1120.835,-288.169,20.009,20.007,20.005,5.038,0.001,26.863,26.863,26.863,2.056,0,0.4825,0.1238,718.1368425,NA,NA
BEL,2020,Cal,14.751,18.021,20.332,9.046,7.586,7.339,9.389,10.789,3.666,2.665,11.133,13.846,15.779,6.296,5.097,76.209,70.23,66.776,85.253,87.953,60.991,52.82,48.239,73.205,76.965,930.794,528.364,316.093,666.294,441.998,4268.847,3839.643,3327.072,941.633,416.332,3.739,3.43,3.103,4.409,4.51,0.427,0.579,0.702,0.154,0.114,3.088,4.546,5.944,0.206,0.078,27.592,27.592,27.592,0,0,2.561,2.561,2.561,0,0,0,0,0,0,0,0,0,0,0,0,20.08,17.389,15.538,24.761,26.298,52.004,52.004,49.535,2.635,0.166,13.16,13.16,13.16,0.029,0.029,0.336,0.336,0.336,0,0,0,0,0,0,0,0,0,0,0,0,116.281,113.588,110.409,4.392,1.213,74.62,74.585,74.467,0.118,0,27.895,27.895,27.895,0,0,-4737.031,-4681.121,-4676.826,-47.787,-5.603,51.377,51.377,51.118,0.26,0,69.802,69.802,69.802,0,0,0.4825,0.1238,718.4572827,NA,NA
BEL,2021,Cal,12.813,16.044,17.485,8.468,7.052,6.015,8.248,9.517,3.031,2.076,9.45,12.208,13.629,5.694,4.525,82.503,79.401,78.652,85.494,87.389,67.978,62.753,61.983,73.199,76.861,1177.605,815.651,632.175,569.181,377.187,3979.94,3549.486,2998.069,973.256,458.943,3.365,3.281,3.12,3.888,3.812,0.26,0.341,0.381,0.151,0.118,0.579,0.81,0.986,0.2,0.165,0.079,0.079,0.079,0,0,0,0,0,0,0,0,0,0,0,0,0,0,0,0,0,22.961,21.247,21.205,24.636,25.585,4.632,3.718,3.028,1.604,0.915,0.08,0,0,0.08,0.08,0,0,0,0,0,0,0,0,0,0,0,0,0,0,0,14.376,8.171,1.271,15.103,8.202,6.337,4.481,0.104,6.268,1.891,1.584,1.345,0.01,1.573,0.239,720.501,785.237,808.261,-108.816,-113.022,3.552,3.552,3.547,0.005,0,0.476,0.476,0.476,0,0,0.4825,0.1238,718.777723,NA,NA
BEL,2022,Ver,14.761,18.478,19.879,8.862,6.772,7.195,9.597,10.766,2.825,1.825,11.05,14.156,15.542,5.802,4.317,76.873,71.645,69.849,85.459,89.723,61.192,53.706,51.422,72.668,78.946,935.162,551.561,421.94,485.851,345.437,4350.76,3917.401,3277.637,1023.327,410.176,3.401,3.07,2.973,3.648,3.709,0.416,0.563,0.652,0.154,0.091,2.492,3.665,4.632,0.291,0.059,19.777,19.777,19.777,0,0,4.755,4.755,4.755,0,0,0.02,0.02,0.02,0,0,0,0,0,0,0,20.009,17.188,16.773,23.477,25.917,35.473,35.473,32.51,2.963,0,9.016,9.016,9.016,0,0,1.55,1.55,1.55,0,0,0,0,0,0,0,0,0,0,0,0,89.584,88.733,63.785,24.977,0.029,54.86,54.86,35.378,19.481,0,21.334,21.334,9.822,11.511,0,-3180.847,-3162.544,-2790.114,-343.039,-5.335,39.257,39.257,38.195,1.061,0,46.499,46.499,46.462,0.038,0,0.4825,0.1238,719.0981632,NA,NA
BEL,2023,Cal,14.242,17.699,19.386,9.212,7.148,7.525,9.797,11.019,3.943,2.589,10.937,13.85,15.358,6.493,4.795,80.456,76.757,74.801,85.909,87.369,66.112,60.558,57.874,73.79,76.528,1174.885,782.944,508.852,577.387,328.445,4054.508,3652.008,3163.941,942.708,441.213,3.829,3.509,3.267,3.989,4.003,0.338,0.449,0.522,0.154,0.116,1.646,2.395,2.994,0.195,0.152,12.379,12.379,12.379,0,0,1.107,1.107,1.107,0,0,0,0,0,0,0,0,0,0,0,0,22.416,20.476,19.188,24.601,25.357,15.276,15.226,15.186,0.09,0.05,3.609,3.609,3.609,0,0,0,0,0,0,0,0,0,0,0,0,0,0,0,0,0,32.039,31.03,27.272,3.86,1.809,19.232,19.053,18.284,0.827,0.178,11.801,11.761,11.561,0.24,0.04,-829.872,-786.035,-632.366,-26.353,-65.245,23.535,23.535,23.126,0.004,0,20.189,20.189,20.185,0,0,0.4825,0.1238,719.4186035,12,0.016680136
BEL,2024,Cal,13.976,17.308,18.698,9.481,7.34,7.507,9.997,11.034,4.472,3.099,10.787,13.725,14.992,6.948,5.22,83.06,80.76,79.625,85.723,87.56,69.003,64.862,63.609,73.674,77.08,1246.956,876.039,667.806,712.617,485.676,3781.44,3390.061,2908.949,872.051,369.635,3.523,3.263,3.213,4.381,4.664,0.273,0.354,0.403,0.16,0.113,0.452,0.612,0.742,0.263,0.069,0,0,0,0,0,0,0,0,0,0,0,0,0,0,0,0,0,0,0,0,23.167,22.119,22.144,25.801,27.018,0.148,0.148,0.148,0,0,0,0,0,0,0,0,0,0,0,0,0,0,0,0,0,0,0,0,0,0,5.99,0.318,0.002,6.11,4.087,0.087,0,0,0.207,0.086,0,0,0,0,0,1484.86,1552.204,1460.231,-155.745,-8.951,0.225,0.225,0.225,0.407,0,0.008,0.008,0.008,0.004,0,0.4825,0.1238,719.7390437,NA,NA
BGR,1990,Cal,16.481,20.898,22.875,9.199,6.228,8.288,11.658,13.622,2.181,0.09,12.39,16.354,18.378,5.58,3.042,71.546,67.058,66.126,75.806,77.974,53.488,46.974,45.757,60.56,64.353,393.308,273.665,245.708,138.169,86.371,5113.067,4437.163,3639.756,1469.367,690.439,3.053,2.981,2.888,3.484,3.566,0.549,0.733,0.838,0.249,0.178,6.517,9.078,10.265,2.056,1.042,23.648,23.648,23.629,0,0,1.045,1.045,1.045,0,0,0,0,0,0,0,0,0,0,0,0,15.543,14.082,14.296,16.812,18.044,75.142,74.156,64.94,9.247,1.22,12.013,12.012,11.188,0.803,0.007,0.017,0.017,0.017,0,0,0,0,0,0,0,0,0,0,0,0,115.499,91.485,62.321,41.622,16.881,46.811,38.963,20.311,22.135,4.44,13.764,11.545,7.778,4.74,1.077,-2631.739,-1529.54,-562.969,-1181.709,-927.529,161.456,149.158,105.169,39.521,10.088,159.21,142.294,108.32,13.429,0.012,0.301,0.2934,3809.257306,1041,0.273281618
BGR,1991,Cal,14.445,19.457,22.001,8.153,6.228,7.355,11.626,13.808,1.775,0.409,10.855,15.491,17.912,4.847,3.221,76.451,74.504,74.03,79.328,80.893,60.512,56.484,55.419,64.847,67.821,561.395,458.73,405.972,172.05,133.064,4671.275,4037,3407.138,1289.235,646.939,3.14,3.025,2.927,3.159,3.238,0.412,0.549,0.63,0.202,0.152,3.672,4.874,5.322,1.807,1.196,6.507,6.507,5.577,0.019,0,0.294,0.294,0.264,0,0,0,0,0,0,0,0,0,0,0,0,19.048,17.049,17.22,19.352,20.87,20.693,20.629,19.634,1.801,0.251,2.432,2.432,2.346,0.028,0,0.053,0.053,0.053,0,0,0,0,0,0,0,0,0,0,0,0,37.341,13.759,9.654,16.231,11.627,13.336,3.397,2.254,5.304,4.347,4.08,0.486,0.287,1.27,1.166,462.613,1745.33,1961.81,-996.727,-634.228,110.178,89.332,67.895,38.958,14.507,81.417,57.312,42.624,37.751,16.916,0.301,0.2934,3813.422037,511,0.134000379
BGR,1992,Ver,15.011,20.047,22.438,7.334,4.446,7.245,11.426,13.517,0.947,-1.488,11.144,15.825,18.093,4.004,1.364,71.708,69.328,67.376,77.926,79.275,54.49,50.497,48.313,63.322,66.109,474.091,353.162,254.353,185.861,92.825,4918.437,4211.516,3578.97,1349.763,697.262,3.275,3.179,3.051,3.442,3.355,0.512,0.681,0.8,0.207,0.142,6.047,8.485,10.271,2.13,1.333,33.398,33.397,33.018,0.93,0,1.878,1.878,1.878,0.03,0,0.003,0.003,0.003,0,0,0,0,0,0,0,17.119,15.203,14.553,20.935,23.102,59.778,57.944,54.532,2.771,0.856,12.641,12.489,12.302,0.151,0.049,0.141,0.141,0.141,0,0,0,0,0,0,0,0,0,0,0,0,87.103,54.124,47.003,56.753,51.603,37.109,17.073,14.441,29.555,28.215,13.696,5.901,4.909,10.723,10.503,-771.835,124.717,458.361,-2231.685,-1937.922,118.659,109.968,101.084,37.892,21.468,102.977,95.051,82.089,40.699,25.839,0.301,0.2934,3817.586768,5243,1.373380703
BGR,1993,Cal,14.447,19.308,21.888,7.189,4.936,6.65,10.836,13.12,0.428,-1.291,10.555,15.126,17.617,3.76,1.724,72.764,71.374,69.199,74.954,73.799,56.194,53.273,50.221,60.239,59.725,450.331,345.897,260.633,229.527,116.92,4934.097,4215.719,3546.271,1377.078,718.485,3.313,3.108,3.034,3.634,3.661,0.475,0.625,0.738,0.226,0.19,5.947,7.955,8.957,1.892,1.394,19.344,18.876,16.959,0.38,0.001,0.803,0.803,0.64,0,0,0,0,0,0,0,0,0,0,0,0,18.041,16.542,15.159,19.884,19.062,51.871,48.025,45.556,7.517,4.606,4.519,4.502,4.454,0.293,0.121,0.001,0.001,0.001,0,0,0,0,0,0,0,0,0,0,0,0,95.999,55.505,35.312,33.273,27.212,42.954,17.643,4.993,18.575,16.141,18.742,5.666,0.73,8.108,7.138,-1200.767,440.693,729.854,-928.754,-882.385,152.078,124.33,100.362,28.244,20.044,126.354,105.075,79.998,20.65,7.865,0.301,0.2934,3821.7515,18164,4.752794629
BGR,1994,Cal,16.311,21.432,24.065,8.194,5.354,8.321,12.626,15.064,1.318,-0.827,12.293,17.06,19.624,4.662,2.177,70.961,67.385,65.943,77.276,79.916,53.285,47.889,45.939,62.57,67.125,392.641,314.966,263.4,124.441,88.958,5009.003,4308.437,3610.45,1388.539,677.956,3.127,3.069,2.96,3.357,3.46,0.572,0.771,0.905,0.22,0.143,7.577,10.202,11.854,3.039,1.578,33.761,33.652,31.386,2.385,0.468,2.619,2.619,2.295,0.163,0,0.044,0.044,0.026,0,0,0,0,0,0,0,15.272,14.125,13.73,18.493,20.485,74.799,72.634,67.549,6.747,1.674,18.459,18.203,17.709,0.724,0.256,0.341,0.341,0.341,0,0,0,0,0,0,0,0,0,0,0,0,156.272,105.922,73.723,75.659,32.041,86.8,58.147,43.757,40.938,18.169,42.43,31.2,24.657,19.002,10.314,-3063.938,-1234.158,-303.84,-2566.713,-1484.894,181.423,150.77,121.742,56.162,17.527,167.396,136.289,109.531,52.225,19.663,0.301,0.2934,3825.916231,18100,4.730892918
BGR,1995,Ver,15.044,20.096,22.599,8.371,5.78,7.391,11.704,14.027,1.528,-0.571,11.241,15.976,18.443,4.848,2.494,73.739,70.201,68.563,77.597,79.51,57.181,51.512,49.575,62.903,66.237,565.265,374.608,309.656,214.621,131.886,4877.228,4204.303,3517.616,1370.228,703.116,3.204,3.093,3.036,3.501,3.429,0.497,0.672,0.792,0.228,0.165,4.824,7,8.237,3.082,2.05,20.871,20.871,20.846,2.375,0.109,0.727,0.727,0.727,0.324,0,0.002,0.002,0.002,0.018,0,0,0,0,0,0,18.29,15.807,15.652,19.46,20.81,46.408,46.057,43.824,4.793,0.99,9.013,9.013,8.949,0.074,0,0.001,0.001,0,0,0,0,0,0,0,0,0,0,0,0,0,25.106,24.936,22.486,43.542,34.358,0.707,0.662,0.244,25.48,21.209,0.026,0.026,0.006,10.525,7.735,1552.717,761.134,1012.95,-1491.824,-990.465,112.692,111.272,88.465,45.577,25.621,75.481,75.056,67.039,50.326,31.05,0.301,0.2934,3830.080962,549,0.143339007
BGR,1996,Cal,14.214,19.087,22.378,4.747,2.234,6.888,10.904,13.598,-1.208,-3.21,10.614,15.084,18.138,1.748,-0.476,74.863,70.53,67.55,80.047,81.52,59.48,52.729,49.144,67.641,71.113,581.369,353.562,271.478,273.413,220.162,4824.976,4213.484,3618.383,1228.926,611.914,3.271,3.175,3.142,3.364,3.493,0.492,0.673,0.826,0.161,0.113,6.135,8.889,11.433,1.12,0.259,47.173,47.173,47.173,0.025,0,7.07,7.07,7.07,0,0,0.091,0.091,0.091,0,0,0,0,0,0,0,20.101,16.641,14.634,25.267,27.143,58.04,57.302,57.26,0.639,0.147,18.267,18.267,18.267,0.064,0,0.252,0.252,0.252,0.001,0,0,0,0,0,0,0,0,0,0,0,40.532,40.038,39.858,2.696,0.643,14.301,14.23,14.159,0.604,0.116,4.296,4.296,4.296,0.02,0,2396.171,1711.886,921.935,981.126,801.905,120.799,116.686,107.01,18.596,0.985,76.315,76.16,76.16,8.44,0.425,0.301,0.2934,3834.245693,2150,0.560736106
BGR,1997,Cal,13.941,18.502,21.081,7.441,5.427,6.477,10.425,12.924,0.687,-1.084,10.26,14.543,17.095,4.072,2.199,75.525,72.286,72.433,79.806,82.532,59.736,54.244,54.383,66.281,71.098,696.801,563.162,454.348,247.292,154.516,4874.425,4166.197,3465.532,1389.226,712.398,3.208,3.174,3.118,3.292,3.293,0.402,0.537,0.614,0.189,0.14,2.44,3.409,3.855,1.033,0.63,0.319,0.319,0.319,0,0,0.023,0.023,0.023,0,0,0,0,0,0,0,0,0,0,0,0,20.233,17.503,17.75,23.075,26.329,25.95,24.088,20.033,4.775,0.977,1.442,1.051,0.796,0.255,0,0,0,0,0,0,0,0,0,0,0,0,0,0,0,0,0.917,0.738,0.71,0.179,0.179,0.036,0,0,0.036,0.036,0.002,0,0,0.002,0.002,3922.352,3128.252,2971.245,1228.748,752.09,80.726,77.255,61.708,20.631,4.02,30.036,30.036,24.245,0.155,0.155,0.301,0.2934,3838.410424,777,0.202427545
BGR,1998,Ver,15.311,20.531,23.347,7.829,6.242,7.62,12.132,14.612,1.307,0.275,11.481,16.387,19.08,4.467,3.127,72.919,69.941,68.44,77.995,80.703,56.68,51.774,49.651,63.807,68.239,519.202,378.126,267.328,250.653,154.802,4923.074,4241.919,3590.53,1334.849,656.947,3.326,3.297,3.133,3.444,3.355,0.515,0.692,0.822,0.201,0.147,5.548,7.91,9.978,1,0.514,32.534,32.534,32.47,0,0,3.702,3.702,3.702,0,0,0.01,0.01,0.01,0,0,0,0,0,0,0,18.092,15.481,14.98,19.792,21.388,49.347,48.665,46.4,4.455,2.218,11.547,11.503,11.483,0.435,0.435,0.376,0.376,0.376,0,0,0,0,0,0,0,0,0,0,0,0,31.041,31.041,31.008,0.03,0,3.068,3.068,3.068,0,0,0.575,0.575,0.575,0,0,1262.781,647.397,253.619,880.694,682.67,115.394,108.655,100.43,14.439,3.832,77.432,77.432,76.461,5.791,0,0.301,0.2934,3842.575156,6967,1.813107023
BGR,1999,Cal,16.106,20.774,23.358,7.544,4.451,8.506,12.641,14.997,0.784,-1.906,12.277,16.707,19.234,4.07,1.206,75.254,72.162,70.567,79.952,81.355,58.793,54.192,52.616,66.155,69.133,607.368,450.622,363.482,252.61,143.421,4931.453,4228.066,3563.071,1356.754,694.128,3.209,3.134,3.091,3.335,3.233,0.492,0.659,0.779,0.194,0.139,4.209,5.877,7.132,1.047,0.666,13.428,13.42,13.406,0.064,0,0.971,0.971,0.971,0,0,0.024,0.024,0.024,0,0,0,0,0,0,0,18.076,16.576,16.416,21.692,24.064,33.355,33.123,32.259,0.904,0.222,5.496,5.496,5.415,0.021,0,0.163,0.163,0.163,0,0,0,0,0,0,0,0,0,0,0,0,9.896,8.543,7.909,0.166,0.134,0.721,0.037,0.011,0.018,0.018,0.175,0,0,0,0,2276.537,2040.606,1759.344,1134.269,641.977,97.312,89.996,79.133,14.393,6.14,51.366,49.908,45.549,0.971,0,0.301,0.2934,3846.739887,8291,2.155331591
BGR,2000,Cal,16.144,20.943,23.836,7.744,5.252,8.133,11.984,14.484,0.823,-1.197,12.168,16.528,19.289,4.301,2.091,71.556,66.107,63.448,78.924,80.959,54.739,47.383,44.473,64.507,68.493,463.776,313.994,273.107,266.914,187.639,5124.222,4422.096,3698.411,1418.093,718.91,3.227,3.26,3.184,3.406,3.471,0.592,0.813,0.982,0.202,0.147,7.344,10.407,12.701,1.2,0.742,51.463,51.427,51.132,0.023,0.008,5.015,5.015,5.002,0,0,0.007,0.007,0.007,0,0,0,0,0,0,0,17.212,14.275,13.992,21.35,23.898,76.689,76.294,74.648,1.745,0.226,30.796,30.796,30.794,0.081,0,2.497,2.497,2.497,0.001,0,0,0,0,0,0,0,0,0,0,0,40.785,36.821,36.543,1.852,1.218,5.024,3.626,3.626,0.692,0.666,0.374,0.223,0.223,0.175,0.175,642.357,554.542,440.531,684.817,397.745,152.581,141.507,113.606,18.343,7.095,92.198,87.796,83.925,5.817,1.457,0.301,0.2934,3850.904618,57915.4,15.03942729
BGR,2001,Ver,15.887,21.332,23.568,9.862,7.844,7.884,12.407,14.516,3.387,2.139,11.901,16.924,19.145,6.441,4.788,70.785,67.981,66.104,78.633,80.534,53.777,49.11,47.063,63.41,66.473,482.602,355.47,272.711,183.645,113.108,5090.924,4397.61,3695.131,1371.658,678.764,3.334,3.2,3.198,3.289,3.175,0.578,0.777,0.91,0.224,0.167,6.84,9.403,11.046,2.265,1.528,38.224,38.142,37.689,0.331,0.036,9.086,9.086,9.078,0.013,0,0.642,0.642,0.642,0,0,0,0,0,0,0,16.791,15.011,14.528,17.712,18.235,65.96,63.372,57.713,3.439,0.556,15.898,15.722,15.576,0.015,0,1.303,1.303,1.301,0,0,0,0,0,0,0,0,0,0,0,0,57.146,37.067,32.299,21.601,21.126,16.13,4.358,3.874,12.194,12.194,6.168,1.279,1.125,4.806,4.806,-694.751,299.919,505.59,-771.665,-885.435,133.594,119.094,97.28,43.317,16.864,102.608,90.625,72.837,8.924,5.053,0.301,0.2934,3855.069349,20173.035,5.232859171
BGR,2002,Cal,16.412,21.392,23.907,8.561,5.37,8.259,12.659,14.85,0.978,-1.763,12.316,17.063,19.452,4.7,1.752,70.391,66.419,64.718,74.643,76.991,53.099,47.501,45.226,58.959,63.006,488.88,384.249,254.603,204.466,106.15,5058.753,4324.345,3657.11,1449.904,751.386,3.217,3.175,3.001,3.412,3.469,0.603,0.81,0.953,0.271,0.187,7.016,9.945,12.092,3.327,1.77,38.419,38.419,38.407,0.546,0.081,7.733,7.733,7.733,0.008,0,0.63,0.63,0.63,0,0,0.155,0.155,0.155,0,0,17.372,14.672,14.163,19.742,22.3,83.726,80.242,70.189,18.463,5.702,27.175,27.088,24.321,3.163,0.263,2.656,2.656,2.427,0.231,0,0.014,0.014,0.014,0,0,0,0,0,0,0,59.426,51.082,34.488,31.772,10.697,22.811,20.42,10.847,13.253,3.213,6.325,6.034,3.196,3.504,0.511,170.162,363.171,343.656,-1403.978,-796.276,138.218,125.7,108.536,52.059,17.916,94.699,94.694,87.432,34.302,11.337,0.301,0.2934,3859.23408,6513,1.687640569
BGR,2003,Cal,15.001,20.344,23.601,6.003,3.42,7.017,11.366,14.189,-0.715,-3,11.053,15.915,19.016,2.596,0.187,71.39,65.86,63.005,78.633,80.486,54.763,46.569,43.204,65.521,68.949,444.809,287.314,217.79,256.337,179.24,5108.425,4458.467,3774.976,1351.075,668.111,3.202,3.05,2.994,3.505,3.577,0.576,0.798,0.966,0.183,0.128,6.813,9.829,12.202,0.933,0.472,35.484,35.484,35.19,0,0,1.671,1.671,1.671,0,0,0.001,0.001,0.001,0,0,0,0,0,0,0,18.263,14.611,13.389,24.551,27.702,82.361,82.319,76.942,3.592,0.039,27.624,27.624,27.446,0.14,0,2.221,2.221,2.221,0,0,0.104,0.104,0.104,0,0,0,0,0,0,0,48.932,48.581,47.738,0.694,0.605,9.808,9.732,9.594,0.171,0.154,1.628,1.61,1.589,0.012,0.012,139.886,106.482,-198.368,989.881,462.039,141.189,139.111,127.036,9.92,3.534,108.471,107.857,102.476,2.085,0,0.301,0.2934,3863.398812,5105.545,1.321516429
BGR,2004,Ver,15.574,20.36,22.613,7.698,5.136,7.749,11.812,13.714,1.206,-0.77,11.66,16.101,18.246,4.43,2.181,72.647,69.238,67.305,78.352,81.142,55.655,50.314,48.025,64.512,69.338,595.205,418.354,360.281,233.135,157.683,5019.279,4324.17,3628.23,1328.998,656.39,3.228,3.071,3.051,3.459,3.527,0.498,0.664,0.774,0.215,0.142,4.367,5.993,6.986,1.531,0.697,3.941,3.891,3.62,0.294,0,0.129,0.129,0.129,0,0,0,0,0,0,0,0,0,0,0,0,18.183,15.526,15.489,21.662,24.544,57.057,56.258,51.766,5.888,0.701,5.66,5.659,5.61,0.085,0.001,0.043,0.043,0.043,0,0,0,0,0,0,0,0,0,0,0,0,14.1,9.043,8.846,1.722,0.879,2.293,0.385,0.385,0.325,0.187,0.505,0.001,0.001,0.092,0.071,720.984,1075.883,1025.932,153.114,-39.23,114.502,102.847,92.288,16.624,2.165,61.783,55.651,50.761,5.995,0.614,0.301,0.2934,3867.563543,1139.9,0.294733361
BGR,2005,Cal,15.836,20.744,23.667,8.529,6.391,7.996,11.909,14.591,1.82,0.417,11.904,16.362,19.207,5.044,3.276,72.128,67.026,66.65,77.865,80.921,54.95,47.826,46.914,62.756,67.421,581.625,364.556,307.988,248.409,185.632,4979.709,4369.112,3623.949,1396.791,649.305,3.202,3.132,3.003,3.358,3.444,0.548,0.75,0.873,0.215,0.156,5.601,8.177,9.014,1.718,1.11,20.337,20.337,17.452,0.321,0.05,2.192,2.192,1.935,0,0,0.047,0.047,0.047,0,0,0.006,0.006,0.006,0,0,17.459,14.881,14.797,19.564,21.515,66.001,65.994,56.729,6.403,0.109,13.729,13.729,12.248,0.282,0,0.187,0.187,0.182,0,0,0.032,0.032,0.032,0,0,0,0,0,0,0,22.886,22.847,18.338,4.685,4.488,0.944,0.944,0.156,1.798,1.798,0.089,0.089,0.018,0.45,0.45,894.033,313.312,383.335,-173.678,-263.935,125.429,125.315,100.488,22.244,11.344,90.942,89.74,73.617,11.022,6.132,0.301,0.2934,3871.728274,1446.2,0.373528279
BGR,2006,Cal,15.757,20.914,23.472,7.265,4.508,7.726,12.132,14.467,0.464,-1.706,11.725,16.57,19.054,3.766,1.293,71.824,68.747,66.56,77.602,79.786,54.166,49.757,47.254,62.637,65.946,471.507,377.751,299.129,247.649,162.741,5084.129,4387.961,3686.595,1355.41,657.48,3.137,3.112,2.972,3.455,3.33,0.556,0.75,0.887,0.212,0.136,6.321,8.69,10.136,2.076,0.362,29.654,29.654,29.254,2.885,0,3.468,3.468,3.468,0.257,0,0.027,0.027,0.027,0,0,0,0,0,0,0,17.843,15.263,14.557,22.256,24.765,63.341,60.941,58.895,5.766,0.26,14.261,14.257,14.243,1.201,0,0.557,0.557,0.557,0.005,0,0,0,0,0,0,0,0,0,0,0,47.078,24.242,22.869,4.949,0.44,11.673,0.216,0.211,0.798,0.01,3.516,0,0,0.071,0,-0.726,996.897,910.298,471.775,338.067,144.17,130.656,106.879,20.872,0.806,104.085,83.698,68.299,17.325,1.202,0.301,0.2934,3875.893005,NA,NA
BGR,2007,Ver,17.517,22.735,25.557,10.428,8.314,9.004,13.101,15.375,3.183,1.529,13.278,18.003,20.62,6.649,4.751,67.041,61.386,57.528,76.252,78.073,48.904,41.403,37.336,58.99,62.085,418.689,228.477,144.321,172.356,113.679,5309.259,4629.121,3951.764,1408.849,708.845,3.268,3.143,3.091,3.308,3.254,0.751,1.03,1.246,0.263,0.197,11.216,16.347,20.464,3.008,1.87,83.049,83.049,82.35,0.402,0,38.759,38.759,38.758,0,0,4.604,4.604,4.604,0,0,0.056,0.056,0.056,0,0,14.857,12.531,11.268,16.735,17.601,123.139,119.102,108.86,10.98,5.383,62.529,61.282,59.674,1.252,1.221,14.646,14.646,14.642,0,0,0.531,0.531,0.531,0,0,0,0,0,0,0,103.641,95.847,89.184,32.032,30.228,57.115,54.051,53.164,14.516,14.511,28.468,27.198,27.078,4.786,4.786,-1217.712,-1351.067,-1036.459,-1835.834,-1496.025,164.184,161.559,143.268,43.932,15.418,138.123,137.681,122.818,36.435,20.79,0.301,0.2934,3880.057736,43434.6,11.19431796
BGR,2008,Cal,16.783,21.726,23.978,8.748,5.484,8.696,12.639,14.662,2.142,-0.316,12.721,17.24,19.448,5.296,2.432,70.247,66.286,63.823,76.365,78.882,52.192,46.249,44.08,60.69,65.618,430.341,340.872,280.011,225.804,143.428,5131.536,4431.848,3712.433,1385.522,687.116,3.176,3.07,2.972,3.413,3.436,0.626,0.844,1.001,0.252,0.164,8.024,10.833,12.977,2.188,0.749,49.882,49.792,49.792,0.698,0,11.8,11.8,11.8,0.001,0,0.333,0.333,0.333,0,0,0.048,0.048,0.048,0,0,15.697,14.167,13.871,18.847,20.452,92.123,88.508,80.28,17.325,3.939,38.917,38.378,36.796,3.74,0.568,3.484,3.484,3.464,0.025,0,0.007,0.007,0.007,0,0,0,0,0,0,0,69.835,59.893,47.444,22.685,4.074,21.226,18.681,16.357,3.862,0.652,3.886,3.534,3.498,0.165,0.008,-859.451,-4.58,278.119,-261.997,420.949,169.997,138.783,106.84,38.139,9.046,98.957,91.404,86.715,17.625,0.038,0.301,0.2934,3884.222468,5439.1,1.400305993
BGR,2009,Cal,16.839,21.738,24.57,9.215,7.035,8.583,12.451,14.701,2.5,1.06,12.723,17.165,19.769,5.71,3.891,69.452,63.706,59.777,78.091,79.263,51.72,43.841,39.399,61.951,64.987,432.843,265.564,174.99,180.558,118.529,5200.971,4546.369,3874.305,1371.861,664.475,3.091,2.984,2.909,3.247,3.341,0.647,0.889,1.078,0.224,0.175,8.816,12.685,15.978,2.403,2.04,59.424,59.347,58.867,0.09,0.09,7.484,7.484,7.477,0,0,0.014,0.014,0.014,0,0,0,0,0,0,0,15.772,13.219,11.958,17.797,18.883,110.061,109.422,104.032,4.777,1.111,45.101,45.085,45.055,0.018,0.018,4.466,4.466,4.466,0,0,0.001,0.001,0.001,0,0,0,0,0,0,0,83.575,74.818,73.396,12.171,12.088,24.104,21.827,21.681,3.704,3.704,4.87,4.379,4.378,0.826,0.826,-1441.417,-835.795,-902.604,-483.077,-811.651,156.888,151.4,143.332,40.743,23.268,134.941,133.13,122.541,9.569,7.85,0.301,0.2934,3888.387199,2270.8,0.583995339
BGR,2010,Ver,16.27,21.045,24.395,8.2,5.586,8.384,12.478,15.436,1.605,-0.498,12.346,16.79,19.985,4.871,2.564,74.41,69.879,68.034,81.082,83.9,57.934,51.043,48.586,67.882,72.96,610.972,398.784,299.937,320.948,229.453,4994.971,4326.285,3645.281,1308.949,623.333,3.199,3.066,2.927,3.412,3.453,0.549,0.744,0.902,0.196,0.128,5.878,8.348,10.639,1.486,0.724,33.317,33.309,33.305,0.557,0.076,6.886,6.886,6.886,0.007,0,0.538,0.538,0.538,0,0,0,0,0,0,0,18.657,15.441,14.665,22.925,25.533,56.906,56.697,54.612,4.568,0.172,16.086,16.084,15.889,0.225,0,2.121,2.121,2.121,0,0,0.023,0.023,0.023,0,0,0,0,0,0,0,20.171,20.125,20.12,3.948,2.536,0.784,0.784,0.784,0.613,0.467,0.054,0.054,0.054,0.011,0.01,2015.356,1418.147,753.018,95.857,-58.147,120.838,108.624,103.113,15.214,4.433,72.721,71.866,70.919,12.104,1.515,0.301,0.2934,3892.55193,6529.353,1.677396504
BGR,2011,Cal,15.557,20.854,23.911,7.822,6.214,7.477,11.826,14.536,0.917,-0.364,11.543,16.407,19.372,4.3,2.897,70.102,65.35,63.737,78.871,81.645,53.248,46.501,44.268,65.381,69.65,381.069,289.286,238.483,218.297,145.243,5100.872,4434.286,3752.231,1359.031,698.741,3.074,3.114,3.022,3.332,3.267,0.604,0.826,0.978,0.203,0.159,8.71,11.514,13.171,1.274,0.954,59.728,59.706,52.783,0.012,0.009,8.9,8.9,8.664,0,0,0.42,0.42,0.42,0,0,0.049,0.049,0.049,0,0,16.476,14.121,13.615,21.304,23.483,94.467,92.607,83.626,4.627,1.481,27.341,27.304,26.218,0.085,0.036,1.47,1.47,1.47,0,0,0,0,0,0,0,0,0,0,0,0,76.155,46.169,37.209,3.066,0.334,21.342,7.529,3.38,0.536,0,5.787,2.395,0.276,0,0,-1310.795,-312.195,59.34,698.999,442.835,172.736,138.693,115.63,25.176,13.52,131.432,101.262,88.183,1.893,0.855,0.301,0.2934,3895.208737,7164.3,1.839259584
BGR,2012,Cal,16.996,23.318,26.217,6.858,4.092,8.419,13.659,16.243,-0.227,-2.294,12.746,18.536,21.321,3.269,0.843,69.479,64.018,61.68,75.375,78.781,52.033,44.133,41.84,59.748,64.687,543.658,305.875,232.946,206.345,149.732,5324.453,4624.983,3882.326,1438.905,710.557,3.263,3.134,3.072,3.334,3.293,0.711,0.994,1.186,0.236,0.149,9.602,14.026,16.319,4.324,2.97,67.671,67.671,63.226,6.946,0.023,19.629,19.629,19.524,0.236,0,2.311,2.311,2.311,0,0,0.228,0.228,0.228,0,0,17.692,13.837,12.829,20.481,22.516,101.736,101.502,90.127,11.616,0.643,46.757,46.757,46.038,1.061,0.002,7.444,7.444,7.444,0,0,0,0,0,0,0,0,0,0,0,0,58.142,54.889,46.086,38.496,32.122,9.029,7.078,5.175,18.847,15.235,1.563,0.635,0.426,6.208,4.09,146.406,-351.385,-91.123,-1210.329,-1084.318,157.553,155.457,125.782,54.039,33.155,120.496,119.862,99.629,43.273,30.285,0.301,0.2934,3897.865544,13045.7,3.346883019
BGR,2013,Ver,16.483,21.144,24.239,9.081,6.35,8.781,12.57,15.295,2.38,0.303,12.627,16.915,19.865,5.694,3.317,72.467,67.783,64.755,79.675,83.035,56.185,49.891,46.046,65.703,70.934,536.936,413.888,314.707,300.24,213.077,5006.483,4363.336,3728.498,1288.855,617.683,3.272,3.256,3.162,3.403,3.354,0.577,0.783,0.959,0.228,0.144,6.412,9.006,11.665,2.664,0.591,35.576,35.576,35.576,4.445,0,7.01,7.01,7.01,0.105,0,0.162,0.162,0.162,0,0,0,0,0,0,0,17.088,15.154,14.3,21.033,23.502,74.977,73.699,70.483,9.749,0.082,19.574,19.574,19.505,0.766,0,1.442,1.442,1.442,0,0,0,0,0,0,0,0,0,0,0,0,24.201,22.199,22.13,9.559,0.829,2.207,1.996,1.961,2.469,0.53,0.472,0.472,0.472,0.44,0.231,1396.782,1268.315,535.373,476.03,713.627,124.231,112.858,107.157,25.537,1.695,81.931,81.931,81.931,20.753,0.52,0.301,0.2934,3900.522351,3317.5066,0.850528801
BGR,2014,Cal,16.376,21.598,24.085,9.137,6.696,8.705,12.817,15.058,2.77,0.939,12.528,17.257,19.675,5.801,3.644,73.144,67.122,65.453,80.958,83.42,56.904,48.091,45.935,67.228,71.128,593.166,366.245,308.447,207.365,116.017,4955.559,4372.168,3667.245,1318.782,646.698,3.219,3.182,3.046,3.297,3.204,0.581,0.808,0.951,0.202,0.144,7.17,10.235,11.947,1.499,1.252,46.011,46.011,44.81,0,0,9.968,9.968,9.963,0,0,1.05,1.05,1.05,0,0,0.2,0.2,0.2,0,0,17.801,14.743,14.432,20.051,21.682,76.436,76.366,67.528,7.132,1.257,25.703,25.703,24.638,0.583,0,2.886,2.886,2.886,0,0,0.081,0.081,0.081,0,0,0,0,0,0,0,52.897,35.698,31.087,17.912,17.66,13.041,5.406,3.333,7.765,7.765,3.222,1.446,0.344,1.777,1.777,156.555,320.339,450.345,114.256,-555.953,141.714,130.22,101.231,30.32,15.491,91.489,85.38,73.027,0.012,0,0.301,0.2934,3903.179158,924.3,0.236806962
BGR,2015,Cal,16.668,21.445,24.63,7.865,5.452,8.796,12.781,15.334,1.704,-0.033,12.743,17.178,20.093,4.684,2.618,70.821,65.718,62.243,80.574,83.553,54.512,47.58,43.435,67.692,72.844,526.998,372.061,233.061,331.073,230.553,5048.45,4387.97,3783.316,1239.022,593.952,3.262,3.223,3.192,3.422,3.418,0.634,0.864,1.056,0.193,0.125,7.789,11.028,13.981,1.898,0.787,51.27,51.26,49.397,1.2,0,12.83,12.83,12.603,0.005,0,0.337,0.337,0.337,0,0,0,0,0,0,0,16.97,14.465,13.15,22.116,24.647,88.289,86.136,81.912,6.022,1.509,32.545,32.542,31.692,0.487,0.003,3.1,3.1,3.087,0,0,0,0,0,0,0,0,0,0,0,0,39.907,39.603,38.647,5.916,1.544,4.08,3.988,3.592,2.154,0.08,0.638,0.638,0.498,1.102,0,1371.165,866.837,135.029,689.913,519.952,145.727,130.7,127.6,24.811,7.701,94.72,94.207,91.432,18.451,6.109,0.301,0.2934,3905.835965,5489.6,1.405486572
BGR,2016,Ver,16.229,21.376,24.499,9.434,7.607,8.443,12.875,15.418,2.503,0.808,12.387,17.22,20.087,5.915,4.138,72.024,68.202,65.82,78.864,80.917,55.782,50.244,47.117,64.474,67.661,603.951,440.622,296.523,277.627,169.831,4982.426,4306.517,3699.167,1326.099,698.876,3.205,3.059,2.955,3.327,3.357,0.582,0.792,0.958,0.226,0.177,6.542,9.463,11.991,1.699,1.208,48.139,48.139,48.11,1.874,0.011,5.857,5.857,5.857,0.227,0,0.01,0.01,0.01,0,0,0,0,0,0,0,17.066,15.063,14.243,19.663,20.933,69.802,69.485,66.798,6.168,0.875,22.805,22.805,22.766,0.888,0,0.128,0.128,0.128,0.013,0,0,0,0,0,0,0,0,0,0,0,34.507,33.922,33.485,1.524,0.581,4.037,3.908,3.895,0.596,0.2,0.513,0.513,0.513,0.14,0,1854.353,1371.879,745.227,919.296,368.53,120.48,114.791,107.042,20.836,15.929,67.912,67.894,66.2,3.288,0.513,0.301,0.2934,3908.492772,6340.3,1.622185423
BGR,2017,Cal,16.283,21.455,23.899,7.014,4.048,8.132,12.411,14.535,0.411,-2.206,12.217,16.988,19.322,3.65,0.862,71.671,66.945,64.609,77.823,79.03,55.014,48.063,45.302,64.075,66.635,509.878,352.393,258.808,258.269,125.292,5142.448,4472.93,3778.169,1331.327,688.194,3.284,3.246,3.165,3.468,3.494,0.591,0.808,0.958,0.204,0.148,7.718,11.082,13.082,1.055,0.599,54.681,54.633,50.401,0.029,0,6.636,6.636,6.543,0,0,0.446,0.446,0.446,0,0,0,0,0,0,0,17.378,14.039,13.408,21.366,23.465,76.829,76.507,72.585,1.062,0.236,20.413,20.413,20.353,0.009,0,1.524,1.524,1.524,0,0,0,0,0,0,0,0,0,0,0,0,44.044,37.967,33.13,6.887,6.38,4.479,4.147,1.604,0.367,0.354,0.862,0.857,0.108,0.005,0.005,184.907,310.014,225.113,455.992,-36.295,153.22,146.513,129.996,14.346,6.146,91.566,90.293,82.739,1.712,0.018,0.301,0.2934,3911.149579,4569.14,1.168234533
BGR,2018,Cal,16.473,22.167,25.24,8.415,6.673,8.539,12.981,15.814,1.865,0.822,12.504,17.598,20.611,5.089,3.68,72.047,67.382,64.642,80.432,82.041,55.705,48.694,45.563,66.968,69.947,493.791,302.239,218.609,342.691,208.699,5117.396,4540.382,3844.685,1247.673,606.463,3.108,2.985,2.875,3.338,3.311,0.603,0.831,0.992,0.199,0.149,7.797,10.967,12.441,2.167,0.83,40.855,40.848,37.472,4.28,0.048,7.362,7.362,7.317,0.093,0,0.081,0.081,0.081,0,0,0,0,0,0,0,17.535,15.347,13.549,21.732,21.719,78.81,78.81,71.413,3.386,0.188,25.124,25.124,23.491,0.051,0,1.938,1.938,1.775,0,0,0,0,0,0,0,0,0,0,0,0,57.144,45.062,28.218,4.936,0.171,16.966,10.55,2.228,2.596,0.053,4.456,3.476,0.133,0.75,0,24.042,152.423,196.234,993.825,507.221,164.481,150.733,123.85,19.373,5.103,123.396,109.927,86.25,8.827,1.273,0.301,0.2934,3913.806386,1453.1,0.371275392
BGR,2019,Ver,17.533,22.191,24.687,8.857,5.361,9.341,13.062,15.327,1.995,-0.322,13.421,17.663,20.1,5.31,2.43,70.863,65.59,63.124,76.16,80.98,53.045,45.805,43.316,60.937,68.493,356.521,262.114,208.616,161.733,132.459,5128.013,4462.477,3720.264,1408.139,606.111,3.107,2.954,2.979,3.358,3.359,0.639,0.869,1.036,0.262,0.147,9.1,12.724,15.559,3.915,1.413,62.318,62.16,62.02,3.384,0.006,16.463,16.463,16.463,0.045,0,0.339,0.339,0.339,0,0,0,0,0,0,0,15.545,13.391,12.973,18.037,20.817,97.131,96.532,87.332,16.344,0.524,35.83,35.83,32.918,4.544,0,1.935,1.935,1.935,0.163,0,0,0,0,0,0,0,0,0,0,0,89.299,80.084,73.371,35.143,12.4,22.332,20.495,20.205,14.904,6.396,7.134,6.74,6.74,4.323,0.98,-1987.514,-1124.125,-830.183,-1322.382,-457.208,178.555,160.354,131.937,59.38,14.835,132.712,124.991,118.221,41.496,13.469,0.301,0.2934,3916.463193,5739.92,1.465587628
BGR,2020,Cal,17.758,22.751,24.832,11.082,8.945,9.42,13.248,14.831,3.983,2.341,13.579,18.061,19.987,7.331,5.45,68.336,62.21,59.024,77.386,79.824,50.675,42.537,38.989,61.203,64.619,407.948,261.402,200.396,154.121,98.722,5276.844,4616.785,3886.043,1444.568,724.575,3.168,3.105,3.009,3.328,3.44,0.684,0.935,1.105,0.26,0.197,10.084,14.457,17.25,2.946,2.01,75.291,75.29,73.904,0.303,0.159,12.95,12.95,12.937,0,0,0.076,0.076,0.076,0,0,0,0,0,0,0,15.029,12.926,12.382,17.036,18.118,117.405,115.742,105.544,12.06,1.739,59.157,59.149,56.712,2.445,0.008,6.911,6.911,6.911,0,0,0,0,0,0,0,0,0,0,0,0,151.408,120.86,105.351,47.29,34.935,90.455,70.51,65.408,23.142,20.27,45.638,37.324,35.719,8.755,8.329,-2456.874,-1645.517,-1097.205,-1955.658,-1604.288,170.82,165.481,138.774,47.745,19.549,149.395,145.01,128.626,16.528,8.319,0.301,0.2934,3919.12,5257.901,1.341602452
BGR,2021,Cal,15.87,20.08,22.965,9.495,7.05,8.179,11.721,14.307,3.12,1.309,12.046,15.955,18.749,6.183,4.079,73.115,69.169,68.393,80.19,82.539,56.512,50.774,49.704,65.826,70.63,634.103,417.462,343.744,283.417,194.549,4915.619,4260.211,3594.318,1297.567,619.339,3.188,3.084,3,3.242,3.278,0.511,0.684,0.802,0.214,0.147,5.451,7.813,8.947,1.914,0.824,26.468,26.468,25.05,1.381,0.001,0.911,0.911,0.909,0.013,0,0.036,0.036,0.036,0,0,0,0,0,0,0,17.54,15.321,15.272,20.083,22.161,58.29,56.521,50.761,5.481,1.233,6.9,6.517,6.476,0.393,0.383,0.001,0.001,0.001,0,0,0,0,0,0,0,0,0,0,0,0,28.441,25.544,17.903,9.156,5.187,3.093,1.826,0.295,4.156,1.822,0.707,0.43,0,1.795,0.616,1466.992,1272.068,1400.543,253.715,210.621,113.017,111.515,92.484,15.313,2.975,81.555,74.208,58.029,14.385,3.79,0.301,0.2934,3920.629149,3143.4,0.801759075
BGR,2022,Ver,17.043,21.547,24.494,8.711,7.489,8.847,12.442,15.252,1.885,1.144,12.945,17.052,19.98,5.214,4.249,67.265,61.92,60.996,73.554,77.513,49.675,42.771,41.817,58.489,63.247,345.209,234.8,199.076,196.229,147.156,5192.879,4511.728,3725.068,1417.725,687.047,3.282,3.213,3.158,3.55,3.563,0.67,0.904,1.057,0.256,0.19,9.319,12.966,14.874,2.56,1.032,52.472,52.22,51.041,1.42,0,10.721,10.721,10.717,0.003,0,0.342,0.342,0.342,0,0,0,0,0,0,0,14.619,12.834,12.848,17.026,18.529,103.072,101.185,82.182,15.077,1.965,37.211,37.206,33.936,3.126,0.005,2.795,2.795,2.603,0.192,0,0,0,0,0,0,0,0,0,0,0,105.629,87.556,68.448,20.075,7.685,41.458,31.609,24.862,7.004,3.534,17.509,14.087,11.938,1.724,0.679,-2194.356,-1480.935,-818.096,-831.545,-333.647,193.199,171.454,134.351,36.561,9.083,160.19,145.699,119.611,27.181,7.343,0.301,0.2934,3925.308715,8126,2.070155646
BGR,2023,Cal,17.715,22.349,24.378,10.336,8.001,9.69,13.484,15.499,3.463,2.037,13.719,17.954,20.037,6.808,4.921,69.957,65.339,64.621,77.223,80.959,52.758,46.178,45.795,61.8,68.174,504.745,296.989,265.603,161.745,121.774,5063.494,4397.162,3648.497,1371.201,634.019,3.378,3.178,3.143,3.366,3.498,0.66,0.884,1,0.267,0.181,9.099,12.808,12.811,3.602,1.767,67.423,67.102,46.891,1.429,0.252,9.866,9.866,7.535,0.004,0,0.283,0.283,0.237,0,0,0,0,0,0,0,16.224,13.974,14.304,18.217,20.592,96.627,95.393,75.325,14.121,0.939,28.642,28.614,24.617,1.178,0,0.541,0.541,0.534,0,0,0,0,0,0,0,0,0,0,0,0,87.342,78.131,47.172,34.518,15.123,38.742,36.43,13.623,12.971,7.779,24.98,24.518,5.412,4.457,2.92,-785.134,-660.449,280.718,-1579.551,-778.299,164.345,156.792,113.302,55.563,16.505,128.615,117.714,90.046,38.52,14.494,0.301,0.2934,3933.455045,9467,2.406789932
BGR,2024,Cal,18.049,23.033,26.024,11.458,9.002,9.934,14.155,16.722,4.026,2.102,13.988,18.654,21.496,7.646,5.489,69.828,65.291,61.17,75.965,79.023,52.999,46.946,42.573,60.064,64.664,479.957,355.277,272.327,250.763,201.684,5157.673,4455.385,3797.99,1412.461,712.397,3.242,3.096,3.083,3.511,3.631,0.71,0.965,1.183,0.318,0.213,8.718,12.321,15.684,5.299,1.682,60.773,60.772,60.695,20.531,0.32,17.646,17.646,17.646,2.332,0,0.372,0.372,0.372,0.046,0,0.002,0.002,0.002,0,0,15.78,14.048,12.999,18.088,19.95,93.236,91.642,89.771,17.77,1.056,40.018,40.017,39.816,3.227,0.028,5.255,5.255,5.255,0.007,0,0.014,0.014,0.014,0,0,0,0,0,0,0,48.212,45.547,41.251,38.968,9.099,9.833,8.777,7.134,26.816,2.814,0.882,0.843,0.573,19.692,0.363,197.6,307,105.496,-675.296,46.625,167.386,147.101,129.103,54.971,13.938,94.363,92.576,90.67,37.039,10.899,0.301,0.2934,3938.089115,17116,4.346270361
CHE,1990,Cal,10.213,14.015,15.271,6.111,4.114,1.303,4.782,6.024,-3.52,-5.304,5.818,9.567,10.894,1.045,-0.945,77.845,77.265,77.186,76.448,76.294,59.904,58.049,58.015,58.402,59.273,1551.493,1039.642,816.069,543.95,387.019,4799.847,4084.98,3366.104,1521.122,768.895,1.267,1.209,1.192,1.314,1.338,0.272,0.343,0.377,0.183,0.15,0.389,0.537,0.656,0.234,0.159,0.369,0.369,0.369,0,0,0,0,0,0,0,0,0,0,0,0,0,0,0,0,0,25.599,23.369,22.952,25.403,26.319,16.592,14.638,12.325,4.825,2.21,1.031,0.959,0.719,0.353,0.072,0.001,0.001,0.001,0,0,0,0,0,0,0,0,0,0,0,0,38.51,29.83,26.431,31.755,23.684,17.268,14.533,13.714,11.887,8.283,6.032,5.672,5.598,3.239,1.149,-892.402,-848.096,-766.915,-304.88,-111.781,2.8,2.8,2.8,0.022,0,0.848,0.848,0.848,0,0,0.7391,0.022,1173.317,1067.43,0.909754141
CHE,1991,Cal,9.457,13.458,15.089,3.862,0.626,0.819,4.616,6.009,-4.006,-7.053,5.195,9.212,10.804,-0.16,-3.295,77.928,78.09,76.851,80.042,79.321,60.453,59.482,58.039,64.453,65.019,1461.625,1073.623,845.748,664.634,401.582,4877.685,4124.7,3462.186,1400.86,744.42,1.216,1.164,1.167,1.264,1.302,0.262,0.332,0.382,0.142,0.109,0.464,0.642,0.831,0.078,0.056,0.658,0.658,0.658,0,0,0,0,0,0,0,0,0,0,0,0,0,0,0,0,0,25.87,23.486,22.973,30.02,32.74,12.924,12.537,12.069,0.735,0.213,0.767,0.761,0.745,0.024,0.001,0.006,0.006,0.006,0,0,0,0,0,0,0,0,0,0,0,0,58.257,45.253,43.867,8.634,6.992,35.888,30.859,30.679,3.592,3.411,17.283,16.703,16.703,0.579,0.579,-1161.448,-1101.421,-1073.39,-84.997,-36.62,2.327,2.327,2.327,0,0,1.699,1.699,1.699,0,0,0.7391,0.022,1175.85,71.63,0.060917634
CHE,1992,Ver,9.965,13.6,15.953,3.797,1.782,1.647,5.065,6.975,-4.332,-6.388,5.825,9.473,11.639,-0.45,-2.56,79.088,79.245,78.415,78.349,77.335,62.201,61.035,59.62,62.298,62.406,1630.627,1219.675,865.567,664.958,381.002,4612.501,3873.347,3271.169,1434.08,766.681,1.253,1.229,1.18,1.306,1.325,0.255,0.32,0.375,0.145,0.124,0.27,0.361,0.456,0.11,0.11,0.069,0.069,0.069,0,0,0,0,0,0,0,0,0,0,0,0,0,0,0,0,0,26.565,24.859,23.826,28.199,29.636,10.189,9.779,8.778,1.826,0.607,0.647,0.627,0.615,0.036,0.024,0.002,0.002,0.002,0,0,0,0,0,0,0,0,0,0,0,0,25.805,21.49,18.542,12.085,9.109,8.758,8.535,8.018,2.3,1.782,1.784,1.784,1.745,0.039,0,-582.035,-547.085,-524.515,-93.4,-51.375,0.384,0.384,0.309,0.075,0,0.337,0.337,0.337,0,0,0.7391,0.022,1178.366,30.94,0.026256698
CHE,1993,Cal,9.652,13.219,15.344,4.095,3.024,1.081,4.343,6.367,-3.799,-4.886,5.405,8.917,11.041,0.05,-1.125,78.944,79.087,79.08,79.026,78.848,61.86,60.989,60.608,63.993,64.449,1694.789,1349.524,1067.941,637.402,392.98,4698.231,3964.101,3263.808,1385.768,720.092,1.269,1.203,1.192,1.318,1.335,0.246,0.305,0.348,0.142,0.127,0.212,0.263,0.313,0.114,0.114,0.009,0.009,0.009,0,0,0,0,0,0,0,0,0,0,0,0,0,0,0,0,0,26.592,25.437,24.536,28.715,28.693,9.173,8.235,6.853,2.362,0.943,0.653,0.58,0.379,0.274,0.073,0.028,0.017,0,0.028,0.012,0,0,0,0,0,0,0,0,0,0,24.157,7.648,5.324,18.289,15.965,9.26,2.101,1.231,8.032,7.163,1.832,0.277,0.136,1.696,1.555,-303.126,-212.075,-188.275,-107.387,-83.391,0.119,0.119,0.113,0.006,0,0.023,0.023,0.023,0,0,0.7391,0.022,1180.804,17.98,0.015226913
CHE,1994,Cal,10.777,14.279,15.753,4.265,1.906,2.723,5.621,7.055,-3.129,-5.119,6.766,10.048,11.577,0.486,-1.688,79.808,78.854,78.948,80.901,80.916,62.612,60.085,60.333,65.586,66.935,1678.708,1209.711,1051.66,784.976,487.76,4613.597,3946.114,3229.484,1342.676,679.966,1.245,1.234,1.19,1.402,1.413,0.265,0.335,0.372,0.141,0.113,0.224,0.309,0.33,0.06,0.041,0.082,0.082,0.082,0,0,0,0,0,0,0,0,0,0,0,0,0,0,0,0,0,26.157,24.783,25.256,29.548,31.036,9.246,8.877,6.938,1.022,0.147,0.731,0.666,0.615,0.031,0.019,0,0,0,0,0,0,0,0,0,0,0,0,0,0,0,16.915,13.728,5.817,3.946,2.76,3.34,3.047,1.635,0.598,0.128,0.501,0.501,0.382,0.119,0,-428.504,-398.739,-258.098,-48.325,-28.215,0.089,0.089,0.016,0.073,0,0.101,0.101,0.101,0,0,0.7391,0.022,1182.976,235.16,0.198786789
CHE,1995,Ver,9.365,13.133,14.545,4.756,3.472,1.151,4.409,5.959,-2.729,-3.43,5.354,8.92,10.453,0.957,-0.051,79.234,78.567,79.002,79.734,81.373,62.04,59.906,60.866,63.539,66.733,1752.064,1162.178,981.549,807.062,574.519,4650.614,3975.783,3234.599,1383.226,653.351,1.281,1.218,1.196,1.393,1.376,0.244,0.307,0.337,0.151,0.123,0.273,0.379,0.376,0.098,0.044,0.109,0.109,0.109,0,0,0,0,0,0,0,0,0,0,0,0,0,0,0,0,0,26.9,24.834,25.19,28.14,29.454,11.025,10.118,7.55,2.702,0.481,1.077,0.869,0.497,0.246,0.07,0.025,0.02,0.001,0,0,0,0,0,0,0,0,0,0,0,0,23.433,18.04,5.505,9.332,2.606,11.362,7.452,1.04,1.162,0.22,2.715,1.255,0.017,0,0,-517.327,-442.788,-239.779,-134.069,-22.509,0.253,0.248,0.187,0,0,0.124,0.124,0.124,0,0,0.7391,0.022,1185.032,362.77,0.306126754
CHE,1996,Cal,8.702,12.417,14.3,4.015,1.352,0.751,3.87,5.612,-3.944,-5.979,4.777,8.281,10.149,-0.076,-2.443,79.59,78.703,78.658,79.83,80.724,62.961,60.421,60.31,63.945,66.926,1599.684,1140.706,933.555,458.794,364.146,4711.299,3997.991,3301.069,1489.078,729.946,1.211,1.196,1.206,1.157,1.222,0.229,0.291,0.329,0.143,0.106,0.223,0.308,0.368,0.204,0.082,0.055,0.055,0.055,0,0,0,0,0,0,0,0,0,0,0,0,0,0,0,0,0,26.516,24.262,23.673,27.669,30.175,8.698,8.53,7.352,3.127,0.813,0.536,0.534,0.417,0.47,0.186,0,0,0,0.023,0.004,0,0,0,0,0,0,0,0,0,0,20.164,14.397,12.622,24.498,10.19,7.092,5.968,5.043,12.371,5.034,1.551,1.535,1.332,2.917,1.476,-359.117,-332.68,-300.88,-326.689,-93.35,0.711,0.711,0.711,0.066,0.005,0.06,0.06,0.06,0,0,0.7391,0.022,1186.729,241.59,0.203576385
CHE,1997,Cal,10.212,13.809,15.33,4.499,2.203,1.554,4.648,6.088,-3.108,-4.912,5.923,9.384,10.957,0.542,-1.559,78.678,77.758,77.612,80.094,80.176,61.34,58.763,58.689,64.758,66.563,1454.915,1063.891,900.366,687.225,471.502,4870.55,4149.124,3401.836,1409.026,714.218,1.22,1.204,1.178,1.269,1.282,0.254,0.319,0.351,0.147,0.119,0.308,0.424,0.41,0.088,0.057,0.077,0.077,0.077,0,0,0,0,0,0,0,0,0,0,0,0,0,0,0,0,0,25.507,23.256,23.423,28.635,31.028,12.862,12.325,10.068,1.742,0.577,1.486,1.462,0.99,0.152,0.024,0.184,0.184,0.054,0.001,0,0,0,0,0,0,0,0,0,0,0,46.4,39.264,22.91,11.042,4.597,23.038,21.354,10.035,3.874,0.345,8.865,8.863,3.264,0.692,0,-811.036,-760.503,-483.778,-98.016,-26.024,1.888,1.888,1.256,0.064,0,0.684,0.684,0.683,0.001,0,0.7391,0.022,1188.516,1362.51,1.14639601
CHE,1998,Ver,9.517,13.227,15.235,4.787,3.125,1.199,4.679,6.414,-3.243,-4.757,5.401,9.105,11.014,0.621,-1.014,77.638,77.545,77.277,78.902,80.012,60.309,59.067,58.587,63.036,65.574,1541.009,1220.875,959.297,562.601,383.251,4751.18,3981.113,3316.534,1489.254,752.442,1.298,1.288,1.241,1.307,1.288,0.267,0.334,0.38,0.159,0.127,0.363,0.491,0.622,0.214,0.102,0.214,0.214,0.214,0,0,0,0,0,0,0,0,0,0,0,0,0,0,0,0,0,26.44,24.462,23.655,27.699,29.729,14.093,13.095,10.953,3.67,0.469,0.916,0.843,0.745,0.511,0,0.004,0.004,0.004,0.13,0,0,0,0,0,0,0,0,0,0,0,33.22,25.512,22.975,21.882,9.434,17.162,14.696,13.734,11.973,3.221,7.688,7.445,7.201,5.335,0.183,-681.079,-629.174,-600.473,-310.897,-65.814,2.889,2.889,2.857,0.6,0,0.082,0.082,0.082,0,0,0.7391,0.022,1189.884,198.14,0.166520434
CHE,1999,Cal,9.378,13.697,15.504,2.839,0.445,1.367,5.197,6.94,-4.456,-6.653,5.424,9.556,11.407,-0.865,-3.17,80.148,80.227,80.067,79.766,79.377,63.532,61.92,61.809,64.792,65.835,2022.092,1354.253,1120.11,829.951,541.232,4522.871,3857.946,3159.123,1330.866,684.986,1.281,1.17,1.152,1.397,1.416,0.234,0.297,0.334,0.134,0.109,0.174,0.243,0.278,0.059,0.049,0,0,0,0,0,0,0,0,0,0,0,0,0,0,0,0,0,0,0,0,27.823,25.69,25.661,30.61,31.68,4.073,3.881,3.237,1.467,0.659,0.096,0.064,0.059,0.11,0.105,0,0,0,0,0,0,0,0,0,0,0,0,0,0,0,8.019,6.946,6.554,2.642,2.585,3.011,2.978,2.978,0.585,0.585,0.302,0.302,0.302,0.062,0.062,-168.029,-155.479,-106.359,-16.415,-22.862,0.054,0.054,0.054,0,0,0.011,0.011,0.011,0,0,0.7391,0.022,1191.359,11.2,0.009401029
CHE,2000,Cal,9.974,13.822,15.796,3.515,1.061,1.734,5.006,6.545,-4.048,-6.194,5.93,9.568,11.387,-0.31,-2.605,79.686,78.898,78.159,80.248,80.345,62.642,60.167,58.955,65,66.587,1741.64,1256.592,946.227,755.862,515.544,4673.581,3986.557,3345.294,1387.288,687.171,1.24,1.208,1.187,1.369,1.417,0.253,0.322,0.37,0.135,0.107,0.209,0.294,0.358,0.073,0.038,0.018,0.018,0.018,0,0,0,0,0,0,0,0,0,0,0,0,0,0,0,0,0,26.512,24.497,23.844,29.511,31.957,10.062,9.819,8.854,1.481,0.304,0.774,0.734,0.71,0.063,0.04,0.002,0.002,0.002,0,0,0,0,0,0,0,0,0,0,0,0,8.471,7.596,7.066,1.735,0.89,1.592,1.494,1.292,0.332,0.13,0.096,0.09,0.07,0.026,0.005,-349.029,-335.269,-313.372,-77.429,-16.633,0.166,0.166,0.065,0.101,0,0.001,0.001,0.001,0,0,0.7391,0.022,1192.644,57.55,0.048254131
CHE,2001,Ver,9.567,13.591,14.574,4.459,2.364,1.601,5.076,5.985,-2.29,-4.216,5.64,9.465,10.511,0.97,-1.033,79.731,79.838,78.977,82.237,81.271,62.653,61.536,60.909,67.477,67.531,1838.291,1438.47,1080.769,938.619,498.755,4655.142,3937.629,3300.945,1249.895,689.602,1.288,1.241,1.235,1.285,1.28,0.245,0.309,0.343,0.132,0.117,0.211,0.271,0.329,0.044,0.04,0,0,0,0,0,0,0,0,0,0,0,0,0,0,0,0,0,0,0,0,26.566,25.406,25.185,29.006,29.438,6.408,4.949,4.3,0.608,0.441,0.673,0.307,0.306,0.035,0.034,0.007,0,0,0,0,0,0,0,0,0,0,0,0,0,0,17.819,8.411,8.003,1.536,1.347,5.129,2.446,2.385,0.09,0.032,0.332,0.305,0.305,0,0,-264.822,-203.853,-177.593,-14.862,-18.712,0.05,0.05,0.05,0,0,0.002,0.002,0.002,0,0,0.7391,0.022,1194.336,12.94,0.010834472
CHE,2002,Cal,10.115,13.505,15.034,5.055,1.978,1.946,4.871,6.439,-3.308,-5.837,6.085,9.319,10.924,0.75,-2.074,79.669,78.897,79.286,77.572,77.235,62.724,60.363,61.011,60.396,61.842,1864.599,1268.501,1030.548,544.67,342.699,4593.927,3948.502,3225.3,1473.972,723.133,1.248,1.203,1.151,1.38,1.46,0.244,0.308,0.337,0.168,0.127,0.214,0.28,0.311,0.163,0.134,0.005,0.005,0.005,0,0,0,0,0,0,0,0,0,0,0,0,0,0,0,0,0,26.162,23.877,23.653,27.12,29.365,12.167,11.581,8.507,4.556,1.55,0.953,0.792,0.306,0.961,0.492,0,0,0,0.007,0.007,0,0,0,0,0,0,0,0,0,0,28.454,22.052,17.241,19.471,14.502,12.527,10.062,8.136,7.042,5.117,2.547,1.838,1.554,1.02,0.736,-406.563,-370.726,-296.568,-171.606,-78.278,0.687,0.687,0.67,0.017,0,0,0,0,0,0,0.7391,0.022,1195.659,419.22,0.350618362
CHE,2003,Cal,10.733,15.351,17.918,4.098,1.367,1.579,5.524,7.92,-3.712,-5.658,6.269,10.663,13.222,0.173,-2.159,74.88,72.899,72.04,79.585,81.921,56.781,52.991,51.924,64.208,68.701,1208.312,841.187,628.394,783.074,603.444,5156.636,4390.882,3625.502,1454.798,686.502,1.235,1.208,1.186,1.28,1.28,0.356,0.473,0.559,0.148,0.098,0.91,1.316,1.658,0.147,0.061,7.047,7.047,7.047,0,0,0.756,0.756,0.756,0,0,0.005,0.005,0.005,0,0,0,0,0,0,0,24.944,22.148,20.808,29.592,32.144,36.529,36.265,32.846,3.968,0.232,10.051,10.008,9.693,0.361,0.034,1.181,1.181,1.181,0,0,0,0,0,0,0,0,0,0,0,0,64.074,59.239,51.051,11.572,3.605,38.332,37.933,31.787,6.434,0.396,18.761,18.753,14.902,3.836,0.008,-1718.932,-1682.18,-1528.034,-168.111,-23.565,4.381,4.381,3.383,0.998,0,3.396,3.396,3.394,0,0,0.7391,0.022,1197.256,527.631,0.440700235
CHE,2004,Ver,9.395,13.29,14.993,3.358,1.991,1.317,4.666,6.216,-4.204,-5.15,5.415,9.115,10.831,-0.518,-1.697,78.68,78.252,77.584,79.266,79.658,61.784,59.942,59.071,63.951,65.739,1476.824,1064.825,828.697,718.704,459.718,4809.702,4081.548,3396.754,1437.423,739.43,1.269,1.232,1.238,1.331,1.344,0.253,0.322,0.365,0.14,0.119,0.289,0.4,0.49,0.076,0.056,0.149,0.149,0.149,0,0,0,0,0,0,0,0,0,0,0,0,0,0,0,0,0,26.681,24.827,23.907,29.944,30.518,10.063,9.479,7.921,2.022,0.217,0.734,0.723,0.62,0.123,0.015,0,0,0,0,0,0,0,0,0,0,0,0,0,0,0,19.479,15.994,14.561,2.555,1.692,6.908,6.31,5.669,0.275,0.022,1.264,1.175,1.001,0.028,0,-499.768,-461.969,-420.753,-64.684,-26.491,0.392,0.392,0.391,0,0,0.148,0.148,0.148,0.001,0,0.7391,0.022,1198.697,24.54,0.020472229
CHE,2005,Cal,9.367,14.003,15.594,3.352,0.564,0.864,4.91,6.666,-4.358,-6.651,5.199,9.596,11.347,-0.606,-3.152,77.847,77.502,77.206,79.203,78.802,60.301,58.513,58.373,63.791,64.682,1374.192,1014.359,878.062,563.879,347.956,4789.631,4059.547,3329.243,1414.092,719.948,1.233,1.183,1.215,1.269,1.329,0.266,0.343,0.386,0.138,0.108,0.313,0.432,0.479,0.096,0.063,0.066,0.066,0.066,0,0,0,0,0,0,0,0,0,0,0,0,0,0,0,0,0,26.08,23.603,23.022,29.675,30.372,15.441,14.317,13.391,1.305,0.927,1.579,1.29,1.141,0.33,0.182,0.016,0.016,0,0.016,0,0,0,0,0,0,0,0,0,0,0,40.69,29.301,19.962,6.768,4.7,15.164,11.839,8.971,2.014,0.875,2.503,2.443,1.778,0.595,0.095,-720.474,-644.494,-519.292,-80.598,-41.759,0.158,0.158,0.158,0.002,0,0.14,0.14,0.14,0,0,0.7391,0.022,1200.132,41.15,0.034287895
CHE,2006,Cal,10.308,14.167,16.08,2.983,0.366,1.756,5.251,7.064,-5.051,-7.183,6.065,9.868,11.787,-1.102,-3.499,78.125,77.827,77.265,79.199,78.974,60.739,59.23,58.491,63.118,64.069,1543.03,1232.974,963.655,556.283,301.337,4821.938,4069.553,3380.77,1438.824,746.829,1.237,1.222,1.178,1.262,1.255,0.278,0.353,0.405,0.136,0.107,0.393,0.54,0.672,0.13,0.077,1.619,1.619,1.619,0,0,0.024,0.024,0.024,0,0,0,0,0,0,0,0,0,0,0,0,26.444,24.826,24.215,29.883,31.816,13.216,12.245,11.493,1.371,0.676,1.943,1.73,1.695,0.144,0.114,0.043,0.036,0.036,0,0,0,0,0,0,0,0,0,0,0,0,33.982,28.979,27.468,19.396,11.236,16.802,16.006,15.921,5.293,3.065,6.994,6.838,6.836,0.389,0.053,-822.751,-773.496,-718.076,-180.201,-73.337,2.233,2.233,2.233,0,0,1.968,1.968,1.968,0,0,0.7391,0.022,1201.468,112.17,0.093360789
CHE,2007,Ver,10.235,14.019,15.98,6.363,4.523,1.791,5,6.794,-1.745,-3.236,6.092,9.661,11.606,2.205,0.501,79.382,78.413,77.855,80.414,80.807,62.096,59.468,59.137,64.048,66.133,1655.901,1212.793,1033.095,606.548,379.708,4775.872,4088.04,3354.973,1417.589,700.414,1.305,1.224,1.212,1.346,1.396,0.257,0.326,0.372,0.163,0.133,0.337,0.469,0.552,0.115,0.087,0.179,0.179,0.179,0,0,0,0,0,0,0,0,0,0,0,0,0,0,0,0,0,25.839,23.7,23.507,26.68,27.916,13.594,13.085,11.758,2.425,1.171,0.941,0.908,0.829,0.26,0.212,0.008,0.008,0.006,0.009,0.007,0,0,0,0,0,0,0,0,0,0,37.811,28.694,23.16,10.039,7.284,18.032,15.946,14.757,2.153,1.598,5.314,5.221,5.129,0.235,0.176,-679.352,-615.972,-501.9,-136.116,-58.717,5.917,5.917,5.915,0,0,0.657,0.657,0.657,0,0,0.7391,0.022,1202.956,238.31,0.198103671
CHE,2008,Cal,9.644,13.138,15.093,4.034,2.426,1.598,4.7,6.429,-3.646,-5.207,5.687,9.064,10.945,0.082,-1.535,79.366,79.14,78.808,78.685,78.311,62.416,60.778,60.228,62.646,63.586,1699.655,1296.927,994.753,573.368,385.726,4652.653,3926.2,3264.301,1461.378,756.63,1.248,1.243,1.178,1.38,1.346,0.245,0.305,0.346,0.147,0.129,0.219,0.293,0.358,0.135,0.097,0,0,0,0,0,0,0,0,0,0,0,0,0,0,0,0,0,0,0,0,26.396,24.633,24.01,27.621,29.16,7.162,6.405,5.38,2.642,1.03,0.554,0.464,0.193,0.431,0.123,0.05,0.046,0,0.05,0.004,0,0,0,0,0,0,0,0,0,0,18.951,12.625,11.347,16.694,11.703,8.344,4.693,4.568,5.723,4.898,2.177,1.03,1.024,1.256,1.22,-440.576,-394.244,-351.678,-189.239,-84.594,0.419,0.419,0.419,0.002,0,0,0,0,0,0,0.7391,0.022,1204.687,38.52,0.031975111
CHE,2009,Cal,9.892,14.194,16.631,2.838,0.437,1.551,5.306,7.304,-4.236,-6.265,5.836,9.935,12.22,-0.74,-2.981,79.002,77.837,77.403,81.687,82.182,61.692,58.879,58.007,67.033,69.033,1541.547,1040.224,790.13,757.107,449.388,4826.191,4138.035,3463.118,1352.56,691.415,1.244,1.226,1.184,1.273,1.236,0.264,0.343,0.395,0.123,0.094,0.308,0.442,0.507,0.074,0.033,0.015,0.015,0.015,0,0,0,0,0,0,0,0,0,0,0,0,0,0,0,0,0,26.729,23.931,23.029,30.867,32.952,13.578,13.435,11.708,1.089,0.133,0.666,0.655,0.441,0.203,0.007,0.045,0.045,0,0.044,0,0.005,0.005,0,0.005,0,0,0,0,0,0,19.39,17.107,13.956,2.256,1.422,4.102,4.007,3.695,0.113,0.095,0.392,0.392,0.367,0.005,0,-518.095,-504.398,-422.881,-60.142,-11.521,0.213,0.213,0.181,0.032,0,0.01,0.01,0.01,0,0,0.7391,0.022,1206.48,51.33,0.042545256
CHE,2010,Ver,8.583,12.88,14.914,3.045,0.918,0.596,4.465,6.421,-4.611,-6.424,4.721,8.838,10.91,-0.771,-2.72,80.05,79.265,79.458,80.049,81.211,63.532,61.293,61.448,64.497,67.05,1660.441,1227.699,1035.609,634.665,452.356,4591.542,3916.735,3217.892,1375.503,680.384,1.242,1.229,1.191,1.3,1.296,0.233,0.301,0.34,0.136,0.104,0.2,0.287,0.342,0.088,0.022,0.002,0.002,0.002,0,0,0,0,0,0,0,0,0,0,0,0,0,0,0,0,0,27.795,25.032,24.476,30.361,32.407,7.601,7.397,6.015,2.332,0.231,0.278,0.256,0.197,0.104,0.027,0,0,0,0,0,0,0,0,0,0,0,0,0,0,0,15.789,15.101,13.096,5.497,1.374,5.171,5.171,4.831,0.642,0,1.202,1.202,1.195,0.033,0,-448.215,-436.864,-373.296,-100.77,-9.592,0.359,0.359,0.359,0,0,0.011,0.011,0.011,0,0,0.7391,0.022,1208.222,28.9,0.023919445
CHE,2011,Cal,11.126,14.888,16.853,3.663,1.297,2.214,5.367,7.193,-4.041,-5.958,6.729,10.311,12.293,-0.241,-2.384,77.784,76.604,76.001,80.256,81.012,59.666,56.859,56.134,65.186,67.412,1434.244,1043.283,874.382,568.738,400.246,4940.795,4214.528,3468.105,1411.854,692.749,1.173,1.148,1.134,1.231,1.227,0.289,0.367,0.419,0.14,0.108,0.409,0.516,0.586,0.107,0.075,0.051,0.051,0.051,0,0,0,0,0,0,0,0,0,0,0,0,0,0,0,0,0,24.055,22.04,21.581,29.239,31.783,20.855,18.292,16.433,1.583,0.485,1.687,1.343,1.313,0.084,0.058,0.042,0.012,0.012,0.023,0.023,0,0,0,0,0,0,0,0,0,0,62.607,40.424,30.711,10.002,4.574,33.506,20.678,15.645,3.115,1.179,8.474,6.303,5.664,0.433,0.069,-969.128,-835.614,-679.862,-133.87,-34.665,1.474,1.474,1.437,0.003,0,0.364,0.364,0.364,0,0,0.7391,0.022,1209.924,159.3,0.131661162
CHE,2012,Cal,9.921,14.38,15.847,4.726,2.026,1.517,5.244,6.876,-3.288,-5.143,5.802,9.951,11.561,0.613,-1.669,79.21,78.478,78.777,79.158,80.325,61.904,59.317,59.731,62.76,65.909,1791.701,1238.953,1032.545,645.665,485.087,4814.701,4098.663,3340.986,1528.506,728.213,1.265,1.209,1.219,1.293,1.356,0.26,0.335,0.368,0.161,0.117,0.233,0.322,0.338,0.245,0.158,0.009,0.009,0.009,0,0,0,0,0,0,0,0,0,0,0,0,0,0,0,0,0,26.915,24.458,24.563,27.02,29.091,10.859,10.549,7.854,5.55,2.296,0.99,0.971,0.432,0.844,0.303,0.1,0.1,0,0.107,0.008,0,0,0,0,0,0,0,0,0,0,17.01,12.563,7.461,29.865,20.589,5.558,4.783,2.764,17.514,12.39,0.348,0.348,0.246,2.48,2.102,-349.904,-319.326,-225.91,-295.09,-125.601,0.253,0.253,0.193,0.095,0,0,0,0,0,0,0.7391,0.022,1211.839,25.87,0.02134772
CHE,2013,Ver,9.316,13.367,15.28,3.18,0.997,1.221,4.825,6.415,-4.269,-5.979,5.333,9.217,11.06,-0.543,-2.452,79.817,79.763,79.175,80.992,81.114,62.964,61.63,60.622,65.743,67.182,1674.305,1224.305,963.348,792.648,536.1,4629.529,3918.871,3290.766,1344.494,698.886,1.228,1.184,1.179,1.269,1.305,0.244,0.311,0.359,0.129,0.106,0.265,0.374,0.479,0.064,0.037,0.178,0.178,0.178,0,0,0,0,0,0,0,0,0,0,0,0,0,0,0,0,0,27.684,25.448,24.441,30.66,32.237,8.091,7.754,7.163,1.161,0.35,0.515,0.469,0.392,0.106,0.045,0.004,0,0,0.004,0.004,0,0,0,0,0,0,0,0,0,0,12.59,10.73,10.686,3.567,2.648,3.84,3.3,3.283,0.288,0.271,0.392,0.363,0.353,0.013,0.004,-329.651,-310.378,-325.4,-39.733,-23.53,1.133,1.133,1.133,0,0,0.391,0.391,0.391,0,0,0.7391,0.022,1213.595,24.22,0.019957234
CHE,2014,Cal,10.598,13.984,15.161,5.144,2.668,2.293,4.957,6.277,-2.56,-4.533,6.475,9.564,10.867,1.163,-1.069,80.72,79.216,79.449,80.371,81.141,63.169,60,60.537,64.402,66.561,1692.4,1133.301,936.244,743.58,519.582,4716.734,4061.804,3306.141,1398.41,682.777,1.173,1.168,1.177,1.24,1.279,0.244,0.31,0.335,0.153,0.115,0.243,0.346,0.384,0.092,0.035,0.056,0.056,0.056,0,0,0,0,0,0,0,0,0,0,0,0,0,0,0,0,0,25.893,24.152,24.145,29.041,31.036,12.658,12.484,10.178,2.583,0.221,1.03,1.013,0.947,0.09,0.008,0.002,0.002,0,0.002,0,0,0,0,0,0,0,0,0,0,0,20.52,19.039,13.731,6.172,0.989,9.074,9.055,5.679,3.674,0.302,3.381,3.381,1.6,1.807,0.026,-366.472,-349.432,-258.417,-69.865,-8.443,0.513,0.513,0.221,0.292,0,0.125,0.125,0.125,0,0,0.7391,0.022,1215.38,43.23,0.035569122
CHE,2015,Cal,11.048,14.527,16.656,5.181,2.865,2.492,5.731,7.635,-2.3,-4.063,6.8,10.269,12.349,1.358,-0.699,77.614,76.775,75.594,81.873,82.644,60.093,58.002,56.597,66.358,68.871,1435.568,1108.075,902.277,760.746,518.962,4834.017,4090.485,3407.663,1376.244,674.852,1.243,1.226,1.227,1.253,1.251,0.306,0.386,0.453,0.142,0.109,0.567,0.762,0.96,0.083,0.046,2.8,2.8,2.8,0,0,0.101,0.101,0.101,0,0,0.005,0.005,0.005,0,0,0,0,0,0,0,25.135,23.548,22.745,28.96,30.567,19.161,18.111,17.625,0.944,0.486,2.692,2.634,2.57,0.079,0.014,0.091,0.087,0.087,0,0,0,0,0,0,0,0,0,0,0,0,50.973,34.736,31.05,4.175,1.586,30.183,19.971,18.853,1.146,0.024,13.022,10.168,9.972,0.196,0,-1177.417,-1064.624,-994.563,-80.668,-19.246,2.706,2.706,2.695,0.011,0,2.903,2.903,2.903,0,0,0.7391,0.022,1217.432,45.281,0.037193864
CHE,2016,Ver,10.276,13.709,15.925,5.584,4.62,2.181,5.222,7.255,-2.379,-3.264,6.278,9.593,11.789,1.505,0.554,80.1,79.946,79.697,80.661,80.599,63.121,61.625,61.475,64.691,66.119,1728.558,1255.804,1076.848,630.145,443.75,4649.553,3977.956,3289.598,1379.354,690.385,1.192,1.151,1.113,1.288,1.329,0.246,0.307,0.353,0.152,0.139,0.202,0.251,0.293,0.15,0.16,0,0,0,0,0,0,0,0,0,0,0,0,0,0,0,0,0,0,0,0,25.952,24.627,24.267,27.387,27.913,6.432,5.445,4.627,1.388,0.815,0.327,0.224,0.16,0.175,0.113,0.001,0,0,0.004,0.004,0,0,0,0,0,0,0,0,0,0,20.825,6.904,6.686,18.142,16.842,4.375,1.576,1.565,10.533,10.533,0.315,0.188,0.187,2.978,2.978,-263.332,-205.35,-153.475,-158.732,-114.317,0.03,0.03,0.03,0,0,0.003,0.003,0.003,0,0,0.7391,0.022,1219.469,255.78,0.209747029
CHE,2017,Cal,10.56,14.974,16.414,5.074,2.88,1.753,5.761,7.244,-3.274,-5.419,6.249,10.535,12.047,0.733,-1.489,77.877,77.057,76.859,78.643,78.007,59.825,57.547,57.624,61.994,62.449,1594.618,1119.79,924.925,506.872,303.266,4852.086,4134.139,3407.471,1445.327,753.263,1.244,1.199,1.178,1.218,1.202,0.289,0.374,0.414,0.158,0.132,0.356,0.498,0.547,0.147,0.132,0.086,0.086,0.086,0,0,0,0,0,0,0,0,0,0,0,0,0,0,0,0,0,25.777,22.942,23.084,26.726,28.31,13.064,12.322,9.164,3.027,1.416,1.389,1.254,0.921,0.399,0.173,0.123,0.118,0.118,0.006,0.006,0,0,0,0,0,0,0,0,0,0,42.212,32.961,24.695,25.385,21.847,18.135,14.306,12.326,7.127,5.922,5.123,4.609,4.203,0.663,0.317,-772.327,-719.307,-585.302,-170.473,-89.599,0.596,0.567,0.543,0.001,0,0.063,0.063,0.063,0,0,0.7391,0.022,1221.372,109.64,0.0897679
CHE,2018,Cal,11.316,15.562,17.967,3.735,1.365,2.986,6.325,8.426,-3.731,-5.447,7.21,11.087,13.424,-0.017,-2.052,78.615,76.767,75.75,80.559,81.331,60.893,57.166,55.9,64.734,67.406,1474.163,921.518,674.417,808.546,606.267,4865.141,4189.422,3516.508,1360.729,680.895,1.224,1.163,1.135,1.359,1.422,0.308,0.406,0.473,0.141,0.106,0.678,0.989,1.097,0.124,0.047,2.238,2.238,2.238,0,0,0.011,0.011,0.011,0,0,0,0,0,0,0,0,0,0,0,0,25.202,22.976,22.438,29.463,31.637,17.327,16.837,15.493,2.883,0.438,1.265,1.236,1.177,0.131,0.022,0,0,0,0,0,0,0,0,0,0,0,0,0,0,0,51.988,49.055,35.604,8.387,2.505,28.003,26.954,18.69,2.895,1.402,9.051,8.7,6.269,0.949,0.551,-1437.198,-1408.297,-1169.448,-127.606,-32.215,2.821,2.821,2.746,0.052,0.029,3.362,3.362,3.36,0,0,0.7391,0.022,1223.139,58.362,0.047714937
CHE,2019,Ver,10.709,14.666,16.313,5.277,2.96,2.352,5.719,7.274,-2.499,-4.218,6.596,10.349,12.003,1.25,-0.811,78.328,77.368,77.017,78.887,80.177,61.127,58.59,58.03,62.732,65.607,1701.581,1188.427,876.36,676.394,435.472,4867.416,4137.554,3445.979,1485.616,740.223,1.268,1.246,1.182,1.325,1.265,0.291,0.373,0.422,0.17,0.127,0.387,0.535,0.663,0.329,0.099,0.319,0.319,0.319,0,0,0,0,0,0,0,0,0,0,0,0,0,0,0,0,0,25.987,23.711,23.199,26.986,29.398,16.188,15.092,12.162,4.675,1.211,2.327,2.075,1.414,0.988,0.268,0.196,0.194,0.078,0.118,0.002,0.005,0.005,0,0.005,0,0,0,0,0,0,30.683,27.033,24.067,20.049,4.646,15.004,12.902,11.682,10.905,2.126,4.752,3.652,3.405,3.442,1.1,-746.547,-716.723,-667.722,-326.848,-41.989,0.766,0.764,0.719,0.122,0.002,0.159,0.159,0.159,0.002,0,0.7391,0.022,1224.946,16.5451,0.013506799
CHE,2020,Cal,11.238,14.697,17.022,5.755,3.81,2.768,5.803,7.798,-1.835,-3.41,7.063,10.432,12.668,1.865,0.063,77.117,76.143,75.058,79.8,79.834,59.558,57.486,56.104,64.251,65.498,1522.327,1139.167,834.653,826.156,535.178,4887.13,4169.427,3488.48,1368.588,694.833,1.244,1.208,1.156,1.387,1.427,0.304,0.383,0.448,0.16,0.134,0.526,0.739,0.952,0.079,0.065,0.339,0.339,0.339,0,0,0,0,0,0,0,0,0,0,0,0,0,0,0,0,0,24.401,23.02,21.92,27.641,28.851,22.763,21.152,20.176,2.578,1.473,1.459,1.312,1.299,0.14,0.127,0.047,0.047,0.047,0,0,0,0,0,0,0,0,0,0,0,0,44.846,39.666,36.251,5.154,1.74,25.514,24.865,23.764,1.27,0.17,12.911,12.911,12.863,0.048,0,-1090.973,-1043.804,-996.536,-69.03,-18.7,6.566,6.566,6.561,0.005,0,1.55,1.55,1.55,0,0,0.7391,0.022,1226.294,15.19,0.012386915
CHE,2021,Cal,9.749,13.437,15.147,4.636,3.121,1.515,4.703,6.396,-2.888,-4.08,5.691,9.194,10.98,0.771,-0.6,78.735,77.519,78.151,79.995,81.074,61.407,58.444,59.225,64.072,66.478,1723.972,1219.42,1047.036,745.541,449.687,4828.111,4121.3,3353.554,1423.959,704.883,1.225,1.193,1.178,1.24,1.208,0.251,0.318,0.347,0.153,0.125,0.245,0.333,0.361,0.1,0.083,0,0,0,0,0,0,0,0,0,0,0,0,0,0,0,0,0,0,0,0,26.414,24.015,24.246,28.623,29.517,11.032,10.478,6.822,3.221,0.61,0.674,0.646,0.338,0.322,0.048,0.006,0.002,0.001,0.004,0.004,0,0,0,0,0,0,0,0,0,0,23.647,20.586,15.927,9.39,6.213,9.553,8.056,5.983,3.961,1.931,3.166,2.67,1.542,1.623,0.496,-468.43,-437.997,-329.958,-87.719,-49.126,0.254,0.254,0.243,0.011,0,0.005,0.005,0.005,0,0,0.7391,0.022,1227.642,26.56,0.021634972
CHE,2022,Ver,11.886,16.023,17.571,4.874,2.586,2.906,6.368,8.025,-3.351,-4.999,7.478,11.338,13.019,0.666,-1.295,75.706,73.787,73.432,77.06,79.25,57.334,53.824,53.56,60.64,64.653,1328.328,933.328,787.878,515.307,409.078,5117.537,4391.189,3615.058,1544.636,744.289,1.231,1.178,1.2,1.297,1.371,0.351,0.457,0.519,0.171,0.124,0.867,1.264,1.534,0.228,0.069,7.138,7.138,7.138,0,0,0.368,0.368,0.368,0,0,0,0,0,0,0,0,0,0,0,0,24.442,21.762,21.596,27.241,30.414,34.701,33.682,28.664,6.823,1.042,8.042,7.859,7.068,1.008,0.183,0.446,0.416,0.415,0.033,0.03,0,0,0,0,0,0,0,0,0,0,67.185,65.377,50.049,18.75,2.03,45.808,45.035,32.368,13.514,0.807,26.069,25.988,17.792,8.276,0.081,-1704.192,-1679.462,-1447.609,-301.353,-27.534,8.846,8.846,7.713,1.133,0,5.913,5.913,5.913,0,0,0.7391,0.022,1228.98,273.99,0.222940975
CHE,2023,Cal,11.491,15.631,17.21,6.157,3.487,3.083,6.609,8.175,-1.96,-4.086,7.374,11.25,12.897,2.041,-0.325,77.959,76.738,76.501,80.509,80.803,60.313,57.436,57.328,63.999,65.865,1758.031,1229.199,924.165,594.181,324.81,4821.278,4141.866,3432.488,1389.34,707.786,1.303,1.23,1.182,1.276,1.275,0.316,0.409,0.454,0.165,0.128,0.67,0.961,1.053,0.093,0.071,3.017,3.017,2.925,0,0,0.034,0.034,0.034,0,0,0,0,0,0,0,0,0,0,0,0,25.386,22.753,22.338,27.853,29.721,21.622,21.246,15.847,1.86,0.372,3.183,3.182,2.83,0.061,0.001,0.059,0.058,0.058,0.001,0.001,0,0,0,0,0,0,0,0,0,0,59.249,51.963,35.788,10.809,7.142,32.572,30.493,23.494,3.675,2.09,14.781,14.632,12.974,0.449,0.149,-1149.893,-1109.197,-869.339,-99.036,-46.505,4.95,4.95,4.528,0,0,2.85,2.85,2.85,0,0,0.7391,0.022,1230.322,81.05,0.065877063
CHE,2024,Cal,11.336,14.796,16.356,6.367,3.886,3.155,6.327,7.701,-1.091,-2.992,7.236,10.64,12.159,2.6,0.426,80.463,80.986,80.067,80.436,81.145,63.146,62.734,61.428,64.81,67.266,1768.792,1362.925,1042.4,955.037,621.658,4548.898,3818.434,3215.323,1322.179,647.866,1.219,1.178,1.17,1.391,1.445,0.259,0.317,0.363,0.177,0.13,0.206,0.251,0.319,0.254,0.046,0.004,0.004,0.004,0.092,0,0,0,0,0,0,0,0,0,0,0,0,0,0,0,0,25.977,24.963,24.685,28.115,30.211,9.109,7.971,6.626,6.148,0.453,0.72,0.575,0.543,0.327,0.002,0.021,0.018,0.018,0,0,0,0,0,0,0,0,0,0,0,0,24.172,10.873,10.548,14.781,1.905,12.184,5.05,5.047,5.72,0.301,3.365,1.811,1.811,1.36,0,-347.924,-251.879,-252.173,-233.681,-19.013,0.329,0.329,0.329,0.422,0,0.243,0.243,0.243,0,0,0.7391,0.022,1231.656,31.77,0.02579454
CZE,1990,Cal,12.09,16.095,17.611,6.828,4.335,4.285,7.26,8.641,-0.184,-2.093,8.251,11.787,13.33,3.163,0.942,77.077,73.124,71.747,81.387,83.215,60.982,54.866,53.248,66.721,70.067,718.759,502.641,417.759,257.698,179.355,4079.983,3602.662,3014.367,1103.91,538.263,2.656,2.547,2.393,2.855,2.768,0.342,0.457,0.523,0.168,0.122,1.629,2.341,2.798,0.434,0.209,17.025,17.025,17.025,0.025,0,2.396,2.396,2.396,0,0,0.031,0.031,0.031,0,0,0,0,0,0,0,20.452,17.879,17.883,21.872,24.004,26.197,25.922,24.544,1.74,0.376,5.467,5.424,5.404,0.066,0.046,0.342,0.33,0.33,0.012,0.012,0,0,0,0,0,0,0,0,0,0,58.691,37.102,23.146,40.176,27.463,28.518,17.182,9.441,21.442,13.809,7.269,4.123,2.467,5.185,3.529,-1710.599,-1557.696,-1204.026,-441.374,-252.683,16.595,16.595,16.316,0.294,0,21.827,21.827,21.798,0.06,0,0.9392,0.0701,2629.483,168,0.063890887
CZE,1991,Cal,10.979,15.409,17.23,5.168,2.06,3.26,6.93,8.455,-1.359,-3.652,7.159,11.253,13.016,1.836,-0.764,78.132,75.918,74.522,82.73,83.534,61.906,57.685,56.017,69.357,72.025,722.625,515.178,448.631,268.234,184.625,4001.193,3481.321,2945.975,1032.218,488.063,2.527,2.475,2.435,2.623,2.651,0.297,0.393,0.452,0.138,0.097,1.176,1.677,1.9,0.327,0.114,5.547,5.547,5.317,0,0,0.114,0.114,0.114,0,0,0,0,0,0,0,0,0,0,0,0,21.399,18.385,18.222,25.449,28.571,10.882,8.858,8.497,2.118,2.021,0.313,0.266,0.266,0.047,0.047,0,0,0,0,0,0,0,0,0,0,0,0,0,0,0,77.2,37.611,18.936,38.174,32.555,41.4,16.704,9.804,24.185,23.022,15.619,3.647,3.143,11.922,11.83,-1687.831,-1260.16,-615.463,-463.372,-239.843,9.227,9.225,9.052,0.048,0.003,17.018,16.687,13.31,0.028,0,0.9392,0.0701,2629.295,76,0.028905087
CZE,1992,Ver,12.139,16.564,19.335,4.909,2.839,4.402,7.653,9.811,-1.341,-2.758,8.33,12.24,14.779,1.7,-0.034,76.051,71.495,69.127,82.717,85.565,60.048,52.999,50.275,69.382,74.697,730.789,522.132,347.431,371.356,249.682,4196.571,3710.276,3166.779,1069.473,485.583,2.679,2.611,2.49,2.867,2.829,0.38,0.52,0.626,0.139,0.093,2.217,3.273,4.145,0.402,0.107,25.634,25.634,25.483,0.23,0,3.304,3.304,3.304,0,0,0.514,0.514,0.514,0,0,0.025,0.025,0.025,0,0,20.819,17.554,16.113,25.833,28.755,38.018,38.014,37.206,0.95,0.008,6.039,6.039,6.036,0.003,0,0.382,0.382,0.382,0,0,0,0,0,0,0,0,0,0,0,0,66.136,64.332,53.807,23.895,8.06,37.759,37.721,31.441,7.595,1.709,17.451,17.451,14.437,0.553,0.142,-2693.08,-2692.81,-2328.668,-789.362,-205.08,26.975,26.975,26.62,0.173,0,45.763,45.763,42.405,3.707,0.331,0.9392,0.0701,2629.075,1278,0.486102527
CZE,1993,Cal,11.218,15.625,18.137,4.2,2.596,3.315,6.862,8.93,-2.275,-3.529,7.35,11.359,13.715,0.942,-0.481,77.187,74.002,71.772,81.946,83.459,61.659,56.371,53.454,68.788,71.853,782.803,534.923,442.215,330.494,210.72,4193.977,3686.056,3106.962,1089.297,516.232,2.708,2.575,2.507,2.899,2.919,0.331,0.444,0.529,0.134,0.104,1.311,1.9,2.395,0.314,0.114,11.225,11.225,11.224,0.15,0,0.266,0.266,0.266,0,0,0,0,0,0,0,0,0,0,0,0,22.907,19.674,18.261,26.421,27.49,27.97,27.796,27.304,0.832,0.175,2.763,2.763,2.763,0,0,0.001,0.001,0.001,0,0,0,0,0,0,0,0,0,0,0,0,45.978,27.635,26.98,25.633,15.762,21.314,16.134,15.88,11.111,4.613,6.446,6.125,6.102,3.357,0.321,-1046.576,-928.662,-878.395,-464.653,-85.704,18.777,18.777,18.777,0.355,0,19.462,19.462,19.462,3.358,0,0.9392,0.0701,2628.62887,1151,0.437870866
CZE,1994,Cal,12.547,16.589,18.944,5.38,2.922,4.773,7.692,9.614,-0.732,-2.608,8.751,12.296,14.524,2.253,0.093,76.637,73.18,71.194,82.639,83.653,60.494,54.7,52.331,69.72,72.506,788.569,590.943,463.747,380.707,240.077,4178.89,3692.364,3153.091,995.073,487.655,2.671,2.573,2.395,2.94,2.858,0.372,0.499,0.597,0.139,0.102,1.6,2.292,2.913,0.202,0.097,18.218,18.218,18.216,0.001,0,3.208,3.208,3.208,0,0,0.039,0.039,0.039,0,0,0,0,0,0,0,20.515,18.327,17.744,25.079,27.279,28.674,27.354,26.805,1.769,1.254,10.425,10.331,10.331,0.094,0.094,1.18,1.18,1.18,0,0,0,0,0,0,0,0,0,0,0,0,33.41,28.661,28.457,7.59,7.576,16.503,15.223,15.218,1.854,1.851,4.784,4.723,4.723,0.062,0.062,-1086.857,-948.556,-945.657,-61.018,-48.496,18.496,18.496,18.491,0,0,24.598,24.598,24.583,0,0,0.9392,0.0701,2629.5015,818,0.31108558
CZE,1995,Ver,11.148,15.72,17.655,5.458,4.09,3.78,7.398,9.121,-0.794,-1.393,7.552,11.645,13.57,2.313,1.412,79.344,76.771,75.678,82.095,84.269,64.159,59.236,58.15,68.714,73.157,980.293,729.281,637.281,347.89,229.885,4046.201,3588.804,3007.727,1044.138,459.26,2.683,2.531,2.504,3.074,3.132,0.295,0.393,0.457,0.144,0.116,0.834,1.212,1.401,0.27,0.166,5.013,5.013,5.012,0.002,0,0.032,0.032,0.032,0,0,0,0,0,0,0,0,0,0,0,0,23.699,20.321,20.393,24.346,26.308,12.699,12.633,11.156,1.639,0.129,0.984,0.984,0.947,0.038,0,0,0,0,0,0,0,0,0,0,0,0,0,0,0,0,9.859,7.785,5.505,3.02,1.991,1.742,1.553,1.039,0.283,0.166,0.151,0.151,0.117,0,0,319.317,337.054,426.562,-138.7,-117.802,8.187,8.187,8.073,0.005,0,6.738,6.738,6.738,0.015,0,0.9392,0.0701,2630.12824,403,0.153224468
CZE,1996,Cal,9.433,14.079,16.442,2.502,-0.499,2.211,6.209,8.167,-3.742,-6.1,5.87,10.227,12.437,-0.656,-3.279,80.689,79.181,77.986,83.924,84.697,66.221,62.525,60.845,72.069,75.103,822.154,668.47,561.239,248.789,192.805,3905.935,3378.462,2838.332,1099.535,511.446,2.513,2.501,2.475,2.444,2.553,0.244,0.322,0.379,0.105,0.074,0.512,0.717,0.891,0.25,0.063,0.243,0.243,0.243,0.001,0,0,0,0,0,0,0,0,0,0,0,0,0,0,0,0,25.426,22.352,20.999,30.738,33.87,7.422,7.421,6.9,0.525,0.004,0.284,0.284,0.284,0,0,0,0,0,0,0,0,0,0,0,0,0,0,0,0,0,17.494,3.275,2.983,15.799,14.065,7.932,0.585,0.582,7.673,7.272,1.486,0.026,0.026,1.494,1.46,858.887,941.748,783.28,-165.642,-92.629,3.178,3.178,3.178,0.114,0,0.755,0.755,0.755,0,0,0.9392,0.0701,2630.99283,2043,0.776512949
CZE,1997,Cal,10.992,15.185,17.4,4.224,1.39,3.298,6.603,8.567,-2.355,-4.849,7.235,11.01,13.171,0.971,-1.639,78.758,75.239,74.456,83.51,84.896,63.091,56.972,56.061,71.089,74.589,855.775,663.203,553.558,291.667,172.497,4124.925,3631.696,3058.413,1028.72,508.393,2.521,2.522,2.473,2.561,2.561,0.294,0.394,0.454,0.128,0.093,0.848,1.212,1.438,0.154,0.082,1.756,1.756,1.711,0,0,0,0,0,0,0,0,0,0,0,0,0,0,0,0,0,22.855,19.805,19.498,27.555,30.784,12.725,12.646,11.675,0.855,0.012,0.135,0.135,0.099,0.036,0,0,0,0,0,0,0,0,0,0,0,0,0,0,0,0,16.116,11.785,5.958,8.287,3.791,4.311,3.639,2.081,2.16,0.674,0.592,0.549,0.501,0.082,0.035,-169.845,-61.086,170.412,68.43,-20.854,4.734,4.734,4.445,0,0,4.298,4.242,3.573,0,0,0.9392,0.0701,2631.80354,3475,1.320387311
CZE,1998,Ver,11.378,15.545,17.982,5.376,4.139,4.061,7.543,9.455,-0.926,-1.655,7.783,11.654,13.869,2.166,1.191,78.121,75.631,74.847,81.228,84.473,62.714,58.453,56.862,67.852,72.951,873.878,724.538,533.718,300.867,173.782,3922.962,3421.613,2913.628,1074.22,485.818,2.79,2.773,2.579,2.841,2.712,0.31,0.407,0.476,0.151,0.111,0.957,1.337,1.716,0.322,0.199,5.336,5.336,5.324,0.058,0,0.047,0.047,0.047,0,0,0,0,0,0,0,0,0,0,0,0,22.705,20.819,19.455,23.999,24.987,15.361,15.165,13.479,2.06,0.263,1.428,1.406,1.397,0.03,0.022,0.054,0.054,0.054,0,0,0,0,0,0,0,0,0,0,0,0,29.205,15.964,13.809,15.436,11.95,8.071,4.659,3.497,4.668,3.433,1.611,1.204,0.683,0.937,0.415,-175.061,-70.154,-196.223,-418.253,-181.839,7.024,7.02,7.007,0.306,0.004,9.761,9.761,9.761,0.726,0.056,0.9392,0.0701,2633.81897,1162,0.44118446
CZE,1999,Cal,11.65,16.309,18.569,4.171,1.449,4.339,7.972,9.84,-1.657,-3.881,8.065,12.241,14.368,1.218,-1.243,78.877,76.157,74.705,83.572,84.513,63.223,58.187,56.455,71.401,74.168,794.845,562.499,475.704,380.991,212.378,3968.822,3500.211,2975.745,965.427,477.393,2.655,2.491,2.379,2.957,2.928,0.308,0.412,0.481,0.124,0.09,1.074,1.54,1.89,0.121,0.092,6.164,6.164,6.164,0,0,0.045,0.045,0.045,0,0,0,0,0,0,0,0,0,0,0,0,22.151,19.156,18.823,27.359,29.402,13.66,13.586,13.324,0.344,0.074,1.081,1.08,1.08,0.001,0.001,0.012,0.012,0.012,0,0,0,0,0,0,0,0,0,0,0,0,15.557,11.749,11.728,3.509,3.509,3.375,2.879,2.879,0.216,0.216,0.343,0.32,0.32,0,0,-834.018,-734.902,-593.857,143.765,-15.472,8.907,8.907,8.904,0.003,0,10.975,10.944,10.888,0,0,0.9392,0.0701,2634.47169,336,0.127539803
CZE,2000,Cal,12.514,16.774,18.923,4.611,2.452,4.926,8.192,9.739,-1.161,-2.91,8.788,12.586,14.487,1.773,-0.163,78.523,74.932,72.327,83.527,84.542,62.896,57.234,53.735,70.734,73.271,841.934,623.656,430.958,409.863,235.995,4105.01,3624.126,3136.851,961.929,475.205,2.604,2.518,2.363,3.037,2.987,0.339,0.456,0.544,0.129,0.1,1.301,1.893,2.428,0.214,0.107,10.134,10.134,10.134,0,0,0.152,0.152,0.152,0,0,0,0,0,0,0,0,0,0,0,0,22.079,19.517,17.902,27.058,28.937,25.398,25.351,25.233,0.175,0.047,3.854,3.854,3.854,0,0,0.068,0.068,0.068,0,0,0,0,0,0,0,0,0,0,0,0,29.312,25.54,25.325,4.19,4.169,11.192,10.553,10.547,0.476,0.476,3.354,3.344,3.344,0.032,0.032,-1108.917,-1087.106,-1095.141,-168.343,-89.352,16.391,16.391,16.391,0,0,16.907,16.907,16.907,0.087,0.031,0.9392,0.0701,2637.28969,375,0.142191433
CZE,2001,Ver,11.059,15.729,17.33,6.122,3.806,3.856,7.751,9.07,0.073,-1.764,7.539,11.827,13.36,3.007,0.944,80.738,78.476,76.679,85.054,86.129,65.778,61.648,59.37,72.214,74.351,941.327,711.068,593.816,322.415,178.494,3845.319,3349.964,2875.469,958.373,496.339,2.572,2.52,2.541,2.544,2.488,0.275,0.367,0.428,0.131,0.099,0.656,0.93,1.134,0.194,0.127,0.624,0.624,0.624,0,0,0.01,0.01,0.01,0,0,0,0,0,0,0,0,0,0,0,0,23.791,21.017,20.555,25.119,26.124,6.517,6.414,6.276,0.194,0.103,0.069,0.053,0.053,0.015,0.015,0,0,0,0,0,0,0,0,0,0,0,0,0,0,0,5.06,2.242,1.447,5.646,4.65,0.746,0.413,0.282,0.714,0.577,0.014,0,0,0.001,0.001,653.833,687.2,637.901,-63.971,-54.687,1.303,1.303,1.303,0,0,1.061,1.061,1.061,0,0,0.9392,0.0701,2639.15971,87,0.032965038
CZE,2002,Cal,11.976,16.153,18.573,5.477,2.271,4.624,8.005,10.133,-0.959,-3.471,8.37,12.174,14.49,2.256,-0.521,79.166,76.56,75.569,82.971,84.198,63.987,59.276,57.65,70.148,72.917,1002.328,728.395,588.687,339.286,260.477,3969.301,3506.735,2974.969,1045.223,483.577,2.634,2.524,2.379,2.841,2.996,0.306,0.405,0.473,0.145,0.102,0.77,1.098,1.378,0.245,0.123,1.831,1.831,1.831,0,0,0.026,0.026,0.026,0,0,0,0,0,0,0,0,0,0,0,0,22.43,19.946,19.482,25.57,28.92,10.376,10.136,8.346,2.065,0.229,0.049,0.049,0.024,0.026,0,0,0,0,0,0,0,0,0,0,0,0,0,0,0,0,14.829,9.336,3.265,9.405,3.32,3.928,3.143,0.28,3.764,0.901,0.286,0.266,0.018,0.282,0.034,211.063,211.753,124.216,-69.353,-16.966,1.77,1.77,1.719,0.052,0,1.639,1.639,1.639,0,0,0.9392,0.0701,2643.0566,179,0.067724619
CZE,2003,Cal,12.245,17.108,20.192,4.088,1.614,3.933,7.703,10.227,-2.51,-4.415,8.162,12.561,15.438,0.793,-1.38,73.962,69.238,66.454,81.825,83.551,57.261,50.071,46.847,68.944,72.804,612.956,443.028,345.641,353.074,238.904,4523.305,3987.188,3405.593,1069.084,505.18,2.52,2.441,2.386,2.614,2.573,0.424,0.585,0.712,0.131,0.091,2.445,3.57,4.571,0.18,0.077,32.022,32.022,31.946,0,0,3.691,3.691,3.691,0,0,0.011,0.011,0.011,0,0,0,0,0,0,0,21.026,17.135,16.212,27.312,30.337,58.131,57.944,53.907,4.006,0.051,12.717,12.717,12.285,0.432,0,0.78,0.78,0.779,0.001,0,0,0,0,0,0,0,0,0,0,0,85.252,76.532,66.923,12.291,5.946,42.695,41.553,36.949,3.027,0.618,14.722,14.683,13.345,0.321,0.001,-3390.481,-3213.307,-2979.477,20.083,-28.748,25.798,25.798,25.073,0.452,0,48.582,48.582,47.077,0,0,0.9392,0.0701,2644.17002,1235,0.467065276
CZE,2004,Ver,11.225,15.762,17.933,4.029,2.604,3.701,7.184,9.01,-2.07,-3.031,7.585,11.622,13.677,1.024,-0.179,78.195,74.848,72.679,82.925,84.291,62.173,56.475,53.515,69.971,72.838,812.016,543.952,427.688,372.106,234.296,4151.354,3668.683,3117.859,1030.309,505.798,2.668,2.563,2.503,2.914,2.913,0.319,0.43,0.508,0.127,0.1,1.242,1.811,2.286,0.236,0.145,10.343,10.343,10.317,0.076,0,0.356,0.356,0.356,0,0,0,0,0,0,0,0,0,0,0,0,23.049,19.639,18.113,27.166,28.603,20.332,20.248,20.047,0.492,0.224,1.131,1.124,1.102,0.029,0.007,0,0,0,0,0,0,0,0,0,0,0,0,0,0,0,28.774,21.857,20.741,11.682,7.894,12.279,10.094,9.756,3.795,1.525,4.057,4.04,3.99,1.068,0.05,-824.435,-797.469,-760.575,-259.963,-152.976,9.646,9.646,9.646,0.272,0,19.006,19.006,18.926,1.505,0,0.9392,0.0701,2645.74014,334,0.126240667
CZE,2005,Cal,11.17,15.972,18.266,4.439,2.084,3.426,7.096,9.246,-1.832,-3.208,7.418,11.671,13.983,1.256,-0.606,78.514,74.932,73.5,83.686,85.557,62.853,56.808,55.109,70.664,74.298,906.732,619.451,561.496,372.436,281.09,4261.055,3768.562,3126.216,1094.675,485.073,2.57,2.45,2.379,2.817,2.902,0.31,0.422,0.493,0.125,0.087,0.929,1.313,1.435,0.185,0.075,1.716,1.716,1.716,0.026,0,0,0,0,0,0,0,0,0,0,0,0,0,0,0,0,23.563,19.976,19.003,27.36,28.855,15.844,15.602,15.403,0.452,0.244,0.412,0.412,0.412,0,0,0,0,0,0,0,0,0,0,0,0,0,0,0,0,0,38.313,8.216,3.661,5.883,5.286,17.471,1.959,0.582,1.617,1.353,3.817,0.285,0.025,0.055,0.005,-542.886,-33.087,188.109,-38.289,-11.335,5.259,5.12,4.793,0,0,1.911,1.908,1.905,0.08,0,0.9392,0.0701,2647.41827,226,0.085366186
CZE,2006,Cal,11.832,16.428,18.988,3.082,0.403,4.157,7.797,9.969,-3.244,-5.415,8.042,12.219,14.648,-0.111,-2.476,78.717,75.107,72.852,84.764,86.123,62.904,56.872,54.063,72.375,75.982,814.462,627.947,504.042,327.117,222.824,4341.004,3825.652,3258.281,1093.092,514.639,2.499,2.456,2.402,2.518,2.475,0.337,0.46,0.551,0.11,0.073,1.351,1.96,2.235,0.398,0.145,8.92,8.916,8.503,0,0,0.621,0.621,0.621,0,0,0,0,0,0,0,0,0,0,0,0,23.165,20.315,18.483,30.125,32.691,18.724,18.647,18.581,0.014,0.005,2.96,2.96,2.96,0,0,0.287,0.287,0.287,0,0,0,0,0,0,0,0,0,0,0,0,35.738,29.331,15.003,34.774,30.152,17.697,15.414,5.515,16.944,15.563,7.953,7.328,1.71,3.792,3.532,-1131.002,-970.715,-450.285,-714.035,-507.979,17.66,17.66,14.51,0.466,0.139,15.826,15.707,10.984,0.006,0.003,0.9392,0.0701,2649.14935,405,0.152879263
CZE,2007,Ver,12.476,16.799,19.169,7.833,5.719,4.952,7.994,9.955,1.562,0.592,8.808,12.552,14.771,4.659,3.135,77.463,73.285,70.622,83.855,86.442,61.731,55.143,51.991,69.918,74.793,888.885,607.603,501.091,346.145,242.299,4236.068,3789.411,3248.522,1037.246,449.964,2.773,2.586,2.585,2.998,3.124,0.355,0.479,0.573,0.16,0.112,1.449,2.11,2.706,0.535,0.139,12.043,12.043,12.043,0.417,0.004,0.331,0.331,0.331,0,0,0,0,0,0,0,0,0,0,0,0,21.685,18.572,18.157,22.756,25.093,32.974,32.968,32.548,0.567,0.083,4.133,4.133,4.133,0,0,0.022,0.022,0.022,0,0,0,0,0,0,0,0,0,0,0,0,40.473,35.578,33.839,22.61,6.617,20.599,19.631,19.443,12.654,2.57,7.713,7.542,7.542,6.414,0.796,-1035.401,-1037.2,-1112.024,-754.732,-166.441,25.135,25.135,25.135,3.15,0,17.474,17.474,17.474,4.842,0.119,0.9392,0.0701,2651.21022,322,0.121453968
CZE,2008,Cal,12.174,15.944,18.13,5.122,3.346,4.804,7.503,9.39,-0.709,-1.851,8.586,11.889,13.998,2.163,0.692,78.648,75.67,74.126,83.358,84.891,62.688,57.679,55.966,70.169,73.421,809.976,635.236,489.077,336.967,206.735,4101.708,3620.302,3066.756,1028.544,479.196,2.649,2.495,2.382,2.852,2.888,0.322,0.424,0.502,0.132,0.103,0.93,1.297,1.643,0.184,0.149,3.524,3.524,3.524,0,0,0.013,0.013,0.013,0,0,0,0,0,0,0,0,0,0,0,0,21.213,19.376,18.796,24.635,26.249,16.878,14.868,13.157,3.706,2.01,0.902,0.237,0.235,0.667,0.665,0.053,0,0,0.053,0.053,0,0,0,0,0,0,0,0,0,0,14.556,4.004,3.285,14.348,13.629,3.768,0.661,0.587,3.732,3.658,0.266,0.01,0.01,0.256,0.256,-49.392,56.171,14.2,44.232,-66.613,4.049,4.049,4.049,0,0,3.293,3.293,3.293,0,0,0.9392,0.0701,2653.03488,86,0.032415706
CZE,2009,Cal,11.802,16.48,19.376,4.599,2.258,4.441,8.137,10.226,-1.06,-2.793,8.192,12.418,14.963,1.739,-0.269,79.174,75.883,73.432,85.462,86.374,63.829,58.347,55.025,72.888,75.743,895.343,669.834,492.441,362.859,206.121,4137.537,3668.817,3204.177,952.489,464.364,2.565,2.559,2.441,2.753,2.761,0.316,0.428,0.516,0.113,0.086,1.023,1.482,1.865,0.148,0.108,4.466,4.466,4.365,0,0,0.013,0.013,0.013,0,0,0,0,0,0,0,0,0,0,0,0,23.497,20.487,18.745,28.08,30.182,17.829,17.827,17.557,0.222,0.002,0.704,0.704,0.704,0,0,0,0,0,0,0,0,0,0,0,0,0,0,0,0,0,38.908,19.914,17.496,15.65,15.65,15.073,5.992,5.277,8.385,8.385,2.459,0.908,0.858,1.552,1.552,-921.47,-853.462,-747.912,-20.526,-98.097,9.96,9.96,9.876,0,0,11.327,11.327,9.992,0,0,0.9392,0.0701,2655.21138,178,0.067037977
CZE,2010,Ver,10.267,15.195,17.62,3.747,1.515,2.948,7.043,9.368,-2.282,-3.96,6.761,11.257,13.703,0.794,-1.151,80.025,76.858,76.238,83.827,86.037,65.321,59.482,58.795,71.638,75.868,990.685,736.729,676.09,336.8,215.342,3994.018,3507.213,2913.402,1035.382,491.999,2.539,2.519,2.431,2.615,2.487,0.285,0.387,0.451,0.124,0.085,0.722,1.031,1.223,0.205,0.067,2.835,2.835,2.835,0.101,0,0.007,0.007,0.007,0,0,0,0,0,0,0,0,0,0,0,0,24.479,20.661,20.283,28.11,29.885,10.902,10.902,10.168,0.792,0,0.739,0.739,0.664,0.076,0,0.011,0.011,0.011,0,0,0,0,0,0,0,0,0,0,0,0,9.458,9.167,6.707,9.465,4.614,3.234,3.232,2.819,1.892,0.764,0.522,0.522,0.517,0.055,0,628.26,640.735,668.25,-172.868,17.137,6.543,6.543,6.54,0.086,0,4.707,4.707,4.707,1.335,0,0.9392,0.0701,2657.37591,205,0.077143772
CZE,2011,Cal,12.398,16.934,19.19,4.247,1.681,4.48,7.896,10,-2.42,-4.062,8.458,12.524,14.803,0.862,-1.167,77.527,73.876,72.74,82.298,84.805,61.443,55.362,54.105,69.525,74.659,726.311,584.157,491.141,278.142,225.663,4292.837,3767.224,3155.814,1111.241,496.257,2.492,2.438,2.421,2.577,2.629,0.338,0.456,0.529,0.134,0.092,1.073,1.467,1.682,0.276,0.134,2.802,2.802,2.631,0,0,0.022,0.022,0.022,0,0,0,0,0,0,0,0,0,0,0,0,20.844,18.252,18.368,25.237,29.602,23.572,22.981,18.89,4.341,0.587,1.462,1.375,0.635,0.827,0.088,0,0,0,0,0,0,0,0,0,0,0,0,0,0,0,52.57,28.13,13.44,16.545,3.316,28.613,14.051,4.467,9.524,0.722,10.574,4.347,0.963,2.879,0.006,-1182.347,-743.494,-450.959,-228.084,-63.422,3.41,3.406,2.828,0.033,0,6.933,6.929,6.463,0,0,0.9392,0.0701,2659.83842,337,0.126699426
CZE,2012,Cal,12.061,17.113,19.325,5.152,2.291,4.207,8.02,10.001,-1.268,-3.13,8.218,12.689,14.853,1.838,-0.514,76.933,73.127,71.069,82.198,84.161,60.648,54.338,51.929,68.458,72.64,840.926,565.044,472.655,306.562,223.716,4289.16,3795.384,3205.664,1127.784,523.849,2.579,2.425,2.405,2.855,3.005,0.358,0.492,0.58,0.146,0.095,1.377,2.009,2.467,0.509,0.259,10.262,10.262,10.217,0.215,0,0.622,0.622,0.622,0,0,0.001,0.001,0.001,0,0,0,0,0,0,0,22.059,18.331,17.879,24.456,27.369,30.182,29.723,26.751,3.75,0.457,3.674,3.656,3.63,0.041,0.015,0.166,0.166,0.166,0,0,0,0,0,0,0,0,0,0,0,0,39.742,30.073,20.274,40.357,29.077,17.317,15.213,10.874,20.947,15.826,5.904,5.794,4.587,8.049,6.332,-1116.662,-1047.301,-869.135,-748.619,-462.079,11.159,11.159,10.36,1.34,0.004,12.84,12.84,12.8,0.499,0.003,0.9392,0.0701,2661.88926,634,0.2381767
CZE,2013,Ver,11.254,15.515,18.042,3.837,2.103,4.1,7.229,9.505,-1.95,-2.918,7.789,11.519,14.007,0.942,-0.355,79.556,75.958,75.001,84.436,87.008,64.932,59.225,57.813,72.535,76.703,855.281,635.017,541.89,380.872,265.84,3989.398,3552.081,2990.461,971.931,439.796,2.529,2.452,2.376,2.557,2.519,0.313,0.425,0.505,0.113,0.08,1.155,1.675,2.069,0.154,0.062,9.216,9.216,9.216,0,0,0.584,0.584,0.584,0,0,0.021,0.021,0.021,0,0,0,0,0,0,0,23.507,20.929,19.676,28.857,30.327,14.112,14.105,13.503,0.61,0.012,2.529,2.529,2.481,0.051,0.003,0.037,0.037,0.037,0,0,0,0,0,0,0,0,0,0,0,0,18.601,12.175,12.008,3.821,3.738,7.415,4.872,4.851,0.289,0.287,1.984,1.737,1.737,0,0,-167.844,-143.059,-154.119,-33.848,-26.134,10.924,10.924,10.864,0.007,0,12.173,12.173,12.173,0.01,0,0.9392,0.0701,2663.73054,92,0.034538028
CZE,2014,Cal,13.172,17.087,18.668,7.229,4.664,5.723,8.573,10.051,0.561,-0.859,9.464,12.905,14.503,3.812,1.824,79.702,76.688,75.213,83.616,86.249,63.542,58.331,56.673,69.459,74.272,824.368,683.851,586.962,219.517,131.629,4129.167,3653.176,3073.786,1108.138,488.242,2.455,2.349,2.326,2.634,2.686,0.319,0.422,0.485,0.155,0.103,0.976,1.352,1.608,0.417,0.187,6.749,6.749,6.749,0,0,0.353,0.353,0.353,0,0,0,0,0,0,0,0,0,0,0,0,20.745,19.376,19.703,21.732,24.039,17.838,17.809,15.684,2.17,0.02,2.119,2.119,2.119,0,0,0.019,0.019,0.019,0,0,0,0,0,0,0,0,0,0,0,0,48.32,36.998,18.026,34.509,15.445,27.663,23.115,8.485,21.568,6.92,9.902,9.13,1.694,8.455,1.019,-250.561,-131.972,10.371,-333.381,-98.227,9.736,9.736,9.613,0.183,0,8.671,8.671,8.666,0.005,0,0.9392,0.0701,2666.37636,529,0.198396598
CZE,2015,Cal,13.116,16.977,19.459,6.625,4.367,5.354,8.219,10.218,0.763,-0.614,9.334,12.767,15.088,3.6,1.803,75.808,71.241,68.474,84.036,85.591,59.651,53.087,49.875,70.566,74.233,695.609,493.01,371.312,292.534,179.005,4265.153,3767.384,3226.553,1020.008,463.977,2.598,2.486,2.475,2.74,2.822,0.413,0.557,0.675,0.141,0.106,2.222,3.207,4.037,0.239,0.164,23.558,23.558,23.41,0,0,4.919,4.919,4.919,0,0,0.229,0.229,0.229,0,0,0,0,0,0,0,20.192,17.498,16.687,24.361,26.422,40.314,39.647,38.898,1.066,0.362,10.388,10.305,10.305,0.042,0.042,0.878,0.873,0.873,0,0,0,0,0,0,0,0,0,0,0,0,53.238,46.223,38.528,6.512,2.791,26.081,24.811,22.902,0.948,0.383,10.08,10.065,9.959,0.038,0.002,-2315.598,-2198.432,-1984.838,-31.399,-59.343,22.983,22.983,22.301,0,0,31.965,31.965,31.061,0,0,0.9392,0.0701,2668.39216,344,0.128916583
CZE,2016,Ver,12.202,16.52,19.227,6.678,5.475,4.788,8.141,10.205,0.486,-0.321,8.587,12.479,14.931,3.565,2.571,78.918,75.818,73.272,84.185,85.191,62.683,57.564,54.466,70.631,73.047,836.364,615.258,480.371,360.602,244.548,4127.63,3664.514,3174.462,988.28,476.959,2.43,2.291,2.229,2.65,2.812,0.329,0.442,0.534,0.141,0.12,1.144,1.665,2.144,0.341,0.191,7.356,7.356,7.247,0.148,0,0.064,0.064,0.064,0,0,0,0,0,0,0,0,0,0,0,0,21.471,19.147,18.099,23.278,24.576,15.069,15.045,14.82,0.587,0.319,0.648,0.648,0.648,0.042,0.042,0,0,0,0.004,0.004,0,0,0,0,0,0,0,0,0,0,19.486,10.517,9.988,17.207,13.225,8.072,3.425,3.209,6.876,5.532,1.236,0.731,0.619,0.589,0.519,-270.336,-241.786,-292.124,-249.69,-121.488,7.032,7.032,6.909,0.682,0,7.76,7.76,7.435,0.904,0,0.9392,0.0701,2669.84976,141,0.05281196
CZE,2017,Cal,12.142,16.931,18.822,4.757,2.078,4.494,8.349,9.873,-1.496,-3.832,8.397,12.758,14.533,1.588,-0.927,77.736,74.222,72.346,83.425,84.539,61.954,56.144,53.941,70.202,73.162,845.174,642.865,499.299,301.543,163.714,4194.019,3693.48,3158.729,1013.234,512.029,2.654,2.601,2.495,2.593,2.61,0.353,0.478,0.559,0.132,0.095,1.352,1.972,2.502,0.181,0.093,11.345,11.345,11.345,0.11,0,1.298,1.298,1.298,0,0,0.011,0.011,0.011,0,0,0,0,0,0,0,22.349,18.845,18.509,26.066,28.947,22.464,22.144,20.633,1.817,0.339,2.304,2.299,2.299,0.004,0.004,0.036,0.036,0.036,0,0,0,0,0,0,0,0,0,0,0,0,38.453,27.553,26.716,12.631,11.272,22.606,16.965,16.829,5.997,5.645,9.69,8.195,8.164,1.638,1.496,-648.001,-585.204,-638.15,-96.497,-91.283,11.448,11.448,11.448,0.123,0,17.261,17.261,17.261,0.325,0,0.9392,0.0701,2671.6585,170,0.063630887
CZE,2018,Cal,13.467,18.432,21.42,4.886,2.877,5.701,9.259,11.893,-0.843,-2.063,9.631,13.95,16.837,1.981,0.409,74.851,69.793,67.625,83.33,85.102,58.755,51.176,48.644,70.347,73.847,667.156,459.065,366.703,343.214,211.608,4422.589,3948.777,3379.837,986.973,469.133,2.582,2.494,2.381,2.848,2.805,0.442,0.61,0.729,0.129,0.096,2.68,3.885,4.479,0.165,0.09,31.151,31.151,27.982,0,0,3.835,3.835,3.791,0,0,0.008,0.008,0.008,0,0,0,0,0,0,0,20.588,17.46,16.204,26.384,27.699,48.394,47.962,45.565,1.195,0.4,9.442,9.439,9.313,0.121,0.004,0.323,0.323,0.323,0,0,0,0,0,0,0,0,0,0,0,0,97.446,79.868,59.07,9.739,4.401,54.357,46.008,32.099,4.983,1.72,22.133,19.808,11.743,1.339,0.286,-3713.992,-3376.392,-2719.651,49.024,-3.413,33.633,33.633,27.797,0,0,53.506,53.506,46.315,0,0,0.9392,0.0701,2673.39167,492,0.184035884
CZE,2019,Ver,13.308,17.656,19.671,6.683,3.94,5.544,8.907,10.613,0.291,-1.614,9.479,13.364,15.31,3.389,1.099,76.332,72.319,69.99,81.386,84.279,59.967,53.738,51.323,67.694,73.148,785.651,556.707,436.884,366.984,250.374,4292.444,3779.843,3203.665,1096.533,508.197,2.641,2.525,2.417,2.943,2.881,0.389,0.524,0.618,0.178,0.113,1.737,2.519,3.183,0.913,0.236,17.196,17.196,17.195,3.169,0,1.761,1.761,1.761,0.044,0,0.003,0.003,0.003,0,0,0,0,0,0,0,20.635,17.792,17.341,24.193,27.582,35.434,33.837,32.822,4.272,1.619,7.136,7.037,6.899,0.245,0.098,0.63,0.63,0.63,0,0,0.001,0.001,0.001,0,0,0,0,0,0,0,46.293,44.744,43.019,30.042,13.795,23.211,22.939,22.599,17.425,6.678,7.607,7.576,7.575,9.051,2.038,-1713.083,-1663.736,-1553.62,-977.633,-314.872,24.624,24.621,24.576,5.844,0,22.045,22.045,22.044,7.191,0,0.9392,0.0701,2675.66988,520,0.194343855
CZE,2020,Cal,12.858,16.752,19.008,7.299,5.349,5.297,8.025,9.775,1.01,-0.002,9.131,12.54,14.614,4.078,2.619,77.081,72.713,70.924,82.25,85.25,61.184,54.913,52.656,67.919,72.807,908.787,713.353,556.071,319.791,222.755,4230.335,3743.581,3184.455,1108.072,486.891,2.55,2.438,2.294,2.902,2.989,0.349,0.467,0.549,0.163,0.117,1.255,1.802,2.294,0.311,0.143,5.503,5.503,5.503,0.001,0,0.094,0.094,0.094,0,0,0,0,0,0,0,0,0,0,0,0,20.148,18.495,17.947,21.475,23.322,38.539,37.942,34.61,3.941,0.608,3.755,3.755,3.669,0.086,0,0.082,0.082,0.082,0,0,0,0,0,0,0,0,0,0,0,0,38.734,36.899,34.088,5.842,2.092,23.069,22.928,22.576,0.916,0.325,5.718,5.718,5.713,0.035,0.031,-742.238,-729.611,-795.557,-195.509,-48.112,22.149,22.149,22.116,0.073,0.003,12.056,12.056,12.056,0,0,0.9392,0.0701,2677.32898,484,0.180777186
CZE,2021,Cal,11.597,15.888,17.97,5.604,3.522,4.066,7.362,9.376,-0.587,-2.038,7.916,11.724,13.85,2.437,0.675,79.167,75.139,74.708,84.936,87.524,63.381,56.797,56.403,71.84,76.419,915.674,659.115,583.22,364.271,207.081,4222.241,3749.854,3120.256,1035.8,491.616,2.418,2.398,2.346,2.458,2.391,0.309,0.419,0.478,0.129,0.087,0.811,1.169,1.315,0.13,0.093,2.669,2.667,2.628,0,0,0.014,0.014,0.014,0,0,0,0,0,0,0,0,0,0,0,0,23.034,19.561,19.735,25.905,27.741,14.925,14.885,12.963,1.842,0.024,0.224,0.224,0.206,0.018,0,0,0,0,0,0,0,0,0,0,0,0,0,0,0,0,9.865,8.276,6.743,1.513,0.749,3.641,3.523,3.155,0.212,0.038,0.777,0.761,0.745,0,0,259.045,319.435,424.71,162.869,9.195,3.054,3.048,3.022,0,0,3.265,3.259,3.206,0,0,0.9392,0.0701,2678.80415,411,0.15342667
CZE,2022,Ver,12.878,17.124,18.997,5.991,3.815,5.209,8.227,10.017,-0.211,-1.063,9.142,12.798,14.749,2.873,1.448,76.239,71.876,71.097,80.244,85.014,60.221,53.754,52.666,66.671,73.513,879.773,649.238,594.931,299.137,245.257,4297.847,3814.284,3166.07,1151.083,468.331,2.53,2.309,2.307,2.853,3.045,0.378,0.509,0.589,0.17,0.107,1.335,1.93,2.256,0.552,0.133,11.857,11.857,11.826,0.072,0.002,0.55,0.55,0.55,0,0,0,0,0,0,0,0,0,0,0,0,21.307,18.526,19.146,23.636,27.629,47.597,46.866,36.683,11.035,0.747,7.827,7.826,5.738,2.089,0.002,0.13,0.13,0.123,0.006,0,0,0,0,0,0,0,0,0,0,0,40.556,39.22,15.436,27.059,2.506,21.837,21.822,4.752,17.396,0.132,11.198,11.197,0.905,10.324,0.016,-891.864,-870.398,-602.152,-522.833,-79.79,10.212,10.211,7.663,2.58,0.006,13.986,13.986,13.888,0.156,0.005,0.9392,0.0701,2680.37198,1715,0.639836565
CZE,2023,Cal,13.188,17.478,19.348,6.837,4.29,5.812,8.905,10.506,0.741,-0.919,9.591,13.312,15.128,3.742,1.706,77.064,73.059,71.826,84.338,86.585,61.313,54.874,53.573,71.368,75.791,922.454,605.383,473.4,305.955,211.462,4182.133,3727.232,3166.245,1009.041,453.993,2.688,2.487,2.344,2.682,2.663,0.381,0.512,0.589,0.143,0.099,1.616,2.362,2.784,0.199,0.102,14.857,14.857,13.636,0,0,0.887,0.887,0.882,0,0,0,0,0,0,0,0,0,0,0,0,21.67,18.608,18.172,24.445,27.095,25.241,25.241,24.026,0.659,0,4.983,4.983,4.976,0,0,0.054,0.054,0.054,0,0,0,0,0,0,0,0,0,0,0,0,41.097,40.174,29.988,2.075,1.108,21.625,21.619,17.087,0.07,0.006,9.712,9.712,8.382,0,0,-1439.693,-1460.508,-1010.149,13.39,-17.421,17.625,17.625,15.525,0.019,0,23.829,23.829,21.117,0,0,0.9392,0.0701,2681.76369,217,0.080916898
CZE,2024,Cal,13.876,18.374,20.445,7.841,5.038,6.456,9.925,11.663,1.708,-0.132,10.18,14.219,16.2,4.73,2.446,78.052,74.678,72.73,82.223,84.646,62.301,57.071,54.763,68.59,73.46,946.002,716.782,627.869,459.067,353.082,4206.468,3745.414,3190.038,1027.248,445.276,2.589,2.456,2.391,3.049,3.2,0.376,0.506,0.596,0.183,0.12,1.239,1.766,2.207,0.47,0.088,8.905,8.905,8.905,1.221,0,0.833,0.833,0.833,0.005,0,0,0,0,0,0,0,0,0,0,0,20.895,18.961,19.115,24.041,27.092,19.433,19.156,18.342,1.457,0.104,1.514,1.505,1.505,0.009,0.002,0.006,0.006,0.006,0,0,0,0,0,0,0,0,0,0,0,0,19.005,13.605,10.384,13.792,1.729,4.822,4.186,3.713,4.915,0.03,0.766,0.669,0.669,1.33,0,-615.694,-458.392,-446.449,-472.765,20.389,7.577,7.577,7.573,2.084,0,5.585,5.585,5.585,2.712,0,0.9392,0.0701,2683.13831,140,0.052177705
DEU,1990,Cal,13.022,16.691,18.053,8.367,6.246,5.643,8.299,9.47,1.833,0.191,9.351,12.56,13.891,4.924,3.015,77.297,73.568,72.161,81.227,82.574,61.435,55.724,54.002,66.68,69.179,878.677,560.763,458.348,400.18,286.388,4042.271,3595.102,3028.827,1032.224,495.71,2.821,2.658,2.514,3.084,3.048,0.354,0.466,0.529,0.19,0.148,1.686,2.436,2.943,0.426,0.228,15.006,15.006,15.006,0.156,0,1.743,1.743,1.743,0.001,0,0.008,0.008,0.008,0,0,0,0,0,0,0,20.808,18.452,18.496,21.949,23.364,26.161,25.826,24.612,1.768,0.536,5.749,5.738,5.663,0.101,0.026,0.181,0.181,0.181,0,0,0,0,0,0,0,0,0,0,0,0,40.161,32.233,20.633,25.439,16.801,12.14,10.489,7.231,8.2,5.475,2.034,1.695,1.324,1.802,1.426,-1028.636,-965.515,-698.883,-342.038,-125.708,23.88,23.88,23.781,0.124,0,22.099,22.099,22.099,0.282,0,0.7229,0.2927,10631.205,1606,0.151064719
DEU,1991,Cal,12.129,16.259,17.864,6.625,3.464,4.593,7.822,9.18,0.369,-1.828,8.356,12.105,13.676,3.397,0.769,76.872,74.072,72.213,82.201,83.589,60.58,55.813,53.679,68.709,72.064,750.233,494.593,413.429,358.945,259.9,4066.349,3581.046,3032.129,1031.525,469.555,2.643,2.524,2.505,2.758,2.82,0.34,0.45,0.522,0.157,0.107,1.808,2.611,3.222,0.358,0.109,15.946,15.946,15.83,0,0,1.675,1.675,1.675,0,0,0.001,0.001,0.001,0,0,0,0,0,0,0,20.169,17.551,17.402,24.057,27.157,25.83,23.342,23.089,2.415,2.141,3.296,2.768,2.768,0.528,0.528,0.021,0.021,0.021,0,0,0,0,0,0,0,0,0,0,0,0,74.08,38.345,26.473,31.417,24.614,41.586,20.999,16.242,16.738,15.334,13.605,7.804,7.329,5.349,5.306,-1890.024,-1647.257,-1274.376,-349.709,-151.444,20.723,20.722,20.671,0.043,0.001,25.085,25.054,24.266,0,0,0.7229,0.2927,10640.099,920,0.086465361
DEU,1992,Ver,12.881,16.739,19.34,6.513,4.591,5.542,8.379,10.399,0.455,-0.859,9.226,12.652,15.016,3.332,1.694,77.713,73.775,71.515,83.425,85.674,61.841,55.815,52.984,69.819,73.902,886.125,625.295,428.739,405.784,261.561,4003.883,3561.865,3078.609,976.987,450.344,2.744,2.681,2.553,2.893,2.854,0.363,0.489,0.587,0.146,0.104,1.821,2.676,3.412,0.335,0.138,19.714,19.714,19.442,0.116,0,2.693,2.693,2.693,0,0,0.039,0.039,0.039,0,0,0,0,0,0,0,20.755,18.73,17.65,23.055,24.66,30.276,30.085,29.59,0.913,0.409,4.527,4.527,4.527,0,0,0.32,0.32,0.32,0,0,0,0,0,0,0,0,0,0,0,0,29.271,26.067,21.879,24.444,12.888,12.082,11.955,11.506,9.517,5.341,4.833,4.833,4.821,0.927,0.495,-855.328,-824.652,-684.206,-450.996,-126.132,22.474,22.474,22.001,0.047,0.001,22.305,22.305,22.091,0.818,0.03,0.7229,0.2927,10648.964,4908,0.460889904
DEU,1993,Cal,12.071,15.985,18.221,6.169,4.921,4.702,7.793,9.724,0.06,-0.685,8.369,11.927,14.058,3.005,1.983,78.331,75.507,74.281,82.028,83.839,62.694,57.981,56.197,68.507,71.722,993.16,661.927,547.263,415.541,294.832,3980.888,3515.419,2960.806,1004.555,461.385,2.787,2.594,2.565,3,3.106,0.315,0.416,0.485,0.147,0.116,1.044,1.495,1.888,0.268,0.104,6.174,6.174,6.174,0.272,0,0.329,0.329,0.329,0,0,0,0,0,0,0,0,0,0,0,0,22.042,20.029,19.635,23.982,25.292,19.55,19.146,17.99,1.762,0.504,2.55,2.524,2.52,0.016,0.012,0.001,0.001,0.001,0,0,0,0,0,0,0,0,0,0,0,0,23.974,13.521,11.262,12.399,8.056,7.352,4.567,4.38,2.86,2.331,1.236,1.223,1.222,0.026,0.014,-25.901,59.304,95.26,-253.934,-44.747,10.281,10.281,10.26,0.488,0,8.585,8.585,8.585,0.213,0,0.7229,0.2927,10657.821,1492.9,0.140075537
DEU,1994,Cal,13.21,16.82,18.913,6.199,4.023,6.03,8.588,10.342,0.558,-1.154,9.648,12.774,14.745,3.271,1.314,77.966,74.843,73.227,83.044,83.977,62.279,56.892,54.789,70.464,72.901,985.477,695.388,530.901,538.005,346.556,4003.714,3562.153,3051.674,915.831,446.03,2.805,2.704,2.522,3.135,3.085,0.357,0.473,0.558,0.143,0.107,1.425,2.064,2.576,0.142,0.101,12.857,12.857,12.849,0,0,2.312,2.312,2.312,0,0,0.006,0.006,0.006,0,0,0,0,0,0,0,21.238,19.632,19.073,24.78,25.896,23.961,21.388,20.975,2.952,2.601,5.221,5.067,5.064,0.17,0.167,0.37,0.37,0.37,0,0,0,0,0,0,0,0,0,0,0,0,21.586,15.407,12.964,10.07,10.053,6.8,4.777,4.588,2.517,2.517,1.332,1.249,1.249,0.083,0.083,-496.204,-421.746,-317.771,-24.574,-88.31,16.13,16.127,16.071,0.009,0.002,17.061,17.061,17.061,0,0,0.7229,0.2927,10666.671,1114.2,0.104456208
DEU,1995,Ver,12.292,16.481,18.256,7.104,6.04,5.053,8.273,9.797,1.167,0.934,8.719,12.451,14.161,4.133,3.527,78.26,75.752,74.263,82.432,84.868,62.514,58.05,56.416,68.997,73.395,997.362,661.189,538.643,513.991,360.497,3987.927,3551.742,2997.285,992.668,419.303,2.76,2.606,2.525,3.252,3.308,0.333,0.441,0.515,0.156,0.125,1.359,1.973,2.455,0.266,0.102,12.906,12.906,12.906,0.008,0,1.493,1.493,1.493,0,0,0,0,0,0,0,0,0,0,0,0,21.933,19.565,19.219,24.301,26.028,23.265,23.162,22.31,0.914,0.038,3.417,3.417,3.362,0.055,0,0.086,0.086,0.086,0,0,0,0,0,0,0,0,0,0,0,0,27.41,15.552,12.376,2.862,0.125,13.74,6.925,6.338,0.196,0.001,3.706,2.279,2.182,0,0,-417.498,-347.711,-237.523,-150.375,-28.211,16.409,16.409,16.403,0.06,0,17.458,17.458,17.458,0,0,0.7229,0.2927,10675.504,591.9,0.055444689
DEU,1996,Cal,10.579,14.832,16.903,4.794,1.907,3.487,6.914,8.625,-1.38,-3.643,7.012,10.912,12.878,1.519,-1.038,78.423,76.443,75.278,81.597,82.41,63.108,59.154,57.573,68.349,70.956,793.352,590.033,471.747,247.374,187.445,3885.714,3395.966,2865.747,1062.326,496.969,2.543,2.477,2.445,2.49,2.574,0.283,0.371,0.435,0.135,0.1,0.967,1.38,1.746,0.314,0.157,2.524,2.524,2.524,0,0,0.001,0.001,0.001,0,0,0,0,0,0,0,0,0,0,0,0,22.798,19.911,19.074,25.535,27.94,16.899,16.439,15.118,1.658,0.313,1.206,1.194,1.189,0.01,0.006,0,0,0,0,0,0,0,0,0,0,0,0,0,0,0,43.155,9.879,6.168,47.02,40.444,24.861,2.189,1.281,29.729,28.24,11.518,0.264,0.097,12.938,12.675,-346.011,-158.835,-125.107,-433.367,-242.965,8.098,8.087,8.053,0.041,0.011,5.489,5.489,5.489,0,0,0.7229,0.2927,10684.355,1381.3,0.129282488
DEU,1997,Cal,12.312,16.284,18.255,5.881,3.214,4.868,7.878,9.464,-0.123,-2.278,8.596,12.144,13.982,2.796,0.384,77.972,74.591,73.149,83.212,83.803,62.164,56.425,54.563,70.193,72.39,842.486,589.22,457.742,399.872,250.921,4052.697,3600.054,3079.669,943.435,458.417,2.596,2.534,2.431,2.709,2.736,0.327,0.433,0.5,0.143,0.112,1.293,1.862,2.231,0.166,0.105,6.687,6.687,6.54,0,0,0.086,0.086,0.086,0,0,0,0,0,0,0,0,0,0,0,0,21.407,18.591,18.192,25.563,28.074,22.17,21.61,20.85,1.02,0.48,1.149,1.14,1.078,0.071,0.017,0.001,0.001,0,0,0,0,0,0,0,0,0,0,0,0,0,42.488,21.467,10.338,24.433,20.06,20.865,8.462,3.854,13.734,12.148,3.733,1.675,0.888,2.093,1.997,-641.779,-497.071,-194.942,-76.083,-80.126,12.63,12.629,12.088,0.026,0.001,9.324,9.324,8.213,0,0,0.7229,0.2927,10693.176,599,0.056017034
DEU,1998,Ver,12.083,15.81,17.941,6.89,5.449,5.229,8.254,9.893,0.941,0.074,8.677,12.099,14.005,3.816,2.646,78.856,76.577,75.639,81.342,83.778,63.573,59.562,58.077,68.041,72.416,1027.504,792.994,543.469,390.014,236.478,3714.362,3251.907,2794.062,982.591,454.968,2.859,2.821,2.598,2.96,2.896,0.309,0.4,0.464,0.166,0.126,0.958,1.345,1.732,0.391,0.204,4.897,4.897,4.895,0.147,0,0.008,0.008,0.008,0,0,0,0,0,0,0,0,0,0,0,0,22.555,20.989,20.112,23.054,24.621,16.072,15.548,13.746,2.826,0.809,1.41,1.39,1.349,0.068,0.02,0.015,0.015,0.015,0.001,0,0,0,0,0,0,0,0,0,0,0,17.064,7.347,7.116,21.888,14.9,4.606,2.086,2.058,7.069,4.021,0.922,0.494,0.494,1.187,0.496,245.286,324.962,246.437,-432.613,-156.593,11.483,11.482,11.453,0.538,0,6.569,6.569,6.569,1.112,0,0.7229,0.2927,10701.993,397.3,0.037123926
DEU,1999,Cal,12.668,16.896,19.031,5.624,3.379,5.589,8.759,10.481,0.174,-1.655,9.166,12.885,14.881,2.858,0.841,78.678,75.48,73.604,84.213,85.228,63.052,57.559,55.223,71.886,74.506,974.354,619.464,488.775,550.767,306.23,3944.428,3517.891,3014.389,886.891,438.953,2.761,2.545,2.456,3.06,3.003,0.336,0.448,0.528,0.132,0.101,1.315,1.918,2.417,0.096,0.074,9.943,9.943,9.943,0.002,0,0.801,0.801,0.801,0,0,0,0,0,0,0,0,0,0,0,0,21.955,19.395,18.964,26.457,27.673,18.078,18.059,17.889,0.216,0.026,2.763,2.763,2.762,0.001,0,0.204,0.204,0.204,0,0,0,0,0,0,0,0,0,0,0,0,10.38,9.397,8.759,1.285,1.154,2.943,2.873,2.861,0.062,0.06,0.643,0.643,0.643,0,0,-449.146,-426.176,-374.413,71.619,-12.722,10.188,10.185,10.185,0.013,0,12.642,12.642,12.612,0,0,0.7229,0.2927,10710.793,414.7,0.038717955
DEU,2000,Cal,13.036,16.736,18.75,6.321,4.392,6.018,8.726,10.119,0.954,-0.5,9.542,12.785,14.525,3.636,1.971,79.401,76.666,74.732,83.867,85.324,63.927,59.332,56.677,70.887,73.69,968.753,691.584,501.275,515.813,349.224,3917.584,3472.968,3025.794,898.369,427.944,2.714,2.552,2.397,3.185,3.195,0.32,0.417,0.491,0.142,0.11,0.927,1.336,1.715,0.193,0.076,5.045,5.045,5.043,0,0,0.119,0.119,0.119,0,0,0,0,0,0,0,0,0,0,0,0,22.014,20.116,19.264,25.341,27.261,15.812,15.731,15.628,0.171,0.075,2.908,2.907,2.907,0.002,0.002,0.089,0.089,0.089,0,0,0,0,0,0,0,0,0,0,0,0,9.871,8.709,8.704,1.013,0.506,2.889,2.835,2.835,0.042,0.031,0.36,0.36,0.36,0,0,209.027,225.12,159.161,-36.006,-12.963,7.375,7.375,7.368,0.004,0.003,9.303,9.303,9.303,0.029,0,0.7229,0.2927,10719.588,581.3,0.05422783
DEU,2001,Ver,12.183,16.292,17.793,7.166,5.41,5.259,8.489,9.676,1.598,0.245,8.733,12.425,13.835,4.255,2.696,79.6,77.081,74.909,83.949,84.275,64.232,59.991,57.288,71.048,72.433,1053.182,736.014,550.403,457.612,251.4,3847.522,3405.847,2937.042,899.433,460.33,2.685,2.635,2.603,2.774,2.789,0.311,0.413,0.483,0.146,0.124,0.997,1.432,1.811,0.142,0.118,4.409,4.409,4.409,0.001,0,0.001,0.001,0.001,0,0,0,0,0,0,0,0,0,0,0,0,22.679,21.175,20.219,24.511,24.434,14.231,13.665,13.596,0.27,0.216,0.932,0.924,0.924,0.008,0.008,0.001,0.001,0.001,0,0,0,0,0,0,0,0,0,0,0,0,11.471,5.911,5.321,4.243,3.927,1.893,1.085,1.031,0.259,0.206,0.053,0.053,0.053,0,0,23.74,64.655,37.483,36.29,-38.071,6.882,6.882,6.88,0.008,0,5.675,5.675,5.675,0,0,0.7229,0.2927,10728.39,121.8,0.011353055
DEU,2002,Cal,12.751,16.466,18.526,7.226,4.334,5.754,8.528,10.36,1.16,-0.862,9.274,12.554,14.535,4.159,1.754,79.394,76.734,75.965,82.76,84.204,64.194,59.331,58.165,69.399,72.621,1110.297,738.705,551.839,483.589,356.727,3843.576,3426.917,2892.57,981.137,427.427,2.715,2.536,2.379,3.057,3.229,0.31,0.405,0.466,0.163,0.117,0.911,1.298,1.636,0.246,0.147,2.819,2.819,2.819,0,0,0.001,0.001,0.001,0,0,0,0,0,0,0,0,0,0,0,0,22.175,19.787,19.329,24.665,27.359,12.953,12.796,10.927,2.278,0.449,0.296,0.295,0.215,0.081,0,0.002,0.002,0,0.002,0,0,0,0,0,0,0,0,0,0,0,24.156,13.524,11.484,9.688,7.499,7.691,4.475,3.885,2.949,2.405,0.646,0.297,0.235,0.316,0.269,242.604,284.507,303.123,-87.599,-49.286,10.862,10.861,10.854,0.007,0,4.823,4.823,4.817,0,0,0.7229,0.2927,10737.174,122.1,0.011371707
DEU,2003,Cal,13.382,17.9,20.735,5.93,3.543,5.226,8.689,11.032,-0.349,-2.024,9.314,13.371,16.029,2.707,0.679,74.055,69.243,66.405,82.719,84.906,57.221,50.068,46.719,70.007,74.15,665.613,455.923,345.077,451.315,306.329,4479.322,3964.038,3385.332,1034.381,474.149,2.565,2.464,2.416,2.684,2.626,0.45,0.617,0.749,0.142,0.095,2.88,4.213,5.435,0.21,0.088,33.697,33.697,33.697,0,0,7.81,7.81,7.81,0,0,0.205,0.205,0.205,0,0,0,0,0,0,0,19.935,16.682,15.939,25.662,28.361,60.887,60.412,56.995,3.658,0.2,16.791,16.789,16.501,0.29,0.001,2.335,2.335,2.335,0,0,0,0,0,0,0,0,0,0,0,0,83.84,75.475,64.267,19.177,9.75,40.674,39.109,33.24,7.37,2.349,13.156,13.11,11.429,1.494,0.122,-3188.675,-3075.749,-2796.622,-207.838,-59.872,31.937,31.935,31.02,0.918,0.003,53.075,53.075,52.666,0.006,0,0.7229,0.2927,10745.941,1315.2,0.122390398
DEU,2004,Ver,12.188,16.272,18.18,6.029,4.804,5.109,8.137,9.758,0.17,-0.444,8.694,12.29,14.11,3.02,2.091,78.284,74.906,73.466,81.892,83.593,62.504,57.044,55.127,67.998,71.372,891.298,591.487,483.452,399.458,272.471,4043.093,3597.427,3049.384,1005.433,468.274,2.727,2.646,2.6,2.937,2.988,0.327,0.437,0.505,0.151,0.121,1.208,1.753,2.169,0.264,0.165,7.502,7.502,7.498,0,0,0.096,0.096,0.096,0,0,0,0,0,0,0,0,0,0,0,0,22.033,19.614,18.916,24.145,25.271,19.78,19.423,18.876,1.222,0.695,1.293,1.277,1.244,0.049,0.016,0,0,0,0,0,0,0,0,0,0,0,0,0,0,0,14.448,8.979,6.678,10.247,7.347,2.764,1.74,1.593,2.451,1.513,0.307,0.19,0.189,0.445,0.119,-446.204,-389.992,-269.214,-242.019,-98.041,9.036,9.036,9.012,0.011,0,6.813,6.813,6.785,0.41,0,0.7229,0.2927,10754.696,274.3,0.025505137
DEU,2005,Cal,12.479,16.897,18.742,5.976,3.623,5.037,8.261,9.964,0.055,-1.414,8.816,12.651,14.501,2.981,1.078,78.758,75.358,73.645,83.915,85.82,62.861,57.111,54.937,71.085,74.608,888.332,604.933,504.926,401.679,283.995,4112.346,3663.963,3079.806,1004.93,445.913,2.627,2.462,2.393,2.872,2.961,0.329,0.443,0.515,0.138,0.096,1.148,1.66,1.934,0.22,0.093,4.084,4.084,4.083,0.004,0,0.01,0.01,0.01,0,0,0,0,0,0,0,0,0,0,0,0,22.605,19.922,18.889,26.07,27.078,18.133,18.102,17.899,0.258,0.025,0.836,0.836,0.836,0,0,0,0,0,0,0,0,0,0,0,0,0,0,0,0,0,21.941,15.343,7.663,6.718,4.795,7.238,5.337,2.901,1.416,1.249,1.236,1.058,0.718,0.092,0.089,-468.098,-364.691,-144.839,-134.631,-40.194,7.906,7.904,7.536,0.017,0,7.714,7.714,7.712,0.027,0,0.7229,0.2927,10763.444,183.4,0.017039156
DEU,2006,Cal,13.119,17.244,19.576,5.357,2.86,5.709,8.877,10.776,-0.7,-2.418,9.411,13.115,15.288,2.23,0.163,78,74.821,72.679,84.156,85.626,62.173,56.951,54.083,71.324,74.566,856.33,647.929,479.323,365.171,223.897,4211.472,3747.757,3214.762,1011.381,458.196,2.638,2.561,2.464,2.631,2.574,0.368,0.492,0.586,0.13,0.091,1.623,2.355,2.961,0.34,0.095,14.639,14.639,14.56,0.001,0,1.846,1.846,1.846,0,0,0.001,0.001,0.001,0,0,0,0,0,0,0,23.232,20.829,18.885,28.619,30.27,26.143,26.084,26.042,0.081,0.054,5.824,5.824,5.824,0,0,0.499,0.499,0.499,0,0,0,0,0,0,0,0,0,0,0,0,36.474,27.53,20.488,17.625,10.287,13.376,11.633,8.772,4.604,2.229,3.191,3.166,2.846,0.428,0.09,-967.132,-877.213,-652.717,-342.631,-128.793,21.195,21.195,20.989,0.369,0.002,20.984,20.984,19.893,0.002,0,0.7229,0.2927,10772.156,482.1,0.044754272
DEU,2007,Ver,13.144,16.959,19.023,9.168,7.192,6.083,8.745,10.479,3.275,2.186,9.652,12.934,14.883,6.149,4.653,78.697,75.132,73.392,83.349,85.397,63.287,57.732,55.732,69.672,73.545,1085.704,722.61,609.818,459.095,308.601,4031.202,3623.024,3077.133,981.058,417.655,2.866,2.647,2.654,3.242,3.385,0.335,0.444,0.518,0.179,0.134,1.239,1.795,2.24,0.328,0.135,9.279,9.279,9.279,0.078,0,0.279,0.279,0.279,0,0,0,0,0,0,0,0,0,0,0,0,21.528,19.359,19.299,23.194,24.765,24.504,24.481,23.868,0.641,0.028,4.453,4.453,4.452,0.001,0,0.017,0.017,0.017,0,0,0,0,0,0,0,0,0,0,0,0,38.533,31.516,29.602,11.259,3.483,21.017,20.338,20.118,3.437,0.437,8.483,8.478,8.471,0.353,0.027,25.396,68.55,138.949,-322.973,-57.615,23.948,23.948,23.904,0.246,0,13.859,13.859,13.859,1.091,0,0.7229,0.2927,10780.853,253.9,0.023551012
DEU,2008,Cal,12.766,16.319,18.514,6.665,5.236,5.697,8.314,10.075,1.076,0.126,9.261,12.393,14.415,3.791,2.584,78.302,75.152,73.246,82.952,84.364,62.23,57.021,54.608,69.381,72.252,904.834,680.257,482.899,431.806,283.498,4029.886,3575.162,3059.045,985.608,456.87,2.74,2.643,2.484,3.006,3.065,0.34,0.447,0.53,0.149,0.121,1.313,1.886,2.46,0.223,0.152,9.181,9.181,9.181,0,0,1.084,1.084,1.084,0,0,0,0,0,0,0,0,0,0,0,0,21.182,19.74,18.724,22.959,23.723,24.313,23.221,21.633,2.693,1.099,2.566,2.485,2.437,0.128,0.081,0.015,0.015,0.015,0,0,0,0,0,0,0,0,0,0,0,0,19.558,12.063,11.935,13.191,12.15,6.793,5.008,4.994,2.427,2.336,2.373,1.891,1.891,0.484,0.484,-332.747,-251.62,-312.738,-98.299,-91.049,11.342,11.342,11.342,0.003,0,14.347,14.347,14.347,0,0,0.7229,0.2927,10789.533,538.5,0.049909482
DEU,2009,Cal,12.62,16.916,19.539,5.593,3.397,5.421,8.749,10.715,-0.043,-1.704,9.058,12.909,15.243,2.723,0.795,78.474,75.322,73.018,85.192,86.257,62.69,57.433,54.518,72.256,75.026,945.973,640.604,462.282,399.145,223.177,4055.087,3627.092,3157.772,904.831,428.517,2.647,2.6,2.508,2.689,2.632,0.336,0.449,0.538,0.122,0.092,1.308,1.905,2.426,0.132,0.101,7.445,7.445,7.369,0,0,0.177,0.177,0.177,0,0,0,0,0,0,0,0,0,0,0,0,22.354,19.56,18.442,26.372,28.355,18.95,18.936,18.262,0.649,0.013,0.899,0.898,0.898,0,0,0,0,0,0,0,0,0,0,0,0,0,0,0,0,0,29.614,17.732,14.736,11.062,11.062,9.327,5.218,4.359,3.898,3.898,1.168,0.892,0.795,0.276,0.276,-719.867,-671.805,-574.712,-8.21,-60.947,12.09,12.09,12.057,0,0,14.964,14.964,14.423,0,0,0.7229,0.2927,10798.201,262.1,0.024272562
DEU,2010,Ver,11.105,15.935,18.071,5.184,3.014,3.965,7.86,9.746,-0.57,-2.171,7.634,12,14.087,2.298,0.445,78.771,75.192,73.933,83.138,84.992,63.732,57.571,55.971,70.602,74.578,1011.17,677.956,572.369,455.34,307.799,3959.93,3527.984,2975.81,961.573,440.532,2.578,2.528,2.415,2.804,2.754,0.324,0.441,0.517,0.14,0.103,1.27,1.869,2.365,0.167,0.055,12.63,12.63,12.63,0.076,0,1.374,1.374,1.374,0,0,0.001,0.001,0.001,0,0,0,0,0,0,0,23.922,19.769,18.972,27.857,30.008,22.685,22.647,21.826,0.771,0.038,3.303,3.301,3.292,0.011,0.002,0.06,0.06,0.06,0,0,0,0,0,0,0,0,0,0,0,0,23.109,21.789,19.67,8.66,3.671,11.367,11.351,11.175,1.291,0.256,3.296,3.296,3.296,0.097,0,-126.134,-109.267,-84.942,-147.244,-13.991,16.872,16.872,16.838,0.033,0,20.291,20.291,20.291,0.542,0,0.7229,0.2927,10806.864,522,0.048302634
DEU,2011,Cal,13.507,17.579,19.658,5.508,2.91,5.75,8.698,10.617,-0.626,-2.278,9.602,13.184,15.257,2.397,0.327,77.101,72.849,71.194,82.7,85.323,60.867,54.167,52.249,70.101,75.003,812.546,559.838,479.454,388.088,322.445,4222.078,3750.138,3138.545,1026.48,434.791,2.671,2.578,2.559,2.69,2.737,0.363,0.488,0.568,0.146,0.098,1.595,2.237,2.701,0.269,0.093,11.002,11.002,10.932,0,0,0.421,0.421,0.421,0,0,0,0,0,0,0,0,0,0,0,0,20.276,17.876,18.024,24.525,28.326,35.574,34.591,32.095,3.525,0.972,7.804,7.692,7.531,0.27,0.112,0.414,0.413,0.413,0.001,0.001,0,0,0,0,0,0,0,0,0,0,93.607,63.566,41.605,21.383,2.554,57.831,37.972,25.362,12.661,0.824,21.758,16.144,11.674,4.465,0.15,-1740.802,-1323.401,-895.062,-298.909,-46.146,18.134,18.066,17.148,0.364,0.019,26.65,26.65,26.571,0,0,0.7229,0.2927,10809.206,213.9,0.019788688
DEU,2012,Cal,12.657,17.09,18.867,7.088,4.451,5.3,8.604,10.237,0.74,-0.918,9.017,12.905,14.666,3.785,1.635,77.815,74.341,72.503,83.174,84.989,61.785,55.951,53.854,69.411,73.311,935.212,588.07,490.523,385.13,304.556,4111.412,3669.232,3101.241,1064.148,470.748,2.677,2.512,2.504,2.948,3.117,0.344,0.465,0.539,0.154,0.103,1.197,1.746,2.136,0.496,0.28,6.329,6.329,6.329,0.069,0,0.081,0.081,0.081,0,0,0,0,0,0,0,0,0,0,0,0,21.692,18.848,18.878,23.217,25.807,22.553,21.718,20.184,2.4,0.841,2.178,2.165,2.087,0.094,0.013,0.022,0.022,0.021,0.001,0,0,0,0,0,0,0,0,0,0,0,27.763,16.603,10.154,47.297,37.827,7.726,4.935,3,24.514,21.81,1.041,1.015,0.789,5.871,5.49,-708.595,-639.255,-456.876,-753.084,-435.337,6.775,6.772,6.409,1.021,0.051,9.037,9.037,9.035,0.08,0,0.7229,0.2927,10811.52,268.6,0.02484387
DEU,2013,Ver,11.964,15.97,18.345,5.089,3.456,5.057,7.955,10.02,-0.582,-1.305,8.561,12.034,14.316,2.238,1.122,78.977,75.621,74.568,83.793,86.405,63.848,58.5,56.757,71.311,75.738,955.598,672.512,536.368,447.119,328.02,3898.553,3493.51,2956.019,961.354,412.936,2.614,2.517,2.44,2.713,2.758,0.325,0.434,0.511,0.129,0.093,1.256,1.833,2.316,0.153,0.058,8.469,8.469,8.468,0,0,0.144,0.144,0.144,0,0,0,0,0,0,0,0,0,0,0,0,23.198,20.867,19.446,27.707,29.289,15.132,15.098,14.395,0.67,0.006,1.973,1.971,1.905,0.066,0,0.036,0.036,0.036,0,0,0,0,0,0,0,0,0,0,0,0,13.419,8.647,8.436,4.878,4.476,3.816,3.243,3.207,0.293,0.253,1.271,1.271,1.27,0.001,0,-204.397,-170.93,-162.992,-116.051,-48.986,12.951,12.951,12.932,0.008,0,11.518,11.518,11.518,0.001,0,0.7229,0.2927,10813.824,198.6,0.018365381
DEU,2014,Cal,13.876,17.571,18.93,8.337,5.963,6.623,9.293,10.609,2.124,0.755,10.254,13.489,14.889,5.127,3.261,79.708,76.641,75.253,83.042,85.229,63.552,58.307,56.765,68.937,72.891,897.373,667.328,562.318,364.254,245.764,4075.62,3625.903,3043.167,1023.993,444.071,2.528,2.38,2.361,2.819,2.897,0.329,0.432,0.49,0.175,0.124,1.016,1.441,1.717,0.327,0.117,5.299,5.299,5.299,0.002,0,0.013,0.013,0.013,0,0,0,0,0,0,0,0,0,0,0,0,20.782,19.254,19.494,22.244,24.203,19.423,19.353,16.593,2.931,0.076,1.966,1.966,1.905,0.063,0.002,0.002,0.002,0.002,0,0,0,0,0,0,0,0,0,0,0,0,35.648,31.503,18.329,15.696,2.509,17.338,16.231,8.276,8.461,0.505,5.393,5.361,2.494,2.878,0.01,-45.887,10.783,180.341,-195.173,-19.497,7.063,7.063,6.962,0.11,0,5.872,5.872,5.872,0,0,0.7229,0.2927,10816.118,120,0.011094554
DEU,2015,Cal,13.583,17.011,19.255,7.64,5.29,6.088,8.508,10.311,1.792,0.255,9.861,12.838,14.932,4.624,2.7,76.96,72.894,70.236,84.743,86.442,60.563,54.549,51.299,71.164,74.722,816.44,541.04,417.787,402.648,259.702,4142.833,3672.696,3138.633,992.425,448.671,2.721,2.536,2.544,2.809,2.887,0.387,0.513,0.615,0.148,0.108,1.899,2.733,3.452,0.239,0.133,17.128,17.128,17.117,0,0,1.747,1.747,1.747,0,0,0.039,0.039,0.039,0,0,0,0,0,0,0,20.427,17.972,17.267,24.245,26.139,33.487,33.208,32.632,0.761,0.23,5.908,5.85,5.85,0.056,0.056,0.41,0.409,0.409,0,0,0,0,0,0,0,0,0,0,0,0,42.64,35.525,29.338,8.746,3.264,18.635,16.729,15.102,2.382,0.945,6.337,6.091,5.907,0.109,0.022,-1659.24,-1562.881,-1408.495,-142.847,-54.462,19.135,19.135,18.967,0.116,0,27.414,27.414,27.396,0,0,0.7229,0.2927,10818.4,525.7,0.048593138
DEU,2016,Ver,12.975,16.942,19.515,7.789,6.899,5.85,8.882,10.886,2.028,1.572,9.425,12.97,15.315,4.82,4.18,79.113,75.89,73.465,84.345,85.289,63.176,57.816,54.815,71.22,73.723,882.698,603.433,473.111,446.286,329.979,4056.138,3617.196,3142.577,939.541,442.972,2.521,2.351,2.316,2.904,3.193,0.339,0.453,0.546,0.15,0.132,1.512,2.204,2.812,0.282,0.177,13.207,13.207,13.179,0.011,0,0.422,0.422,0.422,0,0,0,0,0,0,0,0,0,0,0,0,20.98,19.03,18.201,23.595,24.983,18.537,18.457,18.312,0.272,0.098,1.114,1.109,1.109,0.002,0.002,0.001,0.001,0.001,0,0,0,0,0,0,0,0,0,0,0,0,41.053,28.425,20.361,9.415,8.543,19.024,13.377,9.984,2.913,2.723,5.288,4.603,4.029,0.496,0.399,-1047.202,-975.18,-684.1,-155.908,-87.488,15.516,15.516,15.412,0.061,0,22.522,22.522,21.301,0.018,0,0.7229,0.2927,10826.053,283.2,0.026159118
DEU,2017,Cal,12.987,17.274,18.847,6.593,4.203,5.793,9.139,10.414,0.477,-1.437,9.401,13.261,14.738,3.422,1.241,78.941,75.681,74.371,83.474,84.798,63.291,57.714,56.082,70.138,73.185,985.997,685.288,532.513,347.149,203.039,4018.509,3573.386,3039.96,986.808,477.44,2.68,2.58,2.426,2.627,2.648,0.335,0.449,0.512,0.148,0.108,1.033,1.502,1.861,0.273,0.132,4.038,4.038,4.038,0.028,0,0.088,0.088,0.088,0,0,0,0,0,0,0,0,0,0,0,0,22.286,19.343,18.989,24.077,25.998,13.623,13.517,11.668,2.018,0.163,0.877,0.839,0.765,0.117,0.043,0.001,0.001,0.001,0,0,0,0,0,0,0,0,0,0,0,0,21.853,16.061,14.142,26.281,16.629,7.789,5.492,5.151,10.816,7.111,2.174,1.985,1.892,1.388,0.721,-122.988,-86.379,-67.65,-432.102,-105.974,6.743,6.743,6.724,0.117,0,6.362,6.362,6.362,1.221,0,0.7229,0.2927,10833.696,394.78,0.036440011
DEU,2018,Cal,14.5,19.062,21.836,6.445,4.473,6.688,9.852,12.22,0.958,-0.244,10.596,14.527,17.18,3.608,2.049,73.893,68.894,66.301,83.124,84.86,57.345,50.134,47.293,70.064,73.514,709.869,416.375,318.323,479.327,333.64,4423.368,3952.994,3395.666,953.462,440.973,2.607,2.45,2.349,3.011,3.021,0.479,0.657,0.786,0.143,0.107,4.016,5.8,6.88,0.163,0.097,52.052,52.052,49.275,0,0,11.33,11.33,11.33,0,0,0.122,0.122,0.122,0,0,0,0,0,0,0,18.978,16.248,15.126,25.288,26.618,60.894,59.868,57.292,2.128,1.018,14.465,14.409,14.381,0.083,0.057,0.547,0.547,0.547,0,0,0,0,0,0,0,0,0,0,0,0,146.02,114.011,83.5,9.315,4.568,104.003,77.863,52.38,5.935,2.41,54.808,39.47,23.174,2.452,0.728,-4721.379,-4086.49,-3194.643,-35.001,-41.719,52.449,52.449,47.122,0.006,0,86.131,84.618,74.129,0,0,0.7229,0.2927,10841.319,2348.81,0.216653527
DEU,2019,Ver,13.973,18.003,19.978,8.125,5.829,6.41,9.457,10.872,1.89,0.335,10.21,13.805,15.562,4.878,2.941,76.068,71.859,69.213,81.64,84.131,59.802,53.535,50.274,67.532,72.01,888.505,607.912,420.296,411.166,286.843,4245.191,3769.8,3258.588,1028.159,480.747,2.698,2.619,2.42,2.994,2.912,0.415,0.558,0.661,0.19,0.129,2.278,3.325,4.332,1.179,0.409,25.046,25.046,25.046,2.778,0,4.065,4.065,4.065,0,0,0.144,0.144,0.144,0,0,0,0,0,0,0,20.28,18.146,16.899,22.101,23.98,45.817,44.134,43.256,3.624,1.301,8.753,8.698,8.692,0.057,0.05,0.768,0.766,0.766,0.001,0.001,0.007,0.007,0.007,0,0,0,0,0,0,0,44.941,38.606,37.11,60.497,33.138,20.065,17.052,16.491,49.181,26.635,7.582,6.395,6.256,30.507,15.797,-1931.568,-1871.447,-1864.598,-1541.337,-646.669,25.921,25.92,25.918,5.325,0.001,32.931,32.931,32.931,12.002,1.513,0.7229,0.2927,10848.925,2711.1,0.249895727
DEU,2020,Cal,14.085,17.663,19.941,8.42,6.702,6.603,9.048,10.665,2.547,1.5,10.384,13.475,15.502,5.378,4.015,75.14,70.097,67.573,82.579,85.425,59.148,51.954,48.674,69.18,73.507,854.738,555.067,396.605,494.665,334.18,4219.158,3775.513,3243.835,1001.762,439.309,2.701,2.534,2.345,3.113,3.172,0.418,0.559,0.665,0.174,0.128,2.355,3.436,4.423,0.247,0.103,23.658,23.658,23.658,0,0,0.962,0.962,0.962,0,0,0,0,0,0,0,0,0,0,0,0,19.521,17.173,16.125,23.129,24.616,56.53,56.008,52.533,4.379,0.866,9.369,9.351,9.282,0.092,0.022,0.157,0.157,0.157,0,0,0,0,0,0,0,0,0,0,0,0,68.682,62.442,57.043,10.04,4.78,36.577,34.969,33.32,2.821,1.177,10.953,10.883,10.744,0.148,0.009,-2574.185,-2513.606,-2403.614,-100.817,-20.531,34.971,34.971,34.488,0.482,0,38.969,38.969,38.969,0,0,0.7229,0.2927,10856.524,367.66,0.033865351
DEU,2021,Cal,12.472,16.313,18.122,7.23,5.383,5.329,8.204,9.901,1.232,-0.108,8.919,12.297,14.11,4.125,2.548,79.86,76.364,75.672,83.713,85.9,64.213,58.405,57.658,70.414,74.607,1031.374,716.773,598.731,433.639,279.252,4025.952,3600.945,3033.221,984.97,456.362,2.512,2.47,2.392,2.67,2.584,0.306,0.407,0.46,0.157,0.115,0.805,1.158,1.403,0.216,0.141,3.096,3.096,3.096,0,0,0.189,0.189,0.189,0,0,0,0,0,0,0,0,0,0,0,0,22.598,20.08,20.243,24.637,26.504,12.616,12.421,10.11,2.525,0.238,0.581,0.58,0.517,0.064,0.001,0.002,0.002,0.002,0,0,0,0,0,0,0,0,0,0,0,0,9.603,7.461,3.227,8.615,4.256,4.18,3.42,1.061,3.666,1.31,1.168,0.927,0.234,0.996,0.302,540.042,577.629,630.814,-118.557,-72.412,5.087,5.086,5.08,0.007,0,4.519,4.519,4.519,0,0,0.7229,0.2927,10862.786,147.81,0.013607007
DEU,2022,Ver,14.236,18.281,19.997,7.576,5.502,6.529,9.254,10.853,1.576,0.795,10.426,13.857,15.612,4.497,3.123,75.021,69.961,68.147,82.507,86.831,58.6,51.265,49.051,69.09,75.514,866.841,549.641,457.126,395.116,319.014,4335.483,3894.622,3263.662,1029.4,407.682,2.635,2.403,2.415,2.865,3.058,0.442,0.598,0.701,0.168,0.106,2.601,3.808,4.792,0.363,0.082,31.292,31.292,31.292,0,0,5.732,5.732,5.732,0,0,0.231,0.231,0.231,0,0,0,0,0,0,0,19.815,17.027,17.033,22.934,26.142,55.006,54.841,47.963,7.043,0.171,14.572,14.572,14.366,0.206,0,1.901,1.901,1.901,0,0,0.002,0.002,0.002,0,0,0,0,0,0,0,69.654,68.052,44.838,23.525,0.232,43.519,43.415,25.634,17.78,0,23.275,23.225,11.584,11.639,0,-2329.794,-2300.322,-1973.628,-351.973,-7.996,31.113,31.111,27.932,3.153,0,45.706,45.706,45.582,0.125,0,0.7229,0.2927,10869.027,3057.97,0.281347171
DEU,2023,Cal,14.059,18.021,19.93,8.32,5.983,6.985,9.745,11.206,2.545,1.015,10.561,13.947,15.702,5.341,3.438,76.907,72.891,70.821,83.653,85.188,61.257,55.088,52.388,70.527,73.643,1065.943,665.31,456.6,453.979,273.06,4135.86,3723.664,3221.494,957.707,441.38,2.856,2.618,2.471,2.85,2.865,0.401,0.536,0.624,0.167,0.126,2.167,3.183,3.968,0.224,0.154,24.875,24.875,24.404,0,0,2.726,2.726,2.724,0,0,0,0,0,0,0,0,0,0,0,0,21.621,19.003,17.743,23.951,25.262,33.028,32.884,31.877,0.535,0.101,8.81,8.81,8.781,0,0,0.159,0.159,0.159,0,0,0,0,0,0,0,0,0,0,0,0,58.28,56.777,44.322,3.284,2.577,39.614,39.44,32.428,0.294,0.215,22.67,22.668,20.57,0.055,0.052,-1518.511,-1501.167,-1158.159,-40.6,-53.829,31.048,31.048,29.84,0.028,0.002,39.059,39.059,37.711,0,0,0.7229,0.2927,10875.249,1240.28,0.114046124
DEU,2024,Cal,14.327,18.33,20.096,8.814,6.359,7.221,10.2,11.703,3.11,1.542,10.778,14.308,16.005,5.9,3.935,78.921,75.931,73.899,82.839,84.688,63.377,58.372,55.97,69.615,73.41,1045.393,734.788,599.788,606.974,448.086,4063.754,3641.41,3122.816,930.836,402.506,2.656,2.462,2.452,3.199,3.435,0.362,0.478,0.562,0.185,0.131,1.166,1.67,2.126,0.377,0.08,7.644,7.644,7.644,0.472,0,0.834,0.834,0.834,0.001,0,0.004,0.004,0.004,0,0,0,0,0,0,0,21.407,19.906,19.733,24.672,26.659,16.166,15.892,15.148,1.637,0.287,1.644,1.636,1.556,0.117,0.008,0.001,0.001,0.001,0,0,0,0,0,0,0,0,0,0,0,0,17.583,11.655,7.409,18.361,2.339,4.528,3.82,2.414,8.451,0.101,1.056,1.026,0.713,2.41,0,-6.939,90.128,110.043,-417.617,-10.093,8.629,8.629,8.595,1.242,0,9.743,9.743,9.743,1.348,0,0.7229,0.2927,10881.46,334.03,0.030697167
DNK,1990,Cal,12.056,14.99,16.489,7.819,6.295,6.894,8.996,10.047,3.727,2.495,9.528,12.06,13.361,5.813,4.459,80.224,77.255,75.835,83.501,85.203,68.022,62.989,60.598,73.421,76.306,845.846,554.88,439.258,398.806,279.284,3871.309,3576.252,3134.174,753.118,303.984,4.898,4.585,4.226,5.595,5.517,0.278,0.357,0.409,0.161,0.128,1.684,2.391,2.938,0.676,0.374,11.743,11.743,11.738,1.449,0.076,0.539,0.539,0.539,0.23,0,0,0,0,0,0,0,0,0,0,0,21.142,19.401,18.961,22.966,23.909,6.635,6.635,6.548,0.387,0.031,0.139,0.139,0.139,0.007,0,0,0,0,0,0,0,0,0,0,0,0,0,0,0,0,19.989,17.826,15.593,31.358,22.302,4.826,4.413,4.083,19.784,15.884,0.648,0.641,0.596,7.226,5.785,-665.093,-643.036,-572.161,-433.34,-131.134,45.974,45.965,44.724,2.65,0.15,14.633,14.633,14.633,0.006,0,0.5486,0.0178,546.257325,150,0.27459586
DNK,1991,Cal,10.938,14.106,15.66,6.014,4.02,5.85,8.234,9.448,2.174,0.552,8.44,11.211,12.647,4.114,2.363,80.772,78.717,76.883,85.372,85.496,68.537,64.505,62.065,76.334,77.552,680.283,444.008,364.455,325.793,216.649,3807.778,3500.502,3083.021,706.648,308.303,4.647,4.368,4.333,4.797,4.872,0.252,0.321,0.373,0.124,0.104,1.717,2.42,2.993,0.329,0.231,14.725,14.673,14.629,0.005,0,0.685,0.685,0.685,0,0,0,0,0,0,0,0,0,0,0,0,21.28,19.248,18.829,23.895,25.184,4.633,4.633,4.633,0,0,0,0,0,0,0,0,0,0,0,0,0,0,0,0,0,0,0,0,0,0,47.192,29.028,26.013,12.319,10.942,22.999,15.793,14.774,4.874,4.55,6.979,6.4,6.304,0.539,0.494,-881.812,-763.477,-679.403,-97.871,-89.539,47.71,47.592,47.11,0.615,0.071,16.619,16.619,16.619,0,0,0.5486,0.0178,550.7577542,NA,NA
DNK,1992,Ver,11.697,14.669,16.926,7.015,5.87,6.381,8.569,10.331,2.884,2.021,9.129,11.722,13.76,4.958,3.992,79.433,75.727,74.017,84.92,86.451,66.868,60.94,58.53,75.131,78.033,679.407,463.389,324.757,325.161,208.681,3888.116,3593.108,3156.438,738.538,303.173,4.683,4.429,4.328,5.155,5.278,0.307,0.405,0.479,0.135,0.112,3.421,4.989,6.215,0.459,0.328,54.771,54.764,53.167,0.103,0.06,16.91,16.91,16.857,0,0,0.618,0.618,0.618,0,0,0,0,0,0,0,20.562,18.582,17.662,23.165,24.189,17.26,17.253,16.816,0.393,0.007,1.115,1.115,1.115,0,0,0.001,0.001,0.001,0,0,0,0,0,0,0,0,0,0,0,0,57.657,54.075,45.873,15.039,11.976,40.865,40.004,35.19,4.84,3.82,19.22,19.073,16.961,0.265,0.17,-1270.525,-1220.609,-1030.768,-128.178,-90.837,69.144,69.144,65.249,0.418,0.056,42.936,42.936,42.845,0,0,0.5486,0.0178,555.2581833,0.2,0.000360193
DNK,1993,Cal,10.32,13.432,15.34,5.908,5.066,5.253,7.61,9.264,1.697,1.311,7.82,10.551,12.353,3.822,3.219,79.801,77.253,75.832,82.919,84.848,67.736,63.449,61.489,72.537,75.991,796.548,500.385,398.972,350.138,263.709,3707.801,3424.784,2979.501,767.476,296.298,4.785,4.463,4.485,5.124,5.455,0.253,0.325,0.379,0.143,0.117,1.709,2.417,3.028,0.679,0.24,17.458,17.458,17.401,1.605,0,1.115,1.115,1.115,0.053,0,0,0,0,0,0,0,0,0,0,0,21.349,19.145,18.776,22.896,24.772,5.724,5.61,4.8,0.968,0.113,0.348,0.348,0.348,0,0,0,0,0,0,0,0,0,0,0,0,0,0,0,0,0,56.237,46.485,44.545,15.302,5.511,28.207,24.958,24.802,6.519,1.56,11.13,10.857,10.845,2.375,0.252,-913.101,-820.037,-719.417,-381.813,-48.051,44.627,44.389,43.161,4.85,0.014,27.403,27.403,27.403,0.092,0,0.5486,0.0178,559.7586125,NA,NA
DNK,1994,Cal,11.315,14.449,16.621,4.631,3.086,6.244,8.466,10.156,1.079,0.089,8.847,11.535,13.492,2.906,1.653,79.841,77.033,75.444,85.156,85.747,67.875,62.969,60.355,76.648,78.483,853.353,561.457,410.68,504.214,328.651,3875.213,3586.158,3136.949,690.646,270.408,4.84,4.602,4.302,5.136,5.175,0.288,0.375,0.442,0.114,0.096,2.217,3.202,3.973,0.236,0.175,29.572,29.572,28.8,0.049,0,4.838,4.838,4.798,0,0,0.04,0.04,0.04,0,0,0,0,0,0,0,21.76,19.773,18.455,26.178,27.06,8.575,8.575,8.575,0.007,0,0.577,0.577,0.577,0,0,0,0,0,0,0,0,0,0,0,0,0,0,0,0,0,42.919,35.151,31.301,11.389,11.086,18.932,15.802,14.943,4.748,4.736,2.862,2.775,2.695,0.156,0.156,-850.527,-770.368,-719.407,-34.174,-99.418,52.016,51.976,50.221,0.535,0.26,27.601,27.601,27.601,0,0,0.5486,0.0178,564.2590417,0.2,0.000354447
DNK,1995,Ver,11.128,14.869,16.586,6.53,5.774,5.707,8.684,9.885,2.676,2.272,8.466,11.827,13.324,4.58,4.024,78.857,76.256,74.592,83.295,85.426,66.123,61.551,59.156,73.542,77.047,693.556,432.769,314.815,436.777,310.927,4008.024,3693.528,3247.536,771.973,304.328,4.682,4.509,4.216,5.596,5.612,0.294,0.383,0.447,0.144,0.119,2.564,3.689,4.674,0.529,0.241,37.094,37.094,36.962,0.772,0,7.52,7.52,7.52,0.04,0,0.061,0.061,0.061,0,0,0,0,0,0,0,20.716,18.498,17.774,23.967,25.634,11.694,11.681,10.115,1.565,0,1.038,1.038,0.539,0.499,0,0,0,0,0,0,0,0,0,0,0,0,0,0,0,0,53.67,39.251,35.239,6.54,2.69,30.542,25.417,24.766,1.069,0.209,15.022,14.256,14.248,0.103,0.023,-1164.024,-1080.23,-997.232,-136.105,-36.482,59.367,59.311,58.573,1.861,0.005,35.889,35.889,35.889,0,0,0.5486,0.0178,568.7594708,0.5,0.000879106
DNK,1996,Cal,9.625,13.532,15.581,3.628,1.146,4.399,7.409,8.841,-0.375,-2.522,7.052,10.493,12.277,1.653,-0.587,79.287,76.896,75.384,83.16,84.234,66.966,62.333,60.041,74.086,76.838,562.095,367.288,280.5,210.76,146.857,3811.938,3517.614,3082.346,753.856,311.744,4.423,4.254,4.131,4.55,4.533,0.261,0.342,0.4,0.123,0.092,2.167,3.133,3.925,0.515,0.286,21.86,21.86,21.86,0.132,0,1.582,1.582,1.582,0,0,0,0,0,0,0,0,0,0,0,0,23.64,20.485,17.794,28.975,29.701,8.743,8.739,8.717,0.035,0.013,0.401,0.401,0.401,0,0,0,0,0,0,0,0,0,0,0,0,0,0,0,0,0,79.51,39.649,28.239,62.654,47.507,44.374,16.233,10.917,37.449,31.488,19.261,3.525,2.819,17.192,16.478,-1851.897,-1615.082,-1415.574,-539.801,-300.368,52.327,51.734,49.672,2.904,0.64,25.064,25.064,25.064,0,0,0.5486,0.0178,573.2599,NA,NA
DNK,1997,Cal,11.132,14.621,16.719,5.453,3.514,5.886,8.472,10.251,1.367,-0.195,8.604,11.688,13.645,3.452,1.687,79.293,75.609,74.75,84.176,85.512,66.901,60.703,59.537,74.191,77.06,676.822,483.428,374.531,324.484,223.546,3915.402,3627.163,3159.703,746.879,295.262,4.521,4.385,4.165,4.885,4.869,0.291,0.387,0.448,0.131,0.102,1.889,2.668,3.245,0.39,0.213,19.689,19.687,19.309,0,0,0.679,0.679,0.674,0,0,0,0,0,0,0,0,0,0,0,0,21.311,19.038,18.419,24.904,26.507,10.462,10.462,10.042,0.389,0.005,0.462,0.462,0.461,0.001,0,0,0,0,0,0,0,0,0,0,0,0,0,0,0,0,55.994,21.999,15.038,31.252,26.799,25.204,5.24,3.827,17.751,17.197,3.827,0.623,0.535,2.993,2.993,-744.348,-568.025,-343.62,-274.648,-117.867,47.834,47.633,46.094,1.255,0.079,14.023,14.023,13.732,0,0,0.5486,0.0178,577.7603292,NA,NA
DNK,1998,Ver,10.564,13.559,15.292,6.328,5.217,5.944,8.328,9.767,2.48,2.029,8.315,11.011,12.6,4.455,3.665,81.489,79.312,79.696,83.257,86.424,70.478,66.87,67.178,73.654,79.126,908.032,691.762,475.029,352.44,211.809,3524.359,3241.9,2812.676,734.346,268.367,4.847,4.8,4.482,4.94,4.95,0.229,0.292,0.32,0.141,0.103,0.853,1.169,1.332,0.5,0.284,2.103,2.103,2.001,0.38,0.002,0.032,0.032,0.032,0.004,0,0,0,0,0,0,0,0,0,0,0,22.732,21.645,21.071,23.33,24.716,1.114,0.127,0.101,1.034,0.972,0.041,0,0,0.041,0.041,0,0,0,0,0,0,0,0,0,0,0,0,0,0,0,2.9,0.398,0.104,17.594,14.52,0.411,0.002,0.001,5.802,4.938,0.006,0,0,0.33,0.242,939.118,975.94,1014.851,-259.741,-92.744,14.731,14.726,13.725,1.55,0.136,0.244,0.244,0.244,0.291,0,0.5486,0.0178,582.2607583,5,0.008587218
DNK,1999,Cal,11.551,14.748,16.754,5.285,3.731,6.32,8.895,10.314,1.563,0.064,8.991,11.885,13.643,3.435,1.929,81.452,79.569,78.389,84.658,85.788,69.145,65.796,63.869,75.294,77.009,941.326,655.776,485.113,487.844,236.464,3776.733,3465.23,3077.958,657.796,307.05,4.571,4.256,4.072,5.016,4.803,0.257,0.327,0.378,0.126,0.099,1.203,1.654,2.043,0.258,0.168,8.541,8.534,8.465,0.102,0,0.012,0.012,0.012,0,0,0,0,0,0,0,0,0,0,0,0,22.191,20.834,20.122,25.176,25.168,3.916,3.916,3.916,0.014,0.014,0.055,0.055,0.055,0,0,0,0,0,0,0,0,0,0,0,0,0,0,0,0,0,14.915,5.898,5.284,0.997,0.994,6.025,2.346,2.305,0.002,0.001,1.066,0.575,0.575,0,0,362.251,449.673,390.681,36.224,-24.082,31.577,31.299,31.126,0.42,0,5.741,5.741,5.741,0,0,0.5486,0.0178,586.7611875,NA,NA
DNK,2000,Cal,11.668,14.456,16.038,6.777,5.622,6.817,8.799,9.988,2.775,1.873,9.289,11.689,13.077,4.801,3.784,81.534,78.986,77.628,83.386,84.907,69.893,65.627,64.139,72.672,75.611,852.122,563.848,398.28,434.886,294.652,3653.661,3365.001,2952.975,734.842,302.214,4.713,4.414,4.208,5.461,5.601,0.25,0.319,0.366,0.149,0.124,1.091,1.537,1.949,0.433,0.338,4.553,4.553,4.553,0.076,0.007,0.019,0.019,0.019,0,0,0,0,0,0,0,0,0,0,0,0,22.267,20.538,19.784,23.559,24.685,4.248,4.248,3.674,0.574,0,0.378,0.378,0.333,0.045,0,0.002,0.002,0.002,0,0,0,0,0,0,0,0,0,0,0,0,10.189,3.896,3.863,15.784,15.17,3.41,0.984,0.984,6.145,6.104,0.192,0.042,0.042,0.641,0.641,245.819,264.164,219.103,-72.772,-102.48,26.009,25.98,25.763,0.527,0.307,2.621,2.621,2.621,0,0,0.5486,0.0178,591.2636167,NA,NA
DNK,2001,Ver,10.766,13.986,15.745,6.121,4.986,5.615,8.335,9.63,2.45,1.716,8.251,11.206,12.761,4.299,3.359,81.651,79.896,78.911,85.81,87.31,69.758,66.352,64.511,76.736,79.606,844.053,629.731,506.35,400.987,253.776,3716.427,3408.038,2990.53,714.292,294.454,4.397,4.304,4.095,4.634,4.639,0.237,0.301,0.345,0.12,0.098,0.893,1.187,1.433,0.223,0.173,2.678,2.624,2.604,0,0,0.228,0.228,0.228,0,0,0,0,0,0,0,0,0,0,0,0,22.901,21.91,20.705,25.5,25.483,1.86,1.384,1.369,0.066,0.052,0.024,0,0,0,0,0,0,0,0,0,0,0,0,0,0,0,0,0,0,0,11.695,2.594,0.024,7.107,4.527,3.741,0.695,0,2.548,1.855,0.754,0.005,0,0.372,0.367,746.751,850.355,859.887,-54.578,-49.705,17.636,17.611,17.221,0.388,0,0.677,0.677,0.677,0,0,0.5486,0.0178,595.7650458,NA,NA
DNK,2002,Cal,11.672,15.222,17.579,7.087,5.31,6.613,9.272,11.28,2.809,1.132,9.205,12.31,14.515,5,3.341,80.088,77.434,76.773,84.24,85.355,67.625,62.627,61.688,74.381,76.792,874.654,560.199,409.822,431.834,311.261,3851.411,3577.377,3103.641,760.113,300.655,4.589,4.316,4.095,5.267,5.239,0.282,0.368,0.426,0.144,0.117,1.698,2.416,2.965,0.351,0.242,16.687,16.687,16.634,0.074,0.054,0.835,0.835,0.835,0,0,0,0,0,0,0,0,0,0,0,0,21.63,19.353,18.876,25.259,27.173,2.635,2.635,2.635,0.424,0.424,0,0,0,0.024,0.024,0,0,0,0,0,0,0,0,0,0,0,0,0,0,0,56.955,39.423,33.798,5.295,5.037,24.254,12.939,10.93,1.201,1.2,6.331,3.715,3.477,0.382,0.382,-772.679,-688.452,-496.971,-87.989,-57.771,44.983,44.858,43.762,1.046,0.025,7.727,7.727,7.727,0,0,0.5486,0.0178,600.266475,NA,NA
DNK,2003,Cal,11.509,14.977,17.291,4.561,2.682,5.843,8.449,10.609,0.375,-0.778,8.722,11.766,14.059,2.457,0.979,80.128,76.799,75.556,83.997,85.654,67.111,61.421,59.922,74.316,78.031,671.471,476.734,410.883,305.243,178.553,4026.161,3724.029,3200.541,781.614,295.782,4.306,4.167,4.184,4.381,4.376,0.282,0.373,0.437,0.123,0.092,1.792,2.557,3.118,0.445,0.247,14.97,14.962,14.949,0.054,0,1.416,1.416,1.416,0,0,0.154,0.154,0.154,0,0,0.003,0.003,0.003,0,0,21.896,19.009,18.861,25.138,27.205,9.759,8.708,8.673,0.034,0,0.612,0.612,0.612,0,0,0,0,0,0,0,0,0,0,0,0,0,0,0,0,0,69.471,51.058,30.067,39.525,23.91,26.53,18.65,11.897,16.681,12.497,4.316,3.6,1.689,3.223,2.616,-1064.278,-924.436,-469.068,-434.863,-135.495,48.663,48.549,43.927,3.843,0.229,13.256,13.256,13.158,0.001,0,0.5486,0.0178,604.7679042,NA,NA
DNK,2004,Ver,11.236,14.4,16.253,5.866,4.88,6.102,8.691,10.139,1.56,1.059,8.703,11.578,13.254,3.73,3.021,80.973,78.743,77.577,84.1,86.028,68.666,64.784,63.177,73.586,77.391,844.461,594.325,426.38,363.08,266.188,3838.638,3523.444,3073.907,781.461,300.161,4.597,4.563,4.429,4.625,4.67,0.254,0.325,0.374,0.13,0.103,1.332,1.888,2.313,0.439,0.223,11.252,11.252,11.047,0.02,0.008,0.355,0.355,0.355,0,0,0,0,0,0,0,0,0,0,0,0,22.112,20.43,19.921,23.562,25.655,2.876,2.868,2.868,1.054,1.054,0.033,0.033,0.033,0,0,0,0,0,0,0,0,0,0,0,0,0,0,0,0,0,12.583,9.922,5.427,27.713,12.716,2.18,2.168,0.991,12.362,6.699,0.191,0.191,0.063,2.348,0.716,80.063,132.305,178.234,-452.016,-115.287,30.618,30.609,29.695,1.807,0.016,8.567,8.567,8.567,0.097,0,0.5486,0.0178,609.2713333,155,0.254402253
DNK,2005,Cal,11.502,14.69,16.536,6.238,5.311,6.008,8.306,9.927,2.041,1.517,8.814,11.554,13.316,4.182,3.465,80.603,78.649,77.336,83.822,84.738,68.304,64.284,62.414,74.098,76.115,709.94,475.558,377.309,392.67,231.661,3961.974,3642.314,3141.582,787.014,317.675,4.542,4.154,4.113,5.136,5.353,0.261,0.329,0.381,0.137,0.121,1.378,1.925,2.262,0.363,0.293,5.493,5.493,5.278,0.205,0,0.186,0.186,0.186,0,0,0,0,0,0,0,0,0,0,0,0,21.65,20.287,19.062,24.717,24.308,1.636,1.582,1.582,0.058,0.058,0.002,0.002,0.002,0,0,0,0,0,0,0,0,0,0,0,0,0,0,0,0,0,36.561,31.074,15.948,7.56,6.812,15.905,15.033,4.995,0.968,0.874,6.001,5.957,0.731,0.082,0.044,-562.123,-505.091,-121.644,-85.388,-57.879,33.438,33.4,31.464,0.582,0.042,3.716,3.716,3.667,0,0,0.5486,0.0178,613.7747625,NA,NA
DNK,2006,Cal,12.073,15.292,17.583,5.48,4.027,6.84,9.116,10.981,1.269,0.455,9.506,12.267,14.36,3.395,2.282,81.415,78.74,77.487,85.255,87.115,69.36,64.473,62.81,75.732,79.866,867.016,586.152,425.243,305.216,213.044,3909.195,3626.733,3197.178,760.034,291.076,4.378,4.088,4.012,4.381,4.489,0.28,0.363,0.429,0.123,0.097,1.647,2.363,3.03,0.44,0.148,16.02,16.02,16,0.215,0,1.125,1.125,1.125,0,0,0,0,0,0,0,0,0,0,0,0,23.947,21.85,19.698,27.009,27.598,7.274,7.182,7.015,0.256,0.089,0.229,0.229,0.229,0,0,0,0,0,0,0,0,0,0,0,0,0,0,0,0,0,21.702,18.601,13.562,20.425,0.748,5.986,5.322,3.525,11.903,0.069,0.335,0.327,0.31,5.244,0,-226.874,-198.676,-103.559,-474.976,-34.854,47.941,47.941,47.352,2.299,0,15.633,15.633,15.633,0.049,0,0.5486,0.0178,618.3568146,6,0.009703136
DNK,2007,Ver,11.958,15.011,16.645,8.804,7.272,6.935,9.178,10.64,4.988,4.042,9.504,12.162,13.742,6.887,5.687,80.795,78.496,77.379,84.319,84.903,68.679,64.778,63.576,74.155,76.141,917.41,602.392,522.498,562.727,392.394,3799.146,3515.167,3014.225,747.697,268.08,4.807,4.501,4.52,5.569,5.963,0.265,0.335,0.381,0.161,0.14,1.223,1.681,2.005,0.343,0.254,4.005,4.005,3.983,0.02,0,0.064,0.064,0.064,0,0,0,0,0,0,0,0,0,0,0,0,21.763,20.176,20.429,24.548,25.613,4.23,4.21,3.991,0.242,0.023,0.232,0.232,0.232,0,0,0,0,0,0,0,0,0,0,0,0,0,0,0,0,0,35.299,31.1,27.281,4.031,2.642,15.569,14.473,13.746,0.746,0.595,4.506,4.331,4.251,0.009,0.008,52.89,103.853,209.97,-68.481,-9.23,35.501,35.501,33.888,0.859,0,8.331,8.331,8.33,0.001,0,0.5486,0.0178,622.9388667,NA,NA
DNK,2008,Cal,11.942,14.894,16.896,6.935,6.014,6.665,8.68,10.129,2.997,2.634,9.401,11.896,13.648,5.018,4.383,78.899,75.713,74.243,83.869,85.486,66.076,60.58,58.703,73.484,76.96,819.249,572.741,384.54,378.416,254.438,4010.994,3736.901,3288.29,760.749,294.586,4.697,4.353,4.046,5.15,5.466,0.304,0.393,0.458,0.145,0.123,2.248,3.177,4.123,0.424,0.372,29.067,29.06,29.06,0.029,0.007,5.419,5.419,5.419,0,0,0.305,0.305,0.305,0,0,0,0,0,0,0,21.086,19.607,18.173,23.584,24.301,15.2,15.062,14.044,1.018,0,1.383,1.383,1.381,0.002,0,0.01,0.01,0.01,0,0,0,0,0,0,0,0,0,0,0,0,39.862,28.49,28.49,12.471,10.037,20.962,17.717,17.717,3.868,3.291,8.462,8.331,8.331,0.346,0.267,-532.839,-447.488,-493.872,-125.969,-108.822,51.559,51.523,51.446,0.822,0.036,23.539,23.539,23.539,0,0,0.5486,0.0178,627.5239188,NA,NA
DNK,2009,Cal,11.365,14.928,17.165,5.964,4.325,6.26,8.838,10.55,2.213,0.972,8.859,11.929,13.926,4.14,2.716,80.254,76.691,75.171,85.293,86.494,67.843,61.875,59.664,75.704,78.475,792.165,500.631,370.918,342.309,186.519,3969.563,3708.307,3273.444,698.027,275.687,4.508,4.452,4.349,4.61,4.478,0.28,0.372,0.435,0.129,0.103,1.719,2.488,2.969,0.328,0.283,10.289,10.289,9.704,0,0,0.121,0.121,0.108,0,0,0,0,0,0,0,0,0,0,0,0,21.762,19.083,18.472,23.754,24.516,5.058,5.058,4.576,0.619,0.137,0.006,0.006,0.006,0,0,0,0,0,0,0,0,0,0,0,0,0,0,0,0,0,34.374,26.495,18.742,13.324,13.324,11.246,8.001,4.902,4.294,4.294,1.938,1.55,0.95,0.427,0.427,-811.13,-783.969,-568.313,-39.192,-61.344,43.798,43.766,42.93,0.122,0.032,8.946,8.946,8.77,0,0,0.5486,0.0178,632.1059708,NA,NA
DNK,2010,Ver,9.438,14.012,15.982,4.065,2.138,4.241,8.085,9.715,0.316,-1.025,6.95,11.155,12.963,2.275,0.661,81.434,78.895,77.286,85.715,87.821,69.99,64.87,62.595,77.584,81.917,773.555,547.901,432.243,396.004,287.956,3802.765,3492.999,3046.73,726.27,273.659,4.388,4.304,4.204,4.691,4.69,0.243,0.325,0.379,0.114,0.08,1.202,1.737,2.149,0.422,0.103,7.286,7.286,7.188,0.586,0,0.275,0.275,0.275,0.014,0,0.001,0.001,0.001,0,0,0,0,0,0,0,25.151,21.281,19.449,29.799,32.261,0.897,0.897,0.897,0,0,0,0,0,0,0,0,0,0,0,0,0,0,0,0,0,0,0,0,0,0,9.455,3.555,3.276,12.33,4.577,0.836,0.333,0.301,3.532,0.432,0.016,0.016,0.016,0.6,0,8.517,46.424,51.321,-229.514,-26.975,29.58,29.566,28.783,0.845,0.014,7.39,7.39,7.39,0.176,0,0.5486,0.0178,636.6880229,NA,NA
DNK,2011,Cal,11.58,14.962,16.915,4.056,1.777,6.375,8.877,10.553,-0.108,-1.993,9.022,11.965,13.812,2.006,-0.054,81.12,78.784,77.934,84.073,85.519,69.474,65.119,63.59,75.296,78.628,797.371,605.223,520.249,350.124,239.737,3777.789,3496.297,3025.84,764.705,303.514,4.749,4.543,4.402,4.804,4.829,0.254,0.327,0.374,0.12,0.089,1.175,1.562,1.802,0.334,0.136,7.318,7.26,7.195,0.098,0,0.233,0.233,0.233,0,0,0,0,0,0,0,0,0,0,0,0,22.778,20.664,20.498,27.77,30.698,6.733,6.733,6.393,0.34,0,0.367,0.367,0.367,0,0,0.001,0.001,0.001,0,0,0,0,0,0,0,0,0,0,0,0,49.567,25.178,17.835,13.158,5.707,32.699,14.993,11.689,5.647,2.312,13.468,5.857,4.226,1.896,0.265,134.284,353.845,545.12,-238.738,-57.042,31.812,30.465,27.747,3.02,0.349,7.81,7.81,7.81,0,0,0.5486,0.0178,641.270075,NA,NA
DNK,2012,Cal,10.76,14.165,15.673,6.918,5.063,5.736,8.552,9.697,2.751,1.371,8.307,11.401,12.785,4.839,3.292,80.682,78.318,76.957,83.994,85.042,69.115,65.058,63.194,74.365,76.428,888.279,622.181,486.6,284.401,209.942,3809.914,3494.818,3039.264,789.712,307.626,4.701,4.539,4.406,5.222,5.246,0.248,0.321,0.368,0.143,0.114,1.219,1.734,2.062,0.633,0.4,6.331,6.331,6.3,0.142,0.058,0.324,0.324,0.324,0,0,0,0,0,0,0,0,0,0,0,0,23.124,20.433,20.234,23.948,26.097,3.97,3.97,3.094,0.449,0,0.032,0.032,0.018,0,0,0,0,0,0,0,0,0,0,0,0,0,0,0,0,0,23.823,14.759,11.213,32.778,29.061,6.53,4.038,3.853,18.134,17.95,0.785,0.677,0.677,7.454,7.454,237.92,310.332,380.556,-408.859,-238.607,31.121,30.947,29.208,3.729,1.172,4.281,4.281,4.281,0,0,0.5486,0.0178,643.4742,NA,NA
DNK,2013,Ver,11.049,14.234,16.537,4.326,3.263,5.758,8.055,9.833,0.468,-0.197,8.467,11.222,13.298,2.389,1.537,79.731,76.982,76.816,82.925,86.072,67.025,62.163,61.02,73.514,78.141,733.643,496.026,371.659,369.634,238.829,3923.138,3625.73,3147.405,774.147,301.011,4.53,4.378,4.161,4.68,4.598,0.266,0.343,0.395,0.124,0.093,1.55,2.199,2.627,0.312,0.148,12.249,12.246,11.864,0.012,0,0.04,0.04,0.04,0,0,0,0,0,0,0,0,0,0,0,0,22.512,20.538,19.003,27.187,28.496,4.919,4.919,3.492,1.853,0,0.003,0.003,0.003,0.014,0,0,0,0,0,0,0,0,0,0,0,0,0,0,0,0,43.836,37.405,12.817,28.436,4.823,23.378,22.464,3.57,19.18,0.758,10.02,10.02,1.332,8.53,0,-865.345,-806.835,-440.589,-305.347,-46.525,42.118,42.029,36.358,4.744,0.075,10.625,10.625,10.611,0.013,0,0.5486,0.0178,648.37945,2,0.003084613
DNK,2014,Cal,12.589,15.963,17.473,7.59,5.882,7.593,9.977,11.107,3.798,2.576,10.131,13.02,14.369,5.723,4.314,81.198,78.504,76.579,85.281,86.428,69.439,64.358,61.818,76.182,78.926,854.823,536.485,392.254,457.537,320.105,3860.225,3597.814,3158.273,721.843,272.004,4.641,4.256,4.085,5.372,5.606,0.285,0.371,0.431,0.141,0.114,1.565,2.251,2.813,0.415,0.196,14.698,14.698,14.586,0.385,0.003,0.698,0.698,0.698,0,0,0,0,0,0,0,0,0,0,0,0,22.157,19.767,19.057,24.961,26.621,5.245,5.245,5.245,0,0,0.083,0.083,0.083,0,0,0,0,0,0,0,0,0,0,0,0,0,0,0,0,0,19.58,11.556,9.049,8.31,4.975,4.617,2.591,2.149,1.218,0.348,0.378,0.336,0.318,0.168,0,-428.142,-386.205,-308.018,-172.567,-34.475,35.396,35.387,34.606,1.62,0.014,9.51,9.51,9.51,0,0,0.5486,0.0178,649.2542,2,0.003080458
DNK,2015,Cal,11.71,14.194,15.788,7.403,5.674,6.799,8.484,9.652,3.758,2.545,9.292,11.389,12.808,5.578,4.101,81.344,78.893,77.607,85.624,86.468,69.27,65.108,63.174,76.315,78.374,969.338,603.989,495.424,457.938,272.906,3864.295,3591.448,3160.02,692.159,267.547,4.965,4.641,4.648,5.049,5.199,0.253,0.317,0.362,0.137,0.114,1.077,1.484,1.687,0.337,0.245,3.556,3.502,3.301,0.111,0,0.024,0.024,0.004,0,0,0,0,0,0,0,0,0,0,0,0,22.274,20.368,20.21,24.656,25.504,1.023,1.023,1.023,0,0,0,0,0,0,0,0,0,0,0,0,0,0,0,0,0,0,0,0,0,0,12.247,7.267,0.125,10.211,5.918,4.57,2.054,0.005,2.97,1.868,0.827,0.066,0,0.049,0.042,529.358,583.792,735.144,-112.219,-42.448,18.715,18.498,16.843,1.121,0.06,0.675,0.675,0.675,0,0,0.5486,0.0178,651.961325,NA,NA
DNK,2016,Ver,11.766,15.118,17.269,7.175,6.147,6.612,9.305,10.965,3.283,2.648,9.229,12.268,14.221,5.211,4.417,81.394,79.336,77.584,85.382,85.479,69.548,65.961,63.609,75.412,76.809,761.035,545.363,422.746,436.787,351.696,3819.146,3492.252,3083.625,729.284,309.819,4.48,4.21,4.157,5.005,5.457,0.264,0.34,0.399,0.136,0.123,1.422,1.983,2.441,0.417,0.231,8.367,8.363,8.065,0.256,0.054,0.126,0.126,0.126,0.02,0,0,0,0,0,0,0,0,0,0,0,21.746,20.314,19.715,24.288,26.05,1.687,1.687,1.687,0,0,0.021,0.021,0.021,0,0,0,0,0,0,0,0,0,0,0,0,0,0,0,0,0,33.081,21.551,18.346,11.964,8.879,14.801,10.228,9.226,6.553,5.563,3.486,3.318,3.255,0.94,0.873,-223.935,-157.763,23.896,-189.452,-64.688,39.422,39.394,38.764,1.268,0.17,6.871,6.871,6.865,0,0,0.5486,0.0178,653.1656375,NA,NA
DNK,2017,Cal,11.511,14.6,16.01,6.512,5.11,6.679,9.127,10.21,2.62,1.44,9.125,11.896,13.178,4.546,3.286,82.479,80.558,79.405,85.4,86.245,71.171,67.629,66.1,76.331,78.158,923.406,704.877,543.654,325.188,194.912,3679.983,3395.87,2986.384,696.25,292.069,4.714,4.599,4.456,4.853,4.896,0.234,0.295,0.333,0.129,0.105,0.755,1.017,1.236,0.41,0.284,0.932,0.932,0.932,0.302,0.004,0,0,0,0,0,0,0,0,0,0,0,0,0,0,0,22.681,21.711,21.185,23.597,24.26,1.136,1.066,1.038,0.069,0.069,0.003,0.003,0.003,0,0,0,0,0,0,0,0,0,0,0,0,0,0,0,0,0,1.066,0.005,0.005,10.638,7.523,0.078,0,0,2.582,1.58,0.015,0,0,0.133,0.069,1155.274,1184.8,1122.985,-201.534,-64.788,13.269,13.26,13.187,0.389,0.032,0.289,0.289,0.289,0.006,0,0.5486,0.0178,654.7280125,NA,NA
DNK,2018,Cal,12.486,16.234,18.966,5.948,4.796,7.078,9.691,11.776,2.296,1.359,9.834,13.053,15.501,4.111,3.075,78.466,74.791,72.879,84.276,85.586,66.287,60.549,57.72,74.909,77.107,650.072,437.515,334.62,398.226,240.75,4111.954,3814.379,3385.043,699.497,305.91,4.469,4.384,4.207,4.936,4.883,0.345,0.463,0.554,0.133,0.11,3.453,5.035,6.368,0.237,0.174,51.854,51.834,51.557,0,0,16.064,16.064,16.064,0,0,0.417,0.417,0.417,0,0,0,0,0,0,0,20.59,18.816,17.206,24.994,24.667,19.826,19.826,19.43,0.424,0,1.9,1.9,1.9,0,0,0,0,0,0,0,0,0,0,0,0,0,0,0,0,0,76.878,63.6,50.42,4.096,0.773,49.03,43.261,36.851,1.763,0.011,20.282,18.983,18.113,0.003,0,-1659.103,-1542.303,-1284.094,25.702,-16.607,71.806,71.771,69.069,0.155,0.017,42.654,42.654,42.654,0,0,0.5486,0.0178,656.2303875,NA,NA
DNK,2019,Ver,12.28,15.284,17.041,7.63,6.089,7.14,9.362,10.697,3.727,2.62,9.744,12.364,13.937,5.659,4.336,81.004,78.154,76.377,84.766,86.347,69.001,64.308,62.012,75.025,78.178,944.769,683.662,462.656,362.706,205.154,3899.537,3610.004,3178.336,751.686,300.326,4.631,4.529,4.388,5.002,4.804,0.269,0.347,0.403,0.147,0.113,1.313,1.85,2.346,0.617,0.306,7.177,7.158,7.158,0.316,0.039,0.926,0.926,0.926,0,0,0.049,0.049,0.049,0,0,0,0,0,0,0,22.411,21.026,20.009,23.593,24.375,4.589,4.556,4.507,0.082,0.033,0.195,0.195,0.195,0,0,0,0,0,0,0,0,0,0,0,0,0,0,0,0,0,24.039,16.874,15.757,30.376,19.403,7.399,5.774,5.415,12.385,7.368,0.484,0.483,0.483,2.168,1.301,-297.454,-248.051,-287.66,-412.06,-152.559,33.886,33.881,33.643,2.841,0.024,6.232,6.232,6.232,0,0,0.5486,0.0178,657.608825,NA,NA
DNK,2020,Cal,12.62,15.27,17.033,7.897,6.933,7.451,9.12,10.443,4.007,3.683,10.136,12.306,13.884,6.005,5.395,79.711,75.798,74.448,85.025,87.739,67.459,60.998,59.133,75.783,80.345,836.899,507.679,378.93,509.095,354.948,3986.15,3730.202,3244.418,744.379,256.84,4.778,4.419,4.265,5.151,5.419,0.297,0.387,0.446,0.142,0.11,1.805,2.591,3.143,0.344,0.167,10.417,10.417,10.366,0.042,0,0.403,0.403,0.403,0,0,0,0,0,0,0,0,0,0,0,0,21.168,18.853,18.326,24.294,25.95,11.687,11.687,10.045,1.642,0,0.486,0.486,0.44,0.046,0,0,0,0,0,0,0,0,0,0,0,0,0,0,0,0,44.614,42.078,36.154,8.268,2.595,24.238,24.056,23.014,1.136,0.094,7.241,7.191,7.191,0,0,-980.121,-959.962,-864.98,-31.687,-2.604,52.206,52.206,49.388,2.792,0,13.067,13.067,13.065,0.002,0,0.5486,0.0178,659.4177625,NA,NA
DNK,2021,Cal,11.489,14.923,16.578,6.74,5.108,6.399,9.056,10.408,2.957,1.906,8.984,12.033,13.547,4.843,3.511,81.25,78.886,77.644,85.336,86.47,69.398,65.217,63.648,75.832,78.85,825.172,605.899,457.21,365.903,227.957,3836.573,3541.135,3089.494,739.417,289.011,4.375,4.286,4.098,4.692,4.685,0.255,0.329,0.376,0.133,0.107,1.27,1.796,2.202,0.37,0.207,5.719,5.719,5.698,0.009,0,0.131,0.131,0.131,0,0,0,0,0,0,0,0,0,0,0,0,21.932,20.305,19.809,24.194,25.532,2.341,2.338,2.04,0.298,0,0,0,0,0,0,0,0,0,0,0,0,0,0,0,0,0,0,0,0,0,21.16,13.138,5.482,15.588,7.7,8.876,5.157,1.267,7.678,3.788,0.93,0.801,0.129,0.851,0.178,83.789,148.58,195.264,-147.876,-70.051,34.887,34.842,34.442,0.453,0.045,3.914,3.914,3.914,0,0,0.5486,0.0178,664.4339375,NA,NA
DNK,2022,Ver,12.304,15.357,16.854,7.591,6.153,6.95,9.035,10.327,3.314,2.593,9.675,12.239,13.69,5.485,4.46,79.796,76.956,75.451,83.824,85.937,67.069,62.085,60.13,73.561,77.19,794.076,490.969,409.667,385.196,280.849,3992.785,3701.409,3165.373,809.892,284.8,4.623,4.199,4.176,5.007,5.306,0.289,0.37,0.426,0.152,0.119,1.704,2.374,2.875,0.502,0.273,10.92,10.889,10.844,0.021,0,0.503,0.503,0.503,0,0,0.002,0.002,0.002,0,0,0,0,0,0,0,20.935,18.797,18.631,22.924,24.698,5.325,5.27,4.398,0.93,0.057,0.092,0.092,0.092,0,0,0,0,0,0,0,0,0,0,0,0,0,0,0,0,0,55.412,44.11,21,30.884,7.763,34.793,29.977,10.192,22.479,2.694,17.125,16.291,3.898,12.838,0.445,-902.71,-841.828,-537.404,-344.987,-41.847,50.426,50.426,41.6,8.384,0,9.855,9.855,9.789,0.066,0,0.5486,0.0178,665.82465,NA,NA
DNK,2023,Cal,12.172,15.351,17.376,7.469,5.993,6.868,9.201,10.748,3.543,2.538,9.588,12.362,14.155,5.514,4.285,79.98,76.928,75.336,85.555,86.482,67.686,62.751,60.484,76.083,78.654,1005.598,663.65,427.493,463.332,293.499,3983.896,3692.662,3304.08,721.557,295.741,4.655,4.434,4.205,4.922,5.067,0.285,0.37,0.431,0.136,0.116,1.818,2.627,3.386,0.298,0.264,22.187,22.187,22.133,0.076,0.031,2.525,2.525,2.525,0,0,0.004,0.004,0.004,0,0,0,0,0,0,0,22.382,20.42,18.944,25.258,25.804,9.355,9.355,9.192,0.162,0,1.123,1.123,1.123,0,0,0,0,0,0,0,0,0,0,0,0,0,0,0,0,0,38.811,37.47,34.639,7.83,5.022,25.765,25.752,25.563,2.353,2.164,14.698,14.698,14.698,0.39,0.39,-275.441,-252.846,-274.433,-20.191,-52.562,50.572,50.568,50.342,0.499,0.005,25.595,25.595,25.595,0,0,0.5486,0.0178,666.4146125,NA,NA
DNK,2024,Cal,12.351,15.522,17.271,6.69,5,7.424,9.83,11.094,3.017,1.608,9.966,12.747,14.289,4.901,3.375,82.068,79.63,78.228,85.395,86.642,70.688,66.572,64.547,76.485,78.586,1019.095,690.865,595.082,587.279,400.337,3733.359,3475.252,3067.89,641.901,265.941,4.616,4.348,4.28,5.244,5.304,0.263,0.338,0.39,0.133,0.104,1.074,1.47,1.728,0.238,0.123,7.187,7.095,7.011,0.054,0,0.272,0.253,0.253,0,0,0,0,0,0,0,0,0,0,0,0,23.021,21.155,21.072,26.468,28.311,1.883,1.883,1.883,0,0,0,0,0,0,0,0,0,0,0,0,0,0,0,0,0,0,0,0,0,0,16.924,6.099,4.983,1.897,0.796,6.177,1.86,1.685,0.179,0.005,1.064,0.394,0.394,0,0,852.803,938.314,977.479,7.959,-1.599,22.376,22.029,21.464,0.361,0,2.069,2.069,2.069,0,0,0.5486,0.0178,666.6602,NA,NA
ESP,1990,Cal,16.486,20.064,21.61,12.743,11.013,7.496,10.215,11.533,4.456,3.641,11.895,15.142,16.629,8.295,6.984,73.229,68.886,67.561,77.246,80.819,54.206,48.685,47.379,58.731,63.922,806.722,548.264,404.876,323.075,266.047,5296.237,4498.023,3708.206,1646.254,801.072,2.409,2.356,2.25,2.671,2.727,0.521,0.687,0.782,0.301,0.22,4.513,6.491,7.655,2.517,0.891,32.372,32.368,31.61,3.738,0.201,11.741,11.741,11.698,0.287,0.011,1.256,1.256,1.256,0.007,0,0.048,0.048,0.048,0,0,17.853,16.308,16.132,17.789,19.794,75.573,72.465,60.025,19.819,3.426,33.913,33.486,30.249,5.375,0.515,9.606,9.585,9.193,0.719,0.029,0.596,0.596,0.592,0.007,0,0.002,0.002,0.002,0,0,65.193,54.477,41.855,52.783,27.094,19.038,11.459,7.673,26.233,16.881,6.059,2.574,2.061,8.767,7.047,-913.355,-835.485,-370.445,-1398.215,-459.563,73.004,71.097,58.477,27.092,3.079,76.746,76.659,66.832,23.383,3.421,0.7065,0.6664,14200.43087,73198.1,5.154639368
ESP,1991,Cal,15.473,19.116,21.028,9.978,7.409,6.653,9.564,10.939,2.646,0.373,10.943,14.323,16.019,6.078,3.633,74.135,70.814,68.221,80.47,81.762,55.428,51.012,48.022,63.405,65.496,759.545,527.634,366.629,452.094,245.648,5257.465,4441.565,3753.383,1490.415,802.246,2.442,2.445,2.416,2.504,2.383,0.482,0.634,0.75,0.22,0.16,4.189,6.038,7.764,0.688,0.287,29.031,29.023,28.95,0.306,0,13.056,13.056,13.053,0.005,0,2.727,2.727,2.727,0,0,0.155,0.155,0.155,0,0,17.987,16.578,15.633,21.368,22.053,58.328,55.629,53.369,5.028,1.854,26.099,25.681,25.386,0.52,0.103,9.302,9.256,9.238,0.065,0,0.754,0.753,0.753,0,0,0,0,0,0,0,52.707,42.687,42.245,4.022,1.82,11.655,6.93,6.93,0.368,0.229,3.409,2.121,2.121,0.004,0.002,-146.692,-41.665,-368.608,125.154,45.13,63.412,62.664,61.436,2.657,0.476,69.402,68.222,65.989,5.977,0.137,0.7065,0.6664,14326.37799,116895.6,8.159466412
ESP,1992,Ver,15.501,18.625,20.799,9.865,8.273,6.806,9.433,10.998,1.924,0.564,11.019,14.023,15.939,5.543,3.973,76.129,73.421,71.375,79.1,80.2,57.489,53.768,51.212,61.294,63.308,925.234,724.664,515.099,316.248,181.302,5070.535,4232.943,3597.236,1573.211,863.515,2.394,2.421,2.336,2.435,2.368,0.428,0.552,0.651,0.221,0.18,3.032,4.257,5.188,1.064,0.636,16.192,16.192,15.912,0.267,0.008,4.967,4.967,4.957,0.011,0,0.49,0.49,0.49,0,0,0.003,0.003,0.003,0,0,18.694,18.209,17.293,18.849,19.175,47.617,44.129,39.681,10.024,4.374,20.602,20.149,18.68,2.413,0.676,6.803,6.775,6.674,0.169,0.051,0.366,0.366,0.366,0.001,0,0,0,0,0,0,57.852,39.838,26.819,38.355,25.002,22.379,14.151,6.675,20.019,12.543,7.146,3.608,1.809,6.61,4.811,485.233,846.814,816.359,-606.718,-460.928,57.132,53.137,45.103,12.155,3.516,51.72,50.929,44.88,9.415,1.846,0.7065,0.6664,14452.32511,40438.1,2.798034205
ESP,1993,Cal,15.322,18.476,20.413,10.59,9.722,6.543,9.082,10.666,2.885,2.105,10.798,13.74,15.55,6.451,5.542,75.03,71.939,70.46,80.086,81.233,56.222,52.132,50.267,62.922,64.618,879.497,694.274,542.902,361.748,180.192,5184.641,4361.603,3626.107,1516.174,826.055,2.417,2.459,2.388,2.413,2.374,0.439,0.568,0.658,0.217,0.187,3.194,4.406,5.486,0.901,0.764,18.853,18.851,18.737,0.096,0.002,7.857,7.857,7.841,0.003,0,1.672,1.672,1.672,0,0,0.098,0.098,0.098,0,0,18.444,18.19,17.739,19.372,18.88,52.46,48.616,42.473,9.774,3.988,19.761,19.262,18.134,1.657,0.555,6.107,6.098,6.044,0.085,0.031,0.509,0.509,0.509,0,0,0,0,0,0,0,69.939,36.195,24.467,46.304,34.525,32.911,10.158,1.188,31.853,22.882,13.498,4.974,0.161,13.349,8.536,341.263,827.833,804.242,-470.708,-492.607,53.255,49.06,43.568,10.178,4.958,49.664,49.522,46.956,2.626,0.163,0.7065,0.6664,14578.27223,33420.9,2.292514468
ESP,1994,Cal,16.52,19.776,21.293,10.487,8.671,7.772,10.156,11.371,3.071,1.72,12.064,14.951,16.356,6.608,5.016,74.855,70.866,68.434,81.151,82.957,56.198,50.89,48.204,64.292,67.087,919.409,600.787,473.266,470.537,327.183,5194.285,4417.321,3673.727,1480.341,762.394,2.446,2.408,2.474,2.583,2.579,0.496,0.65,0.759,0.217,0.165,4.461,6.428,8.116,0.688,0.355,32.055,32.055,31.658,0.499,0,17.3,17.3,17.257,0.059,0,4.54,4.54,4.537,0.003,0,0.423,0.423,0.423,0,0,18.389,16.83,16.567,20.927,21.967,58.803,57.175,51.745,7.117,1.841,30.365,30.227,28.559,1.759,0.191,12.745,12.743,12.357,0.389,0.003,1.674,1.674,1.659,0.015,0,0.028,0.028,0.028,0,0,48.158,44.112,42.218,2.471,0.968,12.581,11.629,11.138,0.603,0.114,4.451,4.289,4.255,0.037,0.003,-9.773,79.067,-53.717,173.446,-39.746,66.348,64.578,58.797,7.279,1.417,70.901,70.113,66.353,4.324,0.796,0.7065,0.6664,14704.21935,250433.4,17.03139719
ESP,1995,Ver,16.373,19.677,21.055,11.491,10.278,7.413,9.821,11.034,3.921,3.251,11.82,14.722,16.07,7.532,6.563,72.295,68.391,66.818,80.169,82.344,53.127,47.781,46.284,63.032,66.207,844.336,469.559,373.9,489.508,325.615,5300.803,4526.885,3712.466,1531.579,771.011,2.54,2.432,2.372,2.631,2.642,0.519,0.673,0.761,0.234,0.19,4.881,6.77,7.798,0.824,0.488,32.444,31.093,28.353,0.465,0.009,11.068,10.785,10.571,0.087,0,2.366,2.328,2.319,0.009,0,0.205,0.203,0.203,0,0,17.643,15.691,15.533,20.434,21.392,82.209,76.349,63.75,9.71,2.37,37.392,35.588,31.4,2.501,0.309,10.639,10.079,9.555,0.437,0.001,1.044,1.014,1.014,0.001,0,0.012,0.012,0.012,0,0,66.317,57.514,48.634,5.932,4.335,18.764,13.887,11.577,1.491,1.083,5.561,3.172,2.714,0.31,0.202,-1350.089,-985.467,-687.716,101.176,-104.999,80.099,74.866,61.032,7.392,2.311,89.157,84.306,73.506,4.304,0.763,0.7065,0.6664,14830.16647,42380.33,2.857711011
ESP,1996,Cal,15.301,18.649,20.379,11.251,9.113,6.692,9.004,10.45,3.627,2.268,10.945,13.824,15.467,7.237,5.497,73.884,69.725,67.984,78.494,80.701,55.187,49.432,47.731,60.926,64.75,965.981,508.332,406.887,466.006,385.513,5214.069,4468.948,3699.008,1582.491,778.678,2.511,2.386,2.366,2.586,2.741,0.466,0.612,0.704,0.264,0.194,3.78,5.449,6.528,1.681,0.9,25.254,25.055,23.861,3.655,1.342,7.246,7.242,7.165,0.411,0.283,1.121,1.121,1.121,0.037,0.037,0.088,0.088,0.088,0.003,0.003,18.494,16.063,15.874,19.97,21.99,66.408,64.198,56.155,13.811,4.559,27.796,27.266,25.303,4.03,1.606,7.329,7.275,7.046,0.651,0.562,0.427,0.427,0.426,0.029,0.029,0.019,0.019,0.019,0,0,34.248,30.256,27.374,17.427,9.645,4.334,3.244,3.053,6.978,5.074,0.923,0.693,0.639,2.718,2.368,157.843,140.952,196.042,-461.469,-224.502,59.659,57.537,50.884,14.902,3.878,62.387,59.951,53.423,12.633,4.099,0.7065,0.6664,14956.11359,10530.94,0.704122762
ESP,1997,Cal,16.769,20.305,21.49,11.333,9.065,7.637,10.209,11.4,3.296,1.995,12.112,15.234,16.476,7.135,5.336,73.683,69.109,68.452,79.406,82.949,54.525,48.265,47.799,61.808,67.378,878.134,518.083,459.013,455.075,389.856,5331.18,4561.933,3712.604,1587.933,759.679,2.378,2.309,2.302,2.424,2.474,0.49,0.643,0.702,0.255,0.174,3.637,5.271,5.352,1.665,0.452,14.397,14.397,11.528,2.012,0.199,1.861,1.861,1.517,0.138,0.004,0.159,0.159,0.138,0.002,0,0.004,0.004,0.004,0,0,18.059,15.824,16.409,19.93,22.896,76.64,74.257,56.773,19.367,3.347,28.41,28.022,21.783,7.045,0.79,4.861,4.843,3.899,1.096,0.061,0.049,0.049,0.045,0.005,0,0,0,0,0,0,60.035,58.121,33.871,21.725,3.366,33.424,32.989,22.875,9.463,0.748,19.006,18.962,15.404,3.649,0.209,-606.124,-649.401,238.731,-581.474,-52.402,80.311,78.793,54.725,23.188,3.203,67.316,66.855,50.351,13.587,2.436,0.7065,0.6664,15082.0607,21326.23,1.414013006
ESP,1998,Ver,15.915,19.215,20.913,11.896,9.935,6.941,9.631,11.022,3.865,2.561,11.299,14.394,15.983,7.625,5.966,73.177,69.765,68.128,78.275,81.65,54.25,49.906,48.163,60.611,65.369,782.826,570.068,453.673,415.308,327.852,5279.631,4429.103,3672.18,1615.598,807.703,2.519,2.547,2.55,2.603,2.612,0.495,0.642,0.741,0.275,0.192,4.192,5.897,7.211,1.652,0.412,28.242,28.128,27.718,2.398,0,9.998,9.998,9.952,0.292,0,1.823,1.823,1.821,0.019,0,0.149,0.149,0.149,0,0,17.759,16.932,16.841,19.166,21.073,67.747,62.921,53.354,16.268,2.937,28.195,27.327,25.164,3.816,0.304,8.936,8.852,8.746,0.262,0.02,0.839,0.838,0.838,0,0,0,0,0,0,0,61.367,45.77,41.038,23.529,10.767,13.742,8.23,7.475,6.359,4.031,3.678,2.476,2.472,1.032,0.857,-585.671,-197.8,-139.8,-773.256,-92.87,70.88,67.681,57.035,19.349,1.453,73.998,71.063,66.111,15.109,0.461,0.7065,0.6664,15208.00782,42959.34,2.824784186
ESP,1999,Cal,15.822,19.707,21.482,9.976,8.029,7.198,10.232,11.741,2.448,0.954,11.415,14.919,16.605,5.987,4.24,74.734,71.619,70.026,79.331,80.74,56.039,51.336,49.502,62.107,64.702,973.14,649.864,500.214,399.507,260.81,5134.627,4369.956,3614.188,1518.871,785.203,2.545,2.42,2.378,2.596,2.593,0.466,0.61,0.702,0.224,0.174,3.181,4.476,5.559,0.928,0.698,17.389,17.343,17.182,0.404,0.146,6.328,6.328,6.321,0.041,0,1.018,1.018,1.018,0.002,0,0.035,0.035,0.035,0,0,19.098,17.693,17.416,20.273,21.073,54.575,51.388,45.199,11.212,4.335,22.663,22.243,21,2.018,0.897,6.895,6.882,6.832,0.094,0.087,0.786,0.786,0.786,0,0,0.001,0.001,0.001,0,0,23.443,22.011,21.641,7.965,7.013,1.293,1.076,1.048,2.108,2.065,0.155,0.152,0.152,0.393,0.392,658.424,764.467,602.928,-193.143,-352.885,48.523,45.456,42.086,7.027,3.738,51.024,50.044,48.082,6.498,3.467,0.7065,0.6664,15333.95494,24034.25,1.567387545
ESP,2000,Cal,16.158,19.492,21.373,10.482,8.4,7.286,9.751,11.258,2.559,1.057,11.627,14.592,16.328,6.306,4.496,73.936,70.319,68.766,79.006,81.069,54.839,50.017,48.243,61.326,64.543,914.293,618.664,452.657,400.659,255.89,5215.592,4421.678,3667.529,1598.267,817.221,2.521,2.448,2.423,2.5,2.544,0.488,0.634,0.732,0.239,0.18,4.081,5.819,6.816,1.234,0.707,27.742,27.669,25.156,1.251,0.087,12.746,12.745,12.087,0.111,0,2.726,2.726,2.653,0.006,0,0.155,0.155,0.15,0,0,18.263,16.981,16.532,19.525,20.399,63.776,59.591,50.242,12.982,4.703,31.144,30.114,25.734,4.502,1.066,12.092,11.975,10.599,1.128,0.114,1.379,1.379,1.362,0.006,0,0.001,0.001,0.001,0,0,44.185,38.197,27.814,14.627,6.063,6.188,4.884,0.899,5.104,1.291,0.758,0.711,0.183,0.52,0.047,87.459,211.586,406.006,-320.616,-259.878,62.911,57.711,47.747,16.218,6.393,64.571,62.676,52.981,8.684,2.34,0.7065,0.6664,15459.90206,46138.17,2.984376603
ESP,2001,Ver,15.879,19.802,20.901,11.086,9.321,7.141,10.188,10.888,4.19,2.783,11.419,14.979,15.949,7.482,5.894,73.588,70.453,68.059,80.432,81.468,54.637,50.303,47.679,63.797,65.638,842.396,614.234,417.295,610.828,370.973,5227.809,4418.55,3711.505,1407.927,750.622,2.525,2.473,2.391,2.882,2.952,0.496,0.651,0.742,0.235,0.19,4.415,6.094,7.605,0.754,0.287,29.749,29.454,29.093,1.611,0,14.496,14.444,14.431,0.556,0,3.224,3.224,3.224,0.067,0,0.189,0.189,0.189,0.004,0,18.084,16.989,15.982,21.906,22.275,65.619,60.868,56.213,6.753,2.014,31.515,30.426,29.532,2.075,0.264,12.915,12.839,12.778,0.463,0.005,1.653,1.653,1.65,0.013,0,0,0,0,0,0,60.396,39.472,38.169,2.425,0.499,18.312,6.394,6.229,0.231,0.059,5.709,1.332,1.323,0.055,0,-428.285,159.05,42.234,348.213,139.592,65.655,59.124,56.726,3.671,0.604,72.357,66.097,61.451,4.732,0.006,0.7065,0.6664,15617.65038,19363.35,1.23983759
ESP,2002,Cal,16.225,19.223,20.645,11.113,8.387,7.567,9.695,10.818,3.112,0.949,11.777,14.408,15.726,6.82,4.351,74.6,70.912,69.406,77.742,79.435,55.617,50.566,48.885,59.338,62.192,909.881,603.522,464.241,289.15,175.524,5109.995,4358.091,3609.877,1590.286,816.049,2.535,2.457,2.401,2.529,2.509,0.468,0.602,0.684,0.267,0.193,3.451,4.823,5.835,1.583,1.23,19.396,19.178,18.997,0.789,0.41,8.129,8.12,8.118,0.07,0.057,1.307,1.307,1.307,0,0,0.045,0.045,0.045,0,0,18.351,16.954,16.678,18.385,19.138,60.158,56.663,48.69,15.078,6.368,26.811,26.202,24.211,3.601,1.476,9.689,9.628,9.332,0.378,0.135,0.69,0.69,0.69,0,0,0,0,0,0,0,36.462,25.426,22.986,35.077,31.635,7.669,2.633,1.966,17.751,16.921,1.895,0.441,0.357,5.924,5.831,322.113,561.369,564.763,-965.259,-852.883,53.717,50.373,44.542,12.56,8.254,49.158,46.86,43.119,13.313,7.551,0.7065,0.6664,15775.39869,25196.91,1.597228095
ESP,2003,Cal,16.898,21.132,23.417,10.92,8.535,7.801,10.945,12.808,3.497,2.119,12.291,16.038,18.159,7.034,5.137,71.655,66.87,64.15,79.291,81.734,52.77,46.445,43.54,62.261,66.306,862.57,538.624,362.451,500.555,363.587,5408.98,4626.391,3853.072,1546.002,755.567,2.456,2.341,2.3,2.697,2.824,0.597,0.806,0.96,0.243,0.175,4.981,7.279,9.188,0.926,0.414,38.141,38.137,38.015,0.174,0.108,17.337,17.337,17.326,0.005,0.005,4.541,4.541,4.541,0,0,0.197,0.197,0.197,0,0,17.842,15.684,14.634,21.076,22.979,82.788,81.013,72.242,11.318,1.915,40.481,40.349,38.681,2.02,0.154,17.488,17.486,17.364,0.184,0.003,2.874,2.874,2.874,0,0,0.026,0.026,0.026,0,0,62.779,60.791,54.019,8.986,2.023,20.487,19.982,16.527,3.991,0.536,6.64,6.398,5.3,1.341,0.242,-665.046,-769.34,-794.746,-63.962,-1.65,72.204,71.754,62.732,12.691,1.46,72.328,71.998,70.913,3.56,1.333,0.7065,0.6664,15933.147,53673.03,3.368639604
ESP,2004,Ver,15.866,19.487,21.278,10.322,9.196,7.06,9.849,11.291,2.788,1.98,11.346,14.622,16.289,6.372,5.392,73.945,69.903,68.237,80.355,82.202,54.571,49.075,47.206,63.186,66.078,796.89,541.554,372.671,529.696,323.814,5332.472,4531.96,3785.141,1516.018,793.538,2.459,2.449,2.409,2.561,2.557,0.493,0.653,0.748,0.216,0.177,4.504,6.407,7.579,0.56,0.379,33.343,33.299,29.917,0.15,0.006,11.492,11.492,10.499,0.011,0,2.086,2.086,2.071,0,0,0.182,0.182,0.182,0,0,17.975,16.544,15.604,21.29,21.542,68.937,65.647,57.328,6.906,2.477,30.072,29.625,26.536,0.844,0.29,9.932,9.927,9.077,0.02,0.003,0.605,0.605,0.6,0,0,0,0,0,0,0,55.237,48.5,41.159,3.439,3.304,11.013,9.965,9.041,0.254,0.251,3.07,2.896,2.834,0.024,0.024,-564.96,-246.493,-103.481,295.673,12.213,68.892,65.691,56.972,3.696,2.007,76.186,74.107,64.098,1.635,0.434,0.7065,0.6664,16090.89531,51732.17,3.214996369
ESP,2005,Cal,16.133,20.595,22.379,10.087,7.543,6.932,10.329,11.768,2.324,0.524,11.405,15.413,17.083,5.934,3.727,70.895,66.884,64.657,77.934,80.522,51.08,45.622,43.113,59.868,63.854,713.257,479.391,346.709,330.249,190.356,5480.909,4642.628,3863.981,1594.087,820.034,2.502,2.449,2.428,2.533,2.544,0.564,0.754,0.873,0.252,0.167,5.981,8.543,10.354,1.84,0.911,46.326,46.171,43.434,3.814,0.185,20.426,20.421,19.855,1.002,0.005,5.624,5.624,5.574,0.015,0,0.548,0.548,0.545,0,0,17.395,15.635,14.563,20.153,20.632,90.851,84.575,74.148,17.962,5.902,48.276,46.258,41.353,7.538,1.85,19.971,19.647,18.245,1.899,0.279,3.788,3.788,3.773,0.021,0,0.082,0.082,0.082,0,0,86.077,70.858,61.111,29.375,16.595,36.608,29.173,25.218,11.357,7.856,16.238,13.957,12.395,3.49,2.423,-1682.457,-1314.843,-994.535,-1045.684,-585.797,81.542,76.887,67.714,17.329,5.55,100.638,97.074,85.737,19.817,5.082,0.7065,0.6664,16248.64363,69396.79,4.270928183
ESP,2006,Cal,16.8,20.763,22.528,9.941,7.216,7.868,10.954,12.241,2.495,0.288,12.19,15.801,17.379,5.95,3.458,73.281,69.232,66.666,79.454,81.29,54.052,48.754,45.741,61.896,64.821,826.854,590.036,393.554,457.442,260.008,5334.918,4517.957,3792.941,1546.215,817.677,2.457,2.493,2.361,2.539,2.386,0.539,0.715,0.835,0.236,0.165,4.707,6.704,8.517,1.15,0.414,34.934,34.934,34.493,2.539,0.007,15.161,15.161,15.134,0.563,0,4.009,4.009,4.009,0.05,0,0.42,0.42,0.42,0.003,0,17.91,16.638,15.388,20.861,21.334,69.491,66.671,60.983,10.212,3.209,36.682,36.413,35.382,3.033,0.525,14.611,14.609,14.558,0.712,0.048,2.164,2.164,2.164,0,0,0.005,0.005,0.005,0,0,52.093,45.903,45.445,6.937,2.67,17.261,15.297,15.296,1.79,0.416,7.34,7.004,7.004,0.565,0.008,-157.71,41.56,-281.491,-22.421,-39.948,63.207,60.835,57.854,7.797,1.711,70.556,69.833,67.466,6.861,0.139,0.7065,0.6664,16406.39194,71064.87,4.331535555
ESP,2007,Ver,15.905,19.207,21.063,11.919,10.203,7.103,9.658,11.155,4.292,2.977,11.371,14.374,16.104,7.863,6.319,74.59,71.656,70.219,79.947,81.835,55.185,51.196,49.758,62.115,65.04,827.672,586.838,455.14,435.923,262.481,5199.557,4394.852,3634.53,1529.13,783.614,2.497,2.471,2.443,2.632,2.549,0.459,0.588,0.677,0.252,0.197,4.043,5.299,6.346,0.996,0.677,25.321,23.704,23.049,0.594,0.009,11.713,11.541,11.488,0.065,0,2.509,2.509,2.508,0.001,0,0.291,0.291,0.291,0,0,18.148,17.134,16.875,20.258,20.788,61.748,53.945,46.314,9.149,2.873,29.41,25.905,23.684,2.116,0.555,10.658,9.423,9.049,0.273,0.1,1.104,0.859,0.859,0.007,0.007,0.007,0.001,0.001,0.002,0.002,61.881,30.716,27.339,12.896,11.643,16.336,2.176,1.505,5.114,4.686,4.404,0.456,0.248,1.462,1.259,-283.494,579.768,713.399,-99.339,-304.522,62.462,53.65,47.39,6.306,2.071,63.001,53.029,46.083,5.363,1.809,0.7065,0.6664,16516.32646,29408.86,1.780593286
ESP,2008,Cal,15.567,18.786,20.651,10.842,9.52,6.869,9.322,10.791,2.871,1.663,11.113,14.022,15.733,6.571,5.272,75.083,71.596,70.19,78.238,79.55,55.909,51.18,49.543,59.434,61.374,982.411,695.359,503.627,343.184,203.906,5102.057,4313.601,3617.009,1585.55,862.824,2.445,2.43,2.294,2.549,2.427,0.449,0.582,0.669,0.246,0.206,3.393,4.82,5.697,1.854,1.598,21.552,21.552,20.074,2.414,1.609,9.89,9.89,9.781,0.227,0.172,1.968,1.968,1.968,0,0,0.08,0.08,0.08,0,0,18.972,17.953,17.299,18.484,18.483,58.322,54.446,45.621,18.136,9.147,27.391,26.721,23.477,6.376,3.534,10.338,10.269,9.647,1.569,1.169,0.839,0.838,0.838,0.238,0.238,0,0,0,0.004,0.004,39.073,27.439,22.457,41.377,36.569,5.491,1.344,0.59,16.436,15.544,0.982,0.317,0.187,3.821,3.689,456.915,654.398,899.092,-1195.743,-998.081,49.511,47.583,40.749,16.247,9.39,56.446,55.5,45.923,17.661,9.821,0.7065,0.6664,16626.26098,8443.49,0.507840579
ESP,2009,Cal,16.576,20.532,22.391,9.643,7.383,7.395,10.244,11.851,2.124,0.749,11.898,15.359,17.142,5.67,3.817,71.625,67.298,66.137,79.094,82.048,52.221,46.267,45.085,61.809,66.328,806.503,470.137,368.197,453.442,312.141,5388.421,4613.052,3801.339,1542.74,767.709,2.48,2.365,2.325,2.521,2.562,0.56,0.741,0.845,0.23,0.159,5.55,7.917,9.129,1.147,0.323,39.385,39.01,35.473,1.479,0,18.302,18.289,17.426,0.087,0,5.414,5.414,5.32,0.001,0,0.689,0.689,0.679,0,0,17.54,15.226,15.093,20.711,22.418,85.199,81.731,65.443,14.985,2.309,44.782,44.184,36.838,5.732,0.294,18.915,18.858,16.456,1.699,0.042,2.835,2.835,2.697,0.022,0,0.061,0.061,0.061,0,0,61.087,53.683,44.557,7.883,2.637,8.512,6.443,5.134,1.263,0.87,1.456,1.008,0.925,0.196,0.191,-1261.043,-1049.754,-551.428,-291.328,71.41,79.114,75.397,61.688,12.6,1.442,87.444,83.927,73.064,9.008,0.05,0.7065,0.6664,16736.1955,40402.48,2.414077919
ESP,2010,Ver,15.078,19.137,21.17,10.031,7.883,6.411,9.448,11.084,2.727,1.398,10.679,14.271,16.172,6.22,4.516,72.843,68.94,67.722,77.561,80.484,54.077,48.533,47.002,60.584,65.113,882.879,547.143,390.626,489.885,364.62,5201.315,4461.989,3704.837,1499.763,728.645,2.518,2.44,2.304,2.755,2.807,0.493,0.655,0.755,0.256,0.183,4.07,5.926,7.232,1.573,0.609,25.792,25.78,24.99,3.58,0.374,10.661,10.661,10.532,0.859,0.013,2.282,2.282,2.276,0.093,0,0.167,0.167,0.167,0.009,0,18.807,16.384,15.632,21.691,23.747,71.092,68.591,60.067,13.626,2.84,30.12,29.777,27.002,4.695,0.531,10.26,10.213,9.616,1.285,0.052,0.854,0.854,0.846,0.117,0.001,0,0,0,0,0,35.59,35.085,33.712,11.931,5.068,4.222,4.19,4.099,2.246,1.2,0.869,0.869,0.867,0.342,0.258,-119.191,-152.108,-164.13,-358.019,-102.755,63.916,62.95,58.42,10.194,2.557,66.241,65.874,61.452,12.652,3.467,0.7065,0.6664,16900.45415,10184.91,0.602641202
ESP,2011,Cal,17.277,20.892,22.711,10.086,8.086,7.986,10.5,12.01,2.485,1.031,12.522,15.675,17.398,6.051,4.303,71.862,66.77,64.862,79.045,81.36,52.328,45.809,43.831,61.556,64.947,703.904,432.39,313.184,433.014,271.661,5382.509,4599.408,3819.527,1523.265,776.487,2.385,2.337,2.301,2.544,2.487,0.566,0.752,0.854,0.234,0.171,5.774,8.321,9.071,0.985,0.443,44.715,44.702,35.799,0.77,0.023,19.798,19.798,15.434,0.127,0,3.417,3.417,2.9,0.006,0,0.19,0.19,0.175,0,0,16.625,14.766,14.236,20.243,21.461,91.792,88.551,74.776,11.954,4.332,46.464,46.026,39.167,2.868,0.703,17.983,17.966,14.589,0.6,0.065,1.697,1.697,1.217,0.008,0,0,0,0,0,0,90.999,79.579,60.094,7.069,5.45,37.883,33.377,21.53,1.795,1.661,15.613,14.593,10.398,0.222,0.215,-1647.347,-1429.775,-842.102,-181.289,-173.292,81.859,80.696,65.235,5.522,1.521,92.711,91.479,73.523,6,1.344,0.7065,0.6664,17064.71279,18847.52,1.10447332
ESP,2012,Cal,16.388,20.416,21.92,11.655,8.959,7.195,10.17,11.585,3.27,1.885,11.695,15.257,16.751,7.239,5.158,71.328,67.088,65.627,75.686,80.027,52.162,46.52,45.213,57.169,63.56,833.559,592.265,448.902,325.122,248.08,5367.924,4544.206,3722.437,1707.026,826.491,2.521,2.492,2.524,2.493,2.561,0.563,0.75,0.855,0.314,0.193,5.801,8.308,10.031,3.308,0.92,46.098,45.923,43.777,10.796,0.177,23.928,23.921,23.712,4.57,0.007,6.989,6.989,6.973,0.533,0,0.526,0.526,0.526,0.015,0,17.76,16.041,15.911,18.476,20.89,89.226,82.504,65.825,30.925,6.829,51.128,48.378,40.416,16.454,2.742,23.81,22.973,19.989,7.155,0.835,4.515,4.497,4.417,0.578,0.018,0.031,0.031,0.031,0,0,75.118,64.075,52.988,46.672,17.058,22.76,18.41,12.793,24.589,7.195,6.922,6.001,3.849,8.067,1.726,-853.661,-606.158,-358.395,-1444.18,-448.197,80.004,74.89,65.128,28.906,5.503,82.038,79.79,71.219,26.488,2.501,0.7065,0.6664,17228.97144,81834.94,4.749844777
ESP,2013,Ver,15.428,19.103,20.73,10.273,8.431,6.896,9.723,10.856,3.075,1.716,11.069,14.391,15.829,6.482,4.889,74.528,71.395,69.384,80.439,82.073,55.927,51.5,49.27,63.333,66.023,1014.666,646.381,451.101,582.605,358.056,5131.752,4355.467,3657.313,1463.721,766.61,2.572,2.463,2.392,2.674,2.704,0.473,0.619,0.717,0.221,0.17,3.773,5.324,6.594,0.6,0.318,26.878,26.335,25.319,0.432,0.002,9.582,9.443,9.263,0.01,0,1.646,1.639,1.636,0,0,0.104,0.104,0.104,0,0,19.272,17.607,16.619,22.161,22.703,58.221,54.967,50.414,6.77,1.708,26.442,25.804,24.982,1.177,0.196,8.643,8.549,8.489,0.045,0.004,0.913,0.913,0.912,0,0,0,0,0,0,0,33.035,29.719,27.184,1.399,0.534,2.61,1.675,1.176,0.052,0.039,0.722,0.329,0.251,0.001,0.001,619.273,714.037,499.634,387.715,88.921,56.618,54.079,50.975,2.405,1.097,57.197,55.666,51.861,2.353,0.148,0.7065,0.6664,17388.9404,17704.26,1.018133342
ESP,2014,Cal,16.764,20.191,21.444,11.243,9.007,8.019,10.343,11.558,3.775,2.288,12.287,15.196,16.482,7.314,5.433,73.946,69.691,68.367,79.102,81.433,54.616,48.698,47.482,61.724,65.499,938.847,540.564,421.509,536.467,394.264,5238.937,4513.816,3699.436,1517.586,744.245,2.527,2.396,2.389,2.817,2.933,0.497,0.649,0.725,0.254,0.185,3.884,5.622,6.599,1.124,0.539,24.146,24.111,23.027,1.656,0.542,9.325,9.325,9.208,0.323,0.139,1.513,1.513,1.492,0.01,0.007,0.05,0.05,0.048,0,0,18.48,16.376,16.279,21.046,22.784,67.248,65.486,53.78,12,2.728,30.587,30.352,27.357,2.62,0.502,10.21,10.195,9.954,0.243,0.092,0.693,0.693,0.673,0.001,0,0,0,0,0,0,38.086,36.76,30.767,8.404,3.407,5.859,5.441,3.934,2.329,0.937,1.073,0.97,0.721,0.623,0.392,81.107,43.452,214.04,-98.57,-31.37,58.524,57.508,47.66,10.025,1.881,58.434,57.709,51.823,6.346,1.402,0.7065,0.6664,17548.90935,8286.79,0.472211112
ESP,2015,Cal,17.06,20.521,22.653,11.205,8.716,7.863,10.531,12.165,3.702,2.047,12.345,15.51,17.439,7.245,5.17,72.09,67.649,64.63,79.821,81.884,52.912,47.432,44.126,62.454,66.116,743.975,505.933,370.191,478.79,343.77,5377.161,4555.926,3846.51,1497.736,755.195,2.474,2.456,2.44,2.576,2.657,0.567,0.747,0.888,0.25,0.176,5.29,7.469,9.398,1.098,0.411,40.687,40.672,39.955,1.042,0.036,16.921,16.921,16.81,0.114,0,3.225,3.225,3.225,0.021,0,0.305,0.305,0.305,0.002,0,17.013,15.448,14.482,20.657,22.194,83.003,79.389,72.244,12.525,2.495,41.195,40.641,38.144,3.577,0.479,16.423,16.368,16.063,0.283,0.035,2.475,2.465,2.465,0.02,0,0.003,0.003,0.003,0,0,67.343,51.991,50.777,4.756,1.449,24.373,17.495,17.441,1.073,0.426,7.686,5.814,5.813,0.203,0.105,-781.208,-394.312,-423.535,-53.792,-29.404,78.703,74.473,69.789,8.455,1.488,74.063,73.025,68.576,5.995,0.72,0.7065,0.6664,17708.87831,32829.86,1.853864453
ESP,2016,Ver,16.552,19.861,21.871,11.839,11.059,7.68,10.096,11.743,4.149,3.683,12,14.937,16.823,7.744,7.082,73.713,69.098,66.94,80.246,82.102,54.821,48.878,46.699,62.471,65.113,889.35,522.287,371.511,464.051,314.071,5238.012,4468.482,3722.892,1522.899,797.185,2.45,2.412,2.398,2.594,2.589,0.529,0.703,0.822,0.243,0.204,5.355,7.759,9.454,1.085,0.846,45.19,45.103,42.528,0.714,0.017,20.02,20.02,19.211,0.111,0,4.549,4.549,4.531,0,0,0.389,0.389,0.389,0,0,17.998,16.109,15.38,20.016,20.599,73.834,70.766,62.858,8.229,3.55,37.534,36.898,33.969,1.848,0.485,14.157,14.062,13.106,0.267,0.043,1.516,1.505,1.451,0.01,0.01,0.001,0.001,0.001,0.001,0.001,69.497,57.184,52.799,18.254,17.2,20.899,14.997,14.389,7.959,7.947,8.107,6.728,6.687,2.256,2.256,-491.181,-330.315,-214.699,-311.988,-425.279,73.066,71.883,66.805,7.544,4.484,81.802,80.508,72.787,5.702,1.784,0.7065,0.6664,17797.57788,23199.24,1.303505464
ESP,2017,Cal,17.175,21.275,22.78,11.622,9.444,7.775,10.908,12.2,3.48,1.909,12.365,16.057,17.509,7.256,5.343,71.405,67.162,64.972,79.285,81.6,51.556,46.202,44.186,60.828,64.526,753.314,472.214,360.267,402.755,255.714,5435.626,4617.493,3837.166,1586.544,821.15,2.467,2.382,2.382,2.362,2.393,0.583,0.773,0.882,0.256,0.183,5.685,7.792,8.874,1.391,0.567,40.937,39.794,34.476,2.662,0.085,17.848,17.793,15.744,0.809,0,4.155,4.155,4.009,0.018,0,0.218,0.218,0.216,0,0,16.979,15.21,14.916,19.223,20.147,89.595,81.864,68.658,15.473,4.409,46.825,44.442,38.405,5.213,0.912,19.452,19.183,17.01,1.19,0.117,2.979,2.976,2.634,0.065,0.011,0.034,0.034,0.034,0,0,85.589,56.537,46.103,23.303,18.688,25.433,11.93,8.708,8.776,8.111,5.28,2.482,1.964,1.791,1.742,-1721.234,-926.612,-579.548,-440.913,-217.919,76.147,70.667,61.577,6.629,0.68,86.821,77.526,67.388,8.378,0.533,0.7065,0.6664,17886.27744,66803.153,3.73488297
ESP,2018,Cal,16.907,20.609,22.826,10.66,8.471,8.234,10.927,12.662,3.12,1.581,12.484,15.73,17.778,6.7,4.848,74.435,70.273,68.471,78.902,81.13,55.501,49.852,47.877,60.902,64.474,1023.971,649.52,429.037,520.717,368.308,5256.432,4516.801,3785.775,1513.06,764.741,2.456,2.386,2.209,2.716,2.722,0.524,0.696,0.811,0.255,0.181,4.417,6.414,7.421,2.31,1.319,34.722,34.58,30.364,6.611,1.286,10.447,10.431,9.217,2.121,0.072,1.755,1.755,1.601,0.146,0.001,0.119,0.119,0.107,0.002,0,19.165,17.439,16.267,21.202,22.38,70.495,67.48,59.525,17.485,7.332,27.943,27.428,24.977,7.007,2.324,8.615,8.591,7.743,2.336,0.248,0.776,0.776,0.749,0.345,0.003,0,0,0,0,0,54.483,52.479,40.19,32.341,22.13,17.954,16.871,10.217,14.397,11.232,6.473,5.858,3.477,3.175,2.664,-106.113,-165.792,7.792,-877.206,-715.764,67.084,66.538,59.761,13.28,5.524,79.22,78.106,65.599,20.456,10.347,0.7065,0.6664,17974.977,4359.3527,0.242523409
ESP,2019,Ver,17.235,20.97,22.624,11.946,9.998,8.002,10.757,12.048,3.786,2.512,12.522,15.834,17.352,7.622,5.98,70.889,65.868,63.747,77.681,81.254,51.56,45.097,42.912,59.428,64.43,897.7,525.108,374.688,402.54,269.215,5466.503,4651.456,3868.91,1642.941,829.069,2.594,2.515,2.46,2.56,2.471,0.603,0.802,0.925,0.286,0.2,5.817,8.334,9.701,2.333,0.672,48.048,47.987,43.651,5.974,0.033,18.569,18.568,17.925,1.402,0.001,4.053,4.053,3.999,0.161,0,0.455,0.455,0.454,0.012,0,17.424,15.268,14.784,18.906,20.47,100.047,93.284,77.744,23.84,7.011,51.609,49.361,42.272,9.316,2.237,19.27,18.882,16.907,2.913,0.371,2.585,2.567,2.533,0.076,0.016,0.089,0.089,0.089,0,0,75.163,64.249,49.256,34.733,11.053,21.645,17.492,11.615,16.245,4.116,5.97,4.87,3.321,4.989,1.1,-1216.456,-1096.446,-680.239,-875.959,-145.065,84.199,80.268,65.138,20.642,3.798,86.391,86.032,74.268,18.301,0.397,0.7065,0.6664,18003.98398,26746.5698,1.485591735
ESP,2020,Cal,17.336,20.585,22.853,12.169,10.443,8.491,10.959,12.697,4.723,3.483,12.82,15.753,17.795,8.242,6.747,73.148,68.718,65.984,80.262,82.373,54.504,49.036,46.002,63.049,66.304,885.64,618.496,412.479,574.138,369.796,5271.346,4473.827,3771.153,1489.784,770.7,2.503,2.445,2.316,2.733,2.786,0.559,0.736,0.876,0.257,0.195,4.962,7.119,8.975,1.202,0.487,41.247,41.182,40.366,2.682,0.053,15.997,15.997,15.856,0.456,0.001,2.555,2.555,2.55,0.047,0,0.142,0.142,0.142,0.001,0,17.887,16.704,15.633,20.871,21.737,77.236,73.959,68.046,10.81,3.002,37.619,37.019,35.78,3.19,0.642,12.259,12.232,12.182,0.305,0.053,1,0.998,0.998,0.002,0.002,0.003,0.003,0.003,0,0,62.819,58.602,56.467,7.014,2.611,16.58,15.935,15.716,1.007,0.506,4.3,4.266,4.253,0.058,0.017,-409.097,-319.252,-501.461,-41.902,13.358,76.993,74.224,70.09,9.488,2.719,74.853,74.629,71.008,6.521,0.022,0.7065,0.6664,18032.99096,17209.3279,0.954324656
ESP,2021,Cal,16.311,19.803,21.433,11.183,9.811,7.552,10.056,11.609,3.828,3.036,11.809,14.878,16.514,7.315,6.208,74.175,69.809,68.57,80.035,82.581,55.109,48.985,47.806,63.142,66.944,917.249,550.346,451.632,491.144,341.914,5228.888,4465.357,3649.263,1519.641,769.915,2.471,2.358,2.317,2.74,2.735,0.492,0.648,0.735,0.242,0.189,4.024,5.779,6.781,0.971,0.427,23.877,23.868,23.111,0.988,0.039,11.272,11.272,11.26,0.152,0,2.608,2.608,2.608,0.005,0,0.247,0.247,0.247,0,0,18.433,16.261,16.44,20.907,22.442,66.831,65.082,54.163,9.926,1.674,29.422,29.315,25.449,2.864,0.12,10.784,10.784,10.248,0.306,0.006,1.366,1.366,1.354,0.014,0.002,0.003,0.003,0.003,0,0,50.419,47.787,39.687,10.202,3.553,12.699,11.955,9.007,3.661,0.911,5.238,5.086,3.994,1.262,0.166,-146.555,-136.604,116.543,40.841,30.818,63.383,62.754,53.277,6.939,0.385,62.355,61.711,55.801,4.617,0.223,0.7065,0.6664,18061.99794,22402.4617,1.240309172
ESP,2022,Ver,18.338,22.196,23.981,11.391,9.51,9.003,11.958,13.219,3.342,1.922,13.549,17.037,18.624,7.069,5.367,70.634,65.591,62.653,79.16,81.443,51.133,45.013,41.803,61.004,64.313,764.217,508.846,366.801,408.236,263.524,5478.108,4662.847,3934.645,1574.272,827.374,2.439,2.448,2.383,2.492,2.451,0.67,0.895,1.047,0.252,0.189,6.518,9.292,11.539,1.385,0.858,53.031,52.916,51.263,0.729,0.11,27.404,27.404,27.28,0.001,0,7.556,7.556,7.556,0,0,0.786,0.786,0.786,0,0,16.798,15.251,14.3,19.246,20.028,96.959,89.776,79.996,15.982,6.83,53.809,51.826,48.951,4.322,1.887,24.028,23.693,23.14,0.629,0.334,4.391,4.379,4.375,0.012,0.012,0.046,0.046,0.046,0,0,78.271,68.4,62.78,14.751,9.416,29.376,26.076,24.523,4.31,3.018,11.784,11.09,10.707,0.837,0.627,-1304.868,-935.145,-855.861,-396.538,-313.825,84.217,77.056,72.247,13.476,6.781,89.326,86.294,80.661,7.363,2.042,0.7065,0.6664,18091.00492,85311.8188,4.715703699
ESP,2023,Cal,17.842,21.852,23.396,12.561,9.945,8.799,11.821,13.099,4.776,2.877,13.198,16.763,18.212,8.43,6.168,71.866,67.661,66.481,78.166,80.914,52.355,46.602,45.283,60.196,64.377,890.504,577.72,390.001,416.993,288.508,5362.934,4560.959,3791.645,1569.106,806.175,2.533,2.476,2.378,2.575,2.524,0.599,0.794,0.884,0.299,0.203,5.697,8.138,9.156,1.586,0.589,43.036,42.962,36.597,2.804,0.014,18.962,18.96,17.991,0.317,0,4.883,4.883,4.871,0.011,0,0.438,0.438,0.438,0,0,17.729,16.075,15.543,19.774,21.16,88.844,83.636,66.517,17.779,4.671,45.737,44.901,36.215,6.262,0.665,19.178,19.142,16.47,1.398,0.007,2.12,2.12,2.083,0.022,0,0.029,0.029,0.029,0,0,69.562,59.859,48.458,14.081,8.615,27.561,24.349,19.89,3.677,2.383,13.627,12.885,11.63,0.582,0.234,-927.89,-731.654,-365.445,-420.43,-238.856,80.663,77.093,59.834,11.15,2.7,86.872,84.296,70.712,10.14,1.666,0.7065,0.6664,18120.0119,30485.28339,1.682409679
ESP,2024,Cal,17.143,20.216,21.756,12.841,10.696,8.449,10.878,12.02,5.178,3.739,12.664,15.501,16.888,8.8,6.994,75.934,72.56,69.987,79.354,82.093,57.26,52.826,50.005,61.594,65.875,1038.519,778.245,502.291,598.321,351.955,5150.373,4355.047,3664.008,1506.484,756.103,2.447,2.439,2.385,2.664,2.652,0.486,0.629,0.737,0.296,0.2,3.474,4.932,6.391,1.807,0.64,23.011,22.998,22.934,5.336,0.086,11.64,11.64,11.637,0.781,0.003,3.149,3.149,3.149,0,0,0.206,0.206,0.206,0,0,18.948,18.28,17.128,20.781,21.365,50.58,48.513,45.909,15.565,3.442,25.592,25.324,24.869,6.367,0.553,11.681,11.667,11.631,1.884,0.04,1.543,1.543,1.543,0.019,0,0,0,0,0,0,33.256,26.835,26.593,16.687,7.507,5.792,3.197,3.14,7.225,3.425,2.052,1.031,1.015,2.607,1.504,1103.295,1242.381,794.16,-324.329,-152.688,49.295,47.872,46.436,15.661,2.488,49.803,48.573,47.472,14.891,3.775,0.7065,0.6664,18149.01888,32996,1.81805971
FIN,1990,Cal,5.738,10.233,12.981,-1.99,-3.867,-0.184,3.733,6.055,-6.609,-8.317,2.942,7.154,9.702,-4.183,-5.964,79.834,75.767,73.01,86.794,87.636,67.188,59.536,55.538,79.13,82.268,644.519,416.059,337.691,304.905,217.971,3075.082,2978.766,2661.386,406.957,90.107,2.545,2.489,2.401,2.574,2.599,0.22,0.305,0.375,0.061,0.046,1.117,1.656,2.153,0.058,0.027,10.289,10.289,10.289,0,0,0.05,0.05,0.05,0,0,0,0,0,0,0,0,0,0,0,0,25.454,21.202,18.643,32.475,33.979,25.922,25.922,25.866,0.103,0.047,3.13,3.13,3.13,0.029,0.029,0,0,0,0,0,0,0,0,0,0,0,0,0,0,0,66.766,53.054,43.903,15.008,13.762,35.192,29.349,25.072,5.973,5.921,10.022,9.688,9.106,0.334,0.334,-1704.428,-1628.084,-1532.368,-112.04,-76.975,9.702,9.702,9.698,0.003,0,3.472,3.472,3.472,0,0,0.9767,0.7449,22108.64,434.5,0.01965295
FIN,1991,Cal,5.167,9.553,12.362,-2.762,-4.677,-0.407,3.544,5.814,-7.695,-9.741,2.497,6.677,9.235,-5.129,-7.089,82.393,79.803,76.988,86.581,86.978,70.308,64.615,59.985,79.089,81.231,728.48,542.396,431.181,241.459,154.013,2809.941,2703.487,2445.091,386.52,110.611,2.442,2.353,2.37,2.518,2.538,0.184,0.251,0.314,0.058,0.047,0.549,0.803,1.057,0.077,0.03,2.43,2.43,2.43,0,0,0.003,0.003,0.003,0,0,0,0,0,0,0,0,0,0,0,0,27.399,24.049,21.594,32.581,34.141,10.819,10.819,10.819,0,0,0.404,0.404,0.404,0,0,0,0,0,0,0,0,0,0,0,0,0,0,0,0,0,4.318,2.952,2.689,22.199,13.435,0.858,0.488,0.457,9.76,5.489,0.029,0.026,0.025,0.854,0.273,165.643,184.395,188.948,-166.796,-77.576,0.757,0.757,0.757,0.004,0,0.147,0.147,0.147,0,0,0.9767,0.7449,22115.15,226.5,0.010241848
FIN,1992,Ver,5.399,9.353,12.736,-0.282,-1.834,-0.34,3.098,5.97,-4.718,-6.477,2.695,6.419,9.56,-2.396,-4.048,80.813,77.434,74.834,88.721,88.507,68.621,62.257,58.213,81.134,82.229,790.348,586.97,481.471,324.952,205.247,2945.096,2833.085,2562.253,354.182,110.909,2.626,2.497,2.492,2.699,2.792,0.222,0.305,0.381,0.057,0.052,1.216,1.801,2.382,0.036,0.033,20.611,20.611,20.61,0,0,4.506,4.506,4.506,0,0,0.005,0.005,0.005,0,0,0,0,0,0,0,27.972,24.559,22.048,33.202,34.224,31.305,31.305,31.305,0,0,12.049,12.049,12.049,0,0,0.327,0.327,0.327,0,0,0,0,0,0,0,0,0,0,0,0,29.784,27.254,24.876,0.201,0.098,15.604,15.589,15.588,0.005,0.005,7.651,7.651,7.651,0,0,-888.778,-870.914,-839.778,-19.48,-14.02,15.298,15.298,15.293,0,0,12.886,12.886,12.886,0,0,0.9767,0.7449,22120.332,1081.5,0.048891671
FIN,1993,Cal,4.609,8.847,11.671,-2.49,-3.057,-1.133,2.396,4.894,-7.424,-7.719,1.892,5.779,8.446,-4.803,-5.248,80.298,77.386,74.996,85.54,86.49,67.753,61.578,57.751,77.265,79.865,652.923,489.767,382.4,289.65,200.582,2919.253,2809.244,2517.372,403.762,108.967,2.472,2.357,2.262,2.789,2.996,0.199,0.27,0.332,0.067,0.058,0.718,1.026,1.335,0.068,0.051,4.264,4.264,4.262,0.001,0,0.039,0.039,0.039,0,0,0,0,0,0,0,0,0,0,0,0,26.845,23.264,20.641,33.876,34.822,16.131,16.13,16.13,0.001,0.001,2.238,2.238,2.238,0,0,0.09,0.09,0.09,0,0,0,0,0,0,0,0,0,0,0,0,38.638,16.754,13.242,6.527,3.716,14.236,6.105,5.492,0.415,0.233,1.294,0.781,0.748,0.052,0.019,-481.065,-375.333,-326.154,-58.831,-24.012,4.891,4.89,4.869,0.008,0,2.453,2.453,2.453,0,0,0.9767,0.7449,22122.66,NA,NA
FIN,1994,Cal,4.797,9.994,13.2,-4.702,-6.983,-1.104,3.411,5.98,-9.127,-11.005,1.995,6.873,9.811,-6.831,-8.908,79.321,75.501,72.414,85.657,86.397,66.632,59.161,54.695,78.614,81.836,630.787,478.246,347.785,257.805,143.731,3151.431,3029.624,2722.487,425.263,119.623,2.42,2.426,2.322,2.445,2.316,0.236,0.331,0.415,0.055,0.042,1.3,1.918,2.534,0.095,0.081,16.882,16.882,16.882,0.001,0,1.066,1.066,1.066,0,0,0,0,0,0,0,0,0,0,0,0,26.17,22.258,19.357,33.143,34.237,31.593,31.593,31.586,0,0,4.338,4.338,4.338,0,0,0.01,0.01,0.01,0,0,0,0,0,0,0,0,0,0,0,0,54.005,49.644,43.89,26.333,21.233,23.434,22.218,20.025,8.363,7.909,6.299,5.944,5.01,0.493,0.493,-2050.148,-2003.017,-1946.268,-159.29,-106.792,6.108,6.108,6.108,0.019,0.001,6.771,6.771,6.771,0,0,0.9767,0.7449,22124.973,798.5,0.03609044
FIN,1995,Ver,5.211,10.22,12.727,-1.215,-2.737,-0.65,3.95,5.792,-5.528,-7.15,2.427,7.257,9.458,-3.279,-4.826,80.398,77.551,74.595,87.214,88.207,67.795,61.687,57.149,79.508,82.45,677.804,501.481,371.78,332.363,202.021,3016.908,2915.571,2654.475,376.051,97.47,2.583,2.528,2.41,2.804,2.753,0.217,0.299,0.37,0.063,0.05,0.989,1.463,1.932,0.042,0.018,11.09,11.09,11.09,0,0,0.178,0.178,0.178,0,0,0,0,0,0,0,0,0,0,0,0,27.125,23.399,20.973,33.016,34.151,13.568,13.568,13.563,0.007,0,0.745,0.745,0.745,0,0,0,0,0,0,0,0,0,0,0,0,0,0,0,0,0,22.826,17.439,16.779,8.483,4.256,6.454,5.996,5.973,3.425,1.232,1.85,1.85,1.85,1.289,0.355,-769.376,-729.687,-718.034,-90.154,-39.602,2.882,2.882,2.881,0,0,3.722,3.722,3.722,0,0,0.9767,0.7449,22126.134,526.5,0.023795391
FIN,1996,Cal,4.59,9.492,12.114,-4.011,-7.098,-1.195,3.028,5.103,-9.113,-12.093,1.832,6.41,8.808,-6.484,-9.493,80.578,76.958,74.009,85.511,85.644,67.885,60.449,56.073,77.657,80.285,638.067,440.099,352.69,221.313,117.179,3074.058,2970.429,2653.964,434.485,115.574,2.392,2.365,2.341,2.442,2.417,0.206,0.288,0.357,0.059,0.044,1.111,1.648,2.151,0.063,0.036,11.387,11.387,11.383,0,0,0.062,0.062,0.062,0,0,0,0,0,0,0,0,0,0,0,0,26.911,23.19,20.836,33.324,34.741,20.24,20.24,20.24,0.005,0,1.189,1.189,1.189,0,0,0,0,0,0,0,0,0,0,0,0,0,0,0,0,0,76.867,71.194,43.441,20.113,10.155,48.418,45.612,29.029,6.179,3.235,17.674,16.697,11.645,1.143,0.977,-1520.299,-1472.066,-1158.246,-127.808,-74.311,2.827,2.827,2.827,0.001,0,1.494,1.494,1.494,0,0,0.9767,0.7449,22126.401,441.062,0.019933743
FIN,1997,Cal,5.198,10.083,13.376,-2.213,-4.339,-0.966,3.39,5.994,-7.316,-9.745,2.298,6.942,9.934,-4.648,-6.916,78.326,74.504,71.918,85.56,86.802,65.333,58.012,53.98,77.567,80.777,607.942,444.589,341.955,349.242,234.175,3216.299,3105.897,2805.604,399.163,104.954,2.492,2.448,2.346,2.773,2.713,0.25,0.349,0.435,0.064,0.045,1.292,1.913,2.514,0.067,0.011,18.772,18.772,18.772,0.004,0,0.776,0.776,0.776,0,0,0.003,0.003,0.003,0,0,0,0,0,0,0,26.97,23.246,20.836,32.924,34.443,29.411,29.411,29.238,0.172,0,5.306,5.306,5.285,0.021,0,0.369,0.369,0.369,0,0,0,0,0,0,0,0,0,0,0,0,47.388,39.378,32.265,23.63,1.267,21.101,19.131,15.919,16.591,0.02,7.962,7.739,7.221,5.381,0,-1745.295,-1693.958,-1638.679,-309.461,-13.74,7.108,7.108,7.093,0.009,0,7.419,7.419,7.419,0,0,0.9767,0.7449,22123.702,1161.179,0.052485746
FIN,1998,Ver,4.079,8.913,11.975,-3.912,-5.283,-1.7,2.742,5.456,-8.915,-10.228,1.306,5.94,8.845,-6.305,-7.622,81.736,79.764,77.997,85.646,86.813,69.623,64.352,61.393,78.048,81.622,805.976,608.199,480.247,289.177,203.601,2849.354,2745.504,2431.359,414.465,101.854,2.449,2.419,2.364,2.428,2.439,0.173,0.235,0.289,0.056,0.044,0.393,0.574,0.714,0.047,0.014,0.904,0.904,0.904,0,0,0,0,0,0,0,0,0,0,0,0,0,0,0,0,0,27.995,25.017,23.022,33.188,34.573,10.93,10.93,10.93,0,0,0.402,0.402,0.402,0,0,0,0,0,0,0,0,0,0,0,0,0,0,0,0,0,7.238,4.06,2.499,10.426,7.334,1.244,1.117,1.037,2.357,2.059,0.174,0.166,0.166,0.253,0.23,505.836,540.858,573.671,-80.703,-47.717,0.616,0.616,0.591,0.006,0,0.013,0.013,0.013,0,0,0.9767,0.7449,22120.611,133.07,0.006015657
FIN,1999,Cal,5.231,10.643,13.666,-4.12,-6.897,-0.621,4.118,6.349,-8.53,-11.291,2.461,7.57,10.244,-6.246,-8.999,79.622,76.357,72.72,86.168,85.678,67.086,60.342,54.859,79.125,80.624,669.495,443.416,322.184,295.124,164.704,3056.034,2955.867,2688.313,384.627,103.294,2.43,2.357,2.301,2.477,2.404,0.237,0.331,0.417,0.054,0.044,1.191,1.764,2.33,0.069,0.025,12.035,12.035,12.035,0,0,0.394,0.394,0.394,0,0,0,0,0,0,0,0,0,0,0,0,25.838,21.959,19.123,32.996,34.075,27.659,27.659,27.659,0,0,2.482,2.482,2.482,0,0,0.013,0.013,0.013,0,0,0,0,0,0,0,0,0,0,0,0,32.34,31.408,28.523,5.684,3.026,13.4,13.396,13.288,0.127,0.03,4.419,4.419,4.419,0,0,-1652.399,-1637.305,-1609.042,-69.367,-34.695,2.575,2.575,2.575,0.025,0,3.641,3.641,3.641,0,0,0.9767,0.7449,22114.672,625.24,0.028272633
FIN,2000,Cal,6.244,10.674,13.265,-1.781,-3.702,0.671,4.355,6.335,-6.361,-8.288,3.586,7.654,9.954,-3.973,-5.879,81.856,78.122,75.742,86.582,87.129,69.542,62.138,58.203,78.809,81.304,753.893,521.544,410.584,364.93,234.021,3028.956,2929.227,2629.394,410.174,109.039,2.518,2.531,2.42,2.744,2.752,0.202,0.282,0.344,0.064,0.053,0.65,0.966,1.228,0.055,0.024,2.245,2.245,2.238,0,0,0,0,0,0,0,0,0,0,0,0,0,0,0,0,0,26.767,23.245,21.008,32.603,33.768,16.133,16.133,16.133,0,0,0.963,0.963,0.963,0,0,0,0,0,0,0,0,0,0,0,0,0,0,0,0,0,19.77,19.365,11.511,2.772,0.977,4.428,4.374,2.713,0.19,0.007,0.234,0.234,0.132,0,0,-234.998,-224.947,-128.713,-39.687,-15.239,3.474,3.474,3.444,0.001,0,0.362,0.362,0.362,0,0,0.9767,0.7449,22105.769,266.5114,0.012056192
FIN,2001,Ver,4.894,10.065,13.508,-1.734,-3.275,-0.897,3.763,6.698,-5.895,-7.162,2.127,7.053,10.261,-3.733,-5.136,80.511,77.677,75.038,87.897,89.383,68.218,61.993,57.722,81.058,84.764,656.925,514.276,419.314,304.807,211.829,2986.951,2866.524,2570.863,402.585,103.789,2.441,2.391,2.439,2.394,2.356,0.212,0.293,0.368,0.055,0.039,0.816,1.202,1.582,0.066,0.009,6.935,6.935,6.935,0.006,0,0.075,0.075,0.075,0,0,0,0,0,0,0,0,0,0,0,0,26.984,23.3,20.684,32.513,33.89,18.658,18.658,18.658,0,0,1.94,1.94,1.94,0,0,0.008,0.008,0.008,0,0,0,0,0,0,0,0,0,0,0,0,18.502,11.074,8.806,10.151,0.537,3.768,2.445,2.294,1.76,0.056,0.341,0.338,0.338,0.103,0.001,-385.606,-326.587,-306.27,-128.373,-18.111,1.676,1.676,1.675,0.029,0,0.653,0.653,0.653,0,0,0.9767,0.7449,22093.175,190.2153,0.008609686
FIN,2002,Cal,5.309,10.96,14.784,-2.817,-5.157,-0.837,4.14,7.394,-7.787,-10.173,2.393,7.708,11.291,-5.167,-7.518,78.948,75.155,72.697,86.491,86.322,66.007,58.287,54.485,79.108,80.731,569.359,403.002,348.429,272.702,172.026,3250.991,3146.55,2817.172,398.805,107.885,2.288,2.223,2.191,2.536,2.627,0.251,0.354,0.442,0.058,0.049,1.412,2.093,2.649,0.044,0.028,17.5,17.5,17.184,0,0,0.628,0.628,0.625,0,0,0,0,0,0,0,0,0,0,0,0,25.912,21.483,18.9,33.305,34.507,28.483,28.483,28.286,0,0,5.312,5.312,5.312,0,0,0.099,0.099,0.099,0,0,0,0,0,0,0,0,0,0,0,0,99.182,62.416,40.627,7.627,7.324,66.103,36.369,19.051,1.322,1.322,30.598,14.207,5.788,0.003,0.003,-2425.488,-2050.649,-1657.563,-56.143,-51.343,11.422,11.422,11.253,0,0,8.809,8.809,7.7,0,0,0.9767,0.7449,22078.83,591.2543,0.026779241
FIN,2003,Cal,5.458,10.495,13.466,-5.026,-7.771,-0.531,4.069,6.46,-9.986,-12.815,2.619,7.464,10.181,-7.423,-10.193,80.302,77.016,74.526,84.129,85.623,67.566,60.784,56.928,76.44,80.659,622.148,447.606,352.068,179.775,131.974,3058.041,2953.752,2643.063,440.915,111.342,2.471,2.432,2.32,2.446,2.346,0.221,0.308,0.381,0.062,0.041,0.86,1.267,1.637,0.204,0.036,6.851,6.851,6.851,0.316,0,0.674,0.674,0.674,0.003,0,0.001,0.001,0.001,0,0,0,0,0,0,0,26.547,22.756,20.307,32.932,34.957,18.118,18.118,18.069,0.244,0,2.579,2.579,2.566,0.013,0,0.156,0.156,0.156,0,0,0,0,0,0,0,0,0,0,0,0,35.79,29.346,17.99,70.431,41.089,11.649,9.45,5.455,52.671,31.818,2.188,1.155,0.682,26.317,17.424,-923.935,-868.431,-791.05,-838.506,-404.792,2.014,2.013,2.01,0.174,0.001,0.857,0.857,0.857,1.109,0,0.9767,0.7449,22062.08,660.5717,0.029941497
FIN,2004,Ver,5.435,10.316,13.319,-2.471,-4.336,-0.301,4.062,6.493,-7.091,-8.964,2.702,7.327,10.088,-4.697,-6.521,81.986,79.071,76.448,87.386,88.152,69.636,63.227,58.973,79.98,82.971,749.231,565.755,498.623,277.403,176.046,2995.473,2886.923,2588.946,397.067,102.381,2.37,2.306,2.305,2.444,2.448,0.194,0.268,0.332,0.055,0.043,0.463,0.683,0.878,0.04,0.013,0.992,0.992,0.992,0,0,0,0,0,0,0,0,0,0,0,0,0,0,0,0,0,27.111,23.799,21.872,32.878,34.292,15.912,15.912,15.912,0,0,1.43,1.43,1.43,0,0,0,0,0,0,0,0,0,0,0,0,0,0,0,0,0,9.543,8.263,7.783,5.922,2.124,1.002,0.984,0.983,0.57,0.111,0.028,0.028,0.028,0,0,209.353,235.821,255.031,-68.589,-26.836,0.913,0.913,0.913,0,0,0.097,0.097,0.097,0,0,0.9767,0.7449,22044.089,352.5851,0.015994542
FIN,2005,Cal,6.08,10.493,13.827,-2.3,-3.213,0.374,3.938,6.84,-6.939,-7.625,3.364,7.383,10.541,-4.55,-5.324,80.829,76.561,74.325,86.946,88.24,68.185,60.089,56.433,79.238,82.636,712.361,493.891,443.899,252.244,206.727,3123.107,3018.955,2675.123,449.983,112.004,2.54,2.532,2.505,2.557,2.713,0.227,0.318,0.393,0.057,0.048,0.878,1.298,1.645,0.071,0.026,9.305,9.305,9.294,0,0,0.16,0.16,0.159,0,0,0,0,0,0,0,0,0,0,0,0,26.476,22.76,20.67,32.328,33.794,25.138,25.138,25.138,0,0,3.657,3.657,3.657,0,0,0,0,0,0,0,0,0,0,0,0,0,0,0,0,0,19.823,19.577,11.565,6.876,1.203,5.781,5.777,4.799,0.594,0.018,1.376,1.376,1.325,0.033,0,-571.007,-557.402,-468.705,-73.973,-25.16,1.474,1.474,1.417,0.016,0,0.823,0.823,0.823,0,0,0.9767,0.7449,22025.681,520.5544,0.023633975
FIN,2006,Cal,5.924,10.713,14.656,-2.834,-4.425,0.052,3.977,7.273,-7.324,-8.575,3.129,7.521,11.196,-5.026,-6.423,79.227,74.793,71.331,86.994,88.791,66.905,58.975,53.82,79.938,84.251,607.491,419.089,299.585,235.88,172.351,3183.89,3073.276,2778.522,431.573,104.965,2.418,2.336,2.358,2.424,2.353,0.264,0.371,0.474,0.057,0.039,1.963,2.911,3.867,0.094,0.017,30.283,30.283,30.283,0.011,0,3.902,3.902,3.902,0.001,0,0.003,0.003,0.003,0,0,0,0,0,0,0,25.919,21.969,18.759,32.322,34.074,39.159,39.159,39.159,0,0,5.817,5.817,5.817,0,0,0.007,0.007,0.007,0,0,0,0,0,0,0,0,0,0,0,0,81.945,75.183,72.925,3.937,0.357,51.846,48.471,48.413,0.451,0.021,24.586,24.548,24.548,0.023,0.004,-3111.876,-3067.454,-3028.944,-91.524,-19.391,13.198,13.198,13.198,0.042,0,22.49,22.49,22.49,0,0,0.9767,0.7449,22008.426,1569.5563,0.071316154
FIN,2007,Ver,5.932,11.005,13.297,-1.662,-4.239,0.219,4.728,6.465,-6.229,-8.733,3.217,8.01,10.077,-3.871,-6.375,81.414,78.402,75.312,87.727,87.766,68.746,62.351,57.667,80.32,82.255,747.904,548.757,459.886,356.619,222.72,3008.555,2897.844,2597.325,396.292,111.35,2.484,2.465,2.46,2.513,2.589,0.209,0.29,0.357,0.058,0.044,0.654,0.964,1.252,0.043,0.024,6.605,6.605,6.605,0,0,0.016,0.016,0.016,0,0,0,0,0,0,0,0,0,0,0,0,26.61,23.084,21.016,32.79,33.848,21.364,21.364,21.166,0.198,0,3.957,3.957,3.957,0,0,0.044,0.044,0.044,0,0,0,0,0,0,0,0,0,0,0,0,13.446,12.313,11.117,10.08,7.749,5.797,5.574,5.284,3.902,3.581,1.836,1.83,1.829,0.04,0.04,-181.214,-157.464,-144.57,-75.433,-47.892,2.272,2.272,2.271,0.001,0,0.148,0.148,0.148,0,0,0.9767,0.7449,21991.576,575.723,0.026179252
FIN,2008,Cal,5.61,9.258,11.876,-0.559,-1.741,0.365,3.334,5.371,-4.545,-5.647,3.13,6.458,8.808,-2.443,-3.568,82.595,79.111,76.24,88.063,88.964,70.7,63.906,59.485,80.786,83.338,792.737,558.704,411.849,326.043,226.933,2860.489,2759.412,2499.27,366.556,101.591,2.442,2.341,2.239,2.669,2.728,0.184,0.252,0.313,0.06,0.05,0.629,0.933,1.231,0.046,0.024,3.907,3.907,3.907,0,0,0.226,0.226,0.226,0,0,0,0,0,0,0,0,0,0,0,0,27.211,23.783,21.3,32.509,33.861,14.941,14.94,14.936,0.004,0.001,2.286,2.286,2.286,0,0,0.074,0.074,0.074,0,0,0,0,0,0,0,0,0,0,0,0,6.221,5.44,5.074,1.058,0.751,1.532,1.491,1.489,0.043,0.041,0.212,0.212,0.212,0,0,-128.147,-112.072,-101.4,-30.027,-21.276,3.464,3.464,3.462,0,0,2.171,2.171,2.171,0,0,0.9767,0.7449,21975.691,802.0523,0.036497251
FIN,2009,Cal,5.18,10.046,13.501,-1.766,-3.567,-0.439,3.569,6.404,-5.909,-7.602,2.506,6.974,10.17,-3.758,-5.497,80.912,77.469,74.644,88.413,88.784,68.32,61.13,56.832,81.075,83.579,608.632,449.572,374.554,301.884,181.076,3118.139,3019.088,2712.844,387.097,101.994,2.357,2.371,2.394,2.503,2.478,0.212,0.296,0.371,0.053,0.043,0.812,1.194,1.557,0.045,0.02,6.328,6.328,6.328,0,0,0.005,0.005,0.005,0,0,0,0,0,0,0,0,0,0,0,0,26.766,23.295,20.657,33.159,34.206,19.032,19.028,19.028,0.004,0.004,2.928,2.928,2.928,0,0,0,0,0,0,0,0,0,0,0,0,0,0,0,0,0,17.396,11.841,9.114,3.106,0.609,4.584,3.093,2.872,0.273,0.057,0.213,0.199,0.199,0.004,0.004,-751.3,-707.627,-669.345,-44.215,-16.558,1.314,1.314,1.312,0.002,0,0.434,0.434,0.434,0,0,0.9767,0.7449,21959.251,573.3037,0.026107616
FIN,2010,Ver,4.04,10.525,13.942,-4.861,-6.927,-1.637,4.176,7.083,-9.156,-10.831,1.325,7.492,10.684,-6.957,-8.814,80.781,78.476,76.333,86.441,87.063,68.767,62.676,59.2,79.547,82.72,653.642,525.475,421.575,264.466,162.952,2964.604,2857.401,2550.124,415.701,101.452,2.326,2.37,2.297,2.264,2.243,0.216,0.304,0.379,0.049,0.037,0.746,1.101,1.408,0.046,0.024,5.501,5.501,5.497,0,0,0.061,0.061,0.061,0,0,0,0,0,0,0,0,0,0,0,0,27.075,23.405,21.231,32.93,33.884,19.553,19.553,19.552,0,0,2.185,2.185,2.185,0,0,0.034,0.034,0.034,0,0,0,0,0,0,0,0,0,0,0,0,23.927,9.02,6.274,6.229,5.688,4.493,1.801,1.471,1.489,1.482,0.207,0.163,0.163,0.01,0.01,-346.437,-270.504,-223.033,-61.136,-43.112,1.096,1.096,1.064,0.002,0,0.775,0.775,0.775,0,0,0.9767,0.7449,21943.276,528.7934,0.024098198
FIN,2011,Cal,6.248,11.397,14.474,-5.204,-8.668,0.75,5.118,7.667,-9.692,-13.019,3.626,8.406,11.244,-7.366,-10.751,81.536,78.384,76.199,84.888,85.778,69.199,62.797,59.435,77.71,81.21,757.086,554.893,456.794,225.598,140.852,3023.616,2914.054,2582.83,449.896,113.659,2.498,2.478,2.356,2.48,2.243,0.22,0.307,0.379,0.058,0.037,0.786,1.152,1.502,0.097,0.024,5.533,5.533,5.533,0.005,0,0.006,0.006,0.006,0,0,0,0,0,0,0,0,0,0,0,0,26.538,23.393,21.079,32.95,34.568,19.491,19.482,19.482,0,0,2.447,2.447,2.447,0,0,0.009,0.009,0.009,0,0,0,0,0,0,0,0,0,0,0,0,12.176,11.604,9.701,18.838,14.343,2.435,2.4,2.34,3.059,2.669,0.079,0.077,0.077,0.045,0.045,-310.676,-299.946,-282.955,-133.661,-70.875,2.384,2.384,2.384,0.032,0,0.561,0.561,0.561,0,0,0.9767,0.7449,21928.205,1468.2989,0.066959375
FIN,2012,Cal,4.401,9.704,12.384,-1.434,-3.599,-0.84,3.747,5.925,-5.357,-7.181,1.92,6.884,9.348,-3.32,-5.303,82.338,80.032,77.715,87.898,88.46,70.529,64.546,60.89,80.309,83.047,848.768,648.293,519.18,317.526,213.995,2843.629,2742.275,2445.636,413.034,102.851,2.445,2.425,2.421,2.63,2.648,0.178,0.246,0.304,0.06,0.046,0.364,0.536,0.7,0.055,0.037,0.24,0.24,0.24,0,0,0,0,0,0,0,0,0,0,0,0,0,0,0,0,0,28.121,25.109,22.926,32.017,32.954,11.117,11.112,11.104,0.017,0.009,0.542,0.542,0.542,0,0,0,0,0,0,0,0,0,0,0,0,0,0,0,0,0,6.339,1.189,1,0.893,0.705,0.264,0.05,0.027,0.057,0.034,0.002,0.001,0,0.001,0.001,501.162,531.159,531.741,-17.116,-12.449,0.419,0.419,0.419,0,0,0.003,0.003,0.003,0,0,0.9767,0.7449,21915.6,114.0613,0.005204571
FIN,2013,Ver,6.394,10.719,14.549,-3.384,-4.579,0.546,4.072,7.621,-7.66,-8.316,3.585,7.524,11.241,-5.442,-6.349,81.54,77.513,75.794,86.916,88.512,68.509,60.856,58.054,79.594,83.947,693.445,473.145,386.506,293.02,183.476,3093.366,2997.254,2636.842,431.071,93.99,2.442,2.385,2.365,2.377,2.397,0.225,0.313,0.392,0.051,0.041,0.898,1.332,1.727,0.038,0.014,7.891,7.891,7.889,0,0,0.318,0.318,0.318,0,0,0,0,0,0,0,0,0,0,0,0,26.658,23.036,20.717,33.333,34.235,18.227,18.227,18.146,0.005,0.005,3.86,3.86,3.86,0,0,0.304,0.304,0.304,0,0,0,0,0,0,0,0,0,0,0,0,45.332,44.621,34.274,11.152,4.903,22.478,22.329,20.076,1.897,0.189,6.812,6.812,6.805,0.007,0,-973.033,-960.38,-865.767,-59.145,-28.062,6.836,6.836,6.828,0.003,0,1.27,1.27,1.27,0,0,0.9767,0.7449,21904.484,582.2224,0.026580055
FIN,2014,Cal,6.461,11.179,14.107,-0.465,-2.389,1.059,4.721,7.082,-4.716,-6.254,3.884,8.097,10.772,-2.524,-4.247,80.855,76.61,74.393,87.404,89.26,68.434,60.315,56.727,79.452,83.75,684.546,499.222,406.789,325.013,217.155,3031.708,2951.856,2651.119,395.19,82.695,2.401,2.404,2.314,2.643,2.632,0.233,0.327,0.401,0.066,0.045,0.85,1.255,1.615,0.077,0.024,7.295,7.295,7.295,0.001,0,0.009,0.009,0.009,0,0,0,0,0,0,0,0,0,0,0,0,26.118,22.303,20.383,32.077,33.995,23.41,23.41,22.709,0.781,0,2.186,2.186,2.173,0.013,0,0.004,0.004,0.004,0,0,0,0,0,0,0,0,0,0,0,0,30.634,27.352,22.355,11.203,3.641,11.422,11.023,9.966,1.97,0.546,2.315,2.279,2.272,0.043,0.036,-618.613,-590.282,-536.11,-108.255,-27.258,1.226,1.226,1.222,0.004,0,0.21,0.21,0.21,0,0,0.9767,0.7449,21894.473,898.3432,0.041030593
FIN,2015,Cal,6.527,10.524,13.01,-0.971,-2.73,1.203,4.572,6.722,-5.166,-6.678,3.949,7.631,9.964,-2.968,-4.6,83.262,80.327,78.52,87.553,89.038,70.694,64.418,61.266,80.231,83.932,844.404,589.349,500.468,330.78,224.149,2847.552,2753.895,2444.753,378.373,91.524,2.597,2.501,2.425,2.663,2.614,0.184,0.25,0.303,0.062,0.045,0.496,0.724,0.882,0.067,0.02,1.774,1.774,1.771,0,0,0.002,0.002,0.002,0,0,0,0,0,0,0,0,0,0,0,0,26.981,23.893,22.117,32.338,33.964,9.688,9.587,9.47,0.117,0,0.123,0.123,0.103,0.019,0,0,0,0,0,0,0,0,0,0,0,0,0,0,0,0,11.155,9.819,1.864,5.421,0.395,2.066,1.508,0.071,0.922,0.002,0.038,0.017,0,0.005,0,494.251,507.416,585.924,-62.52,-12.851,0.882,0.879,0.804,0.005,0,0.068,0.068,0.068,0,0,0.9767,0.7449,21886.742,145.8232,0.006662627
FIN,2016,Ver,6.058,11.206,14.264,-1.172,-3.094,0.593,5.141,7.594,-5.416,-7.046,3.432,8.274,11.085,-3.244,-4.972,82.758,80.174,77.943,88.318,89.052,70.337,64.253,60.419,80.705,83.656,774.793,552.498,508.33,321.137,263.299,2866.09,2769.923,2469.655,406.245,93.365,2.348,2.272,2.288,2.506,2.546,0.198,0.275,0.339,0.058,0.043,0.607,0.893,1.081,0.108,0.028,2.345,2.345,2.339,0.003,0,0.004,0.004,0.004,0,0,0,0,0,0,0,0,0,0,0,0,26.887,23.392,21.535,31.855,33.134,18.131,18.131,18.128,0.103,0.101,1.351,1.351,1.351,0,0,0,0,0,0,0,0,0,0,0,0,0,0,0,0,0,29.996,16.434,5.628,18.158,10.107,6.827,3.247,1.313,4.026,2.963,0.378,0.113,0.105,0.255,0.244,6.777,73.372,175.011,-126.688,-44.903,1.242,1.241,1.212,0.078,0.004,0.153,0.153,0.153,0,0,0.9767,0.7449,21879.941,330.109,0.015087289
FIN,2017,Cal,5.3,9.224,11.711,-1.329,-3.081,0.038,3.381,5.346,-5.851,-7.58,2.809,6.468,8.73,-3.528,-5.241,83.229,79.946,77.542,87.428,88.298,71.267,64.61,60.825,79.544,82.335,770.12,555.359,436.537,235.419,167.908,2911.474,2809.248,2519.248,420.163,105.42,2.449,2.422,2.374,2.525,2.583,0.176,0.242,0.297,0.062,0.047,0.444,0.65,0.844,0.133,0.04,0.714,0.714,0.714,0.006,0,0.001,0.001,0.001,0,0,0,0,0,0,0,0,0,0,0,0,28.2,25.11,23.116,32.325,34.087,13.522,13.52,13.51,0.012,0.002,0.46,0.46,0.46,0,0,0,0,0,0,0,0,0,0,0,0,0,0,0,0,0,4.127,1.493,1.359,14.727,7.38,0.924,0.27,0.27,3.396,1.83,0.02,0.018,0.018,0.052,0.044,206.689,225.789,232.359,-138.639,-50.223,1.029,1.029,1.029,0.029,0,0.054,0.054,0.054,0,0,0.9767,0.7449,21873.181,451.1142,0.020624078
FIN,2018,Cal,6.52,11.577,15.424,-2.814,-4.032,0.652,4.582,7.921,-6.74,-7.579,3.735,8.256,11.883,-4.692,-5.712,79.904,75.403,72.128,88.537,89.959,67.282,58.929,54.226,81.753,85.553,613.879,466.906,386.739,329.064,221.672,3270.653,3169.056,2834.398,408.706,104.328,2.409,2.431,2.456,2.354,2.38,0.275,0.39,0.496,0.047,0.037,1.731,2.556,3.393,0.042,0.02,30.138,30.138,30.138,0,0,3.717,3.717,3.717,0,0,0.013,0.013,0.013,0,0,0,0,0,0,0,25.894,22.218,19.577,33.345,34.542,40.296,40.296,40.296,0,0,10.584,10.584,10.584,0,0,0.181,0.181,0.181,0,0,0,0,0,0,0,0,0,0,0,0,52.22,46.053,45.144,1.146,0.248,27.616,27.102,27.071,0.089,0.064,11.706,11.692,11.692,0,0,-2093.435,-2050.21,-2030.908,-19.629,-7.922,20.317,20.317,20.315,0.002,0,14.688,14.688,14.688,0,0,0.9767,0.7449,21866.091,1233.9072,0.056430169
FIN,2019,Ver,5.838,10.383,13.676,-1.484,-3.236,0.056,3.912,6.579,-6.08,-7.571,3.088,7.293,10.279,-3.664,-5.285,81.389,77.595,74.81,87.656,88.533,68.977,61.502,57.164,80.233,83.393,771.202,516.41,376.84,284.708,180.516,3046.637,2945.125,2663.852,402.537,100.101,2.454,2.466,2.425,2.538,2.478,0.218,0.305,0.381,0.06,0.047,0.955,1.418,1.875,0.049,0.032,11.46,11.46,11.46,0,0,0.203,0.203,0.203,0,0,0,0,0,0,0,0,0,0,0,0,26.658,22.79,20.15,32.248,33.404,20.312,20.312,20.312,0,0,1.318,1.318,1.318,0,0,0,0,0,0,0,0,0,0,0,0,0,0,0,0,0,22.362,22.072,21.639,6.522,6.09,8.593,8.57,8.562,0.473,0.458,0.62,0.62,0.62,0.014,0.014,-878.339,-871.975,-869.708,-49.659,-38.788,3.154,3.154,3.154,0,0,2.393,2.393,2.393,0,0,0.9767,0.7449,21859.757,578.8558,0.026480432
FIN,2020,Cal,7.269,11.103,13.725,-0.423,-1.434,1.725,4.706,6.694,-4.604,-5.358,4.636,8.086,10.423,-2.42,-3.306,81.064,77.099,74.086,88.003,89.767,68.036,60.593,55.689,80.385,84.264,837.566,565.013,425.498,415.614,285.559,3194.583,3092.416,2803.528,398.77,102.062,2.643,2.503,2.424,2.687,2.692,0.234,0.321,0.4,0.062,0.048,1.03,1.522,1.992,0.046,0.014,12.976,12.976,12.976,0,0,0.917,0.917,0.917,0,0,0,0,0,0,0,0,0,0,0,0,26.689,23.494,21.034,32.676,34.142,25.252,25.243,24.808,0.444,0.01,5.454,5.454,5.407,0.047,0,0.02,0.02,0.02,0,0,0,0,0,0,0,0,0,0,0,0,15.111,14.367,12.567,2.228,0.698,7.41,7.353,6.776,0.641,0.07,2.88,2.879,2.856,0.023,0.001,-574.283,-561.723,-532.842,-21.41,-8.838,5.171,5.171,5.152,0.013,0,4.644,4.644,4.644,0,0,0.9767,0.7449,21853.156,733.5308,0.033566355
FIN,2021,Cal,5.469,11.044,13.989,-1.423,-3.535,-0.143,4.702,7.1,-5.444,-7.252,2.812,8.048,10.732,-3.363,-5.339,80.821,77.364,74.332,88.15,88.626,68.88,61.731,57.082,81.379,83.931,778.759,597.5,447.902,358.229,233.09,3085.687,2982.682,2689.955,395.264,100.519,2.456,2.535,2.417,2.565,2.525,0.241,0.341,0.427,0.057,0.046,1.073,1.593,2.092,0.054,0.03,15.358,15.358,15.356,0,0,1.122,1.122,1.122,0,0,0.009,0.009,0.009,0,0,0,0,0,0,0,27.055,23.59,20.816,32.813,33.531,28.238,28.238,28.238,0,0,4.069,4.069,4.069,0,0,0.011,0.011,0.011,0,0,0,0,0,0,0,0,0,0,0,0,19.203,18.631,17.81,0.969,0.202,10.183,10.091,9.941,0.15,0.001,5.004,4.996,4.992,0.005,0,-884.681,-867.157,-855.409,-29.949,-12.511,3.426,3.426,3.426,0.007,0,4.511,4.511,4.511,0,0,0.9767,0.7449,21847.404,796.5998,0.036461989
FIN,2022,Ver,6.26,11.065,13.732,-1.811,-4.325,0.642,4.665,6.859,-6.367,-8.74,3.59,8.018,10.488,-3.991,-6.401,81.673,78.299,75.8,87.322,87.974,69.243,62.186,58.436,80.04,82.776,729.198,516.782,425.856,337.056,199.117,3103.228,3006.893,2682.183,413.245,101.203,2.458,2.439,2.376,2.645,2.578,0.22,0.306,0.377,0.06,0.044,0.762,1.126,1.463,0.063,0.011,5.348,5.348,5.348,0.002,0,0.048,0.048,0.048,0,0,0,0,0,0,0,0,0,0,0,0,26.866,23.495,21.25,33.328,34.162,14.971,14.971,14.969,0.002,0,1.751,1.751,1.751,0,0,0,0,0,0,0,0,0,0,0,0,0,0,0,0,0,13.568,10.301,7.339,3.835,0.539,3.137,2.734,2.154,0.679,0.092,0.156,0.156,0.139,0.024,0.008,-367.752,-337.194,-310.66,-43.111,-13.524,1.383,1.383,1.382,0.001,0,1.028,1.028,1.028,0,0,0.9767,0.7449,21842.265,240.4011,0.011006235
FIN,2023,Cal,5.874,10.804,14.697,-1.43,-2.824,0.144,4.124,7.463,-5.573,-6.502,3.159,7.636,11.276,-3.384,-4.565,81.363,77.712,75.418,88.238,89.416,68.995,61.457,57.82,81.091,84.822,824.874,624.518,488.003,325.621,200.004,3165.038,3066.164,2757.562,390.855,95.351,2.389,2.346,2.327,2.499,2.488,0.222,0.31,0.388,0.057,0.046,0.837,1.242,1.637,0.036,0.021,10.128,10.128,10.128,0,0,0.735,0.735,0.735,0,0,0.001,0.001,0.001,0,0,0,0,0,0,0,27.355,23.711,21.448,32.569,33.749,24.582,24.582,24.582,0,0,4.215,4.215,4.215,0,0,0.07,0.07,0.07,0,0,0,0,0,0,0,0,0,0,0,0,16.484,15.671,15.343,3.377,3.266,7.308,7.307,7.307,0.403,0.403,2.066,2.066,2.066,0,0,-740.561,-724.436,-717.737,-38.834,-31.667,3.675,3.675,3.675,0,0,4.765,4.765,4.765,0,0,0.9767,0.7449,21837.697,391.4109,0.017923635
FIN,2024,Cal,6.838,12.293,15.365,-3.816,-6.333,1.034,5.781,8.212,-7.969,-10.355,4.063,9.195,11.974,-5.837,-8.28,81.285,78.462,75.418,87.029,87.267,68.562,62.39,57.748,80.186,82.738,768.771,552.204,455.253,317.538,199.906,3096.371,2997.865,2720.108,374.833,94.35,2.508,2.392,2.363,2.382,2.426,0.242,0.337,0.423,0.055,0.042,0.897,1.327,1.736,0.037,0.012,9.324,9.323,9.323,0,0,0.394,0.394,0.394,0,0,0.006,0.006,0.006,0,0,0,0,0,0,0,26.734,23.378,21.348,33.301,34.798,20.635,20.628,20.628,0,0,2.621,2.621,2.621,0,0,0.031,0.031,0.031,0,0,0,0,0,0,0,0,0,0,0,0,19.983,19.249,17.664,2.232,0.812,7.25,7.242,7.086,0.089,0.001,2.303,2.301,2.266,0,0,-660.54,-645.59,-623.238,-33.003,-17.855,7.074,7.074,7.074,0,0,2.049,2.049,2.049,0,0,0.9767,0.7449,21834.414,413.0506,0.018917412
FRA,1990,Cal,13.669,17.209,18.513,9.319,7.36,6.006,8.579,9.686,2.318,0.813,9.87,12.989,14.261,5.626,3.852,76.793,73.07,71.516,80.472,81.831,60.682,55.171,53.389,65.374,67.872,939.999,576.241,453.416,424.83,318.7,4261.371,3774.978,3164.72,1133.171,540.759,2.902,2.699,2.576,3.177,3.226,0.378,0.497,0.565,0.208,0.164,2.171,3.145,3.855,0.589,0.305,17.403,17.403,17.398,0.026,0,3.642,3.642,3.642,0,0,0.056,0.056,0.056,0,0,0,0,0,0,0,20.653,18.369,18.26,21.511,22.836,29.912,29.399,28.474,1.984,0.778,8.283,8.263,8.215,0.084,0.033,0.672,0.672,0.672,0,0,0,0,0,0,0,0,0,0,0,0,48.685,38.133,26.48,38.635,27.779,17.847,13.988,9.928,17.144,13.273,3.409,3.006,2.484,4.675,4.216,-1387.877,-1306.807,-946.084,-633.115,-243.621,34.912,34.71,33.485,1.852,0.229,33.762,33.762,33.058,1.19,0.001,0.3692,0.2387,24964.70354,89661.25562,3.591520944
FRA,1991,Cal,12.743,16.679,18.215,7.52,4.439,5.033,8.206,9.445,1.079,-1.258,8.882,12.526,13.987,4.187,1.498,76.97,74.292,72.346,82.128,83.605,60.584,56.226,53.936,68.189,71.266,813.673,535.396,426.838,429.684,292.104,4244.496,3703.847,3150.056,1093.718,521.887,2.714,2.594,2.584,2.875,2.917,0.351,0.463,0.536,0.17,0.115,1.99,2.875,3.641,0.382,0.128,13.68,13.68,13.664,0.006,0,1.491,1.491,1.491,0,0,0,0,0,0,0,0,0,0,0,0,20.23,17.911,17.51,23.945,26.455,25.141,23.743,23.519,1.522,1.165,4.058,3.879,3.877,0.18,0.175,0.065,0.064,0.063,0,0,0,0,0,0,0,0,0,0,0,0,62.375,33.33,29.509,21.695,17.016,33.631,18.746,17.72,10.115,8.945,11.986,8.723,8.631,2.511,2.329,-1811.679,-1585.988,-1376.962,-345.69,-128.86,30.281,29.987,29.724,0.67,0.25,32.111,32.057,31.476,0.704,0,0.3692,0.2387,25016.89563,27146.88562,1.085142058
FRA,1992,Ver,13.265,16.824,19.221,7.288,5.416,5.847,8.607,10.478,0.844,-0.604,9.559,12.808,14.984,3.898,2.191,78.577,75.513,73.673,82.927,84.395,62.677,57.852,55.516,68.808,71.806,980.581,701.015,486.228,420.528,260.994,4118.256,3611.045,3116.631,1056.038,522.674,2.794,2.747,2.617,2.888,2.868,0.344,0.454,0.539,0.156,0.118,1.422,2.058,2.605,0.313,0.185,7.752,7.752,7.673,0.016,0,0.384,0.384,0.384,0,0,0,0,0,0,0,0,0,0,0,0,21.109,19.616,18.705,22.541,23.568,18.288,18.083,17.724,0.752,0.376,1.925,1.909,1.909,0.021,0.018,0.047,0.047,0.047,0.002,0.001,0,0,0,0,0,0,0,0,0,0,29.771,19.619,13.874,28.251,20.191,11.218,7.72,5.993,11.658,9.152,3.117,1.812,1.748,2.385,2.239,-243.953,-165.228,-86.925,-415.951,-187.83,19.37,19.311,18.882,0.467,0.116,13.967,13.967,13.915,0.635,0.054,0.3692,0.2387,25069.63222,33628.96562,1.341422376
FRA,1993,Cal,12.724,16.356,18.433,7.331,6.186,5.217,8.085,9.903,0.931,0.284,8.943,12.258,14.259,4.014,3.083,78.253,75.552,74.553,81.759,83.679,62.282,57.866,56.361,67.91,71.16,1038.28,712.382,574.625,439.744,306.374,4124.612,3617.717,3027.652,1078.084,501.998,2.849,2.666,2.624,3.016,3.1,0.325,0.426,0.492,0.161,0.128,1.225,1.737,2.154,0.339,0.156,4.863,4.863,4.863,0.08,0,0.089,0.089,0.089,0,0,0,0,0,0,0,0,0,0,0,0,21.574,20.08,19.931,22.948,24.296,20.229,19.375,17.397,2.959,0.914,2.298,2.223,2.166,0.121,0.064,0.004,0.003,0.003,0.001,0.001,0,0,0,0,0,0,0,0,0,0,32.584,19.588,10.807,21.549,12.093,12.56,7.641,3.568,9.116,4.999,1.932,1.335,0.855,1.08,0.597,-125.108,11.347,92.627,-304.014,-82.422,17.045,16.601,14.804,2.411,0.424,14.737,14.737,14.735,0.055,0,0.3692,0.2387,25122.11832,33722.38562,1.34233846
FRA,1994,Cal,13.778,17.119,18.922,7.197,5.185,6.521,8.919,10.443,1.338,-0.291,10.172,13.083,14.784,4.167,2.33,78.852,75.938,74.704,83.08,84.084,63.159,58.301,56.597,70.046,72.255,1069.496,735.601,577.137,589.486,387.982,4091.377,3622.621,3078.828,976.183,476.676,2.853,2.761,2.59,3.245,3.213,0.347,0.455,0.527,0.153,0.117,1.25,1.805,2.219,0.162,0.122,6.291,6.291,6.291,0,0,0.499,0.499,0.499,0,0,0,0,0,0,0,0,0,0,0,0,21.608,20.177,19.891,24.534,25.448,16.121,14.607,14.134,1.785,1.541,2.451,2.369,2.349,0.102,0.095,0.091,0.091,0.091,0,0,0,0,0,0,0,0,0,0,0,0,14.207,10.747,8.572,6.274,6.236,3.639,2.683,2.523,1.127,1.124,0.298,0.258,0.258,0.039,0.039,-68.588,-21.931,58.3,36.201,-83.791,16.144,16.012,15.386,0.334,0.167,16.752,16.752,16.751,0,0,0.3692,0.2387,25174.96416,42009.30562,1.668693761
FRA,1995,Ver,13.026,16.837,18.444,8.236,7.189,5.627,8.534,9.956,2.073,1.85,9.378,12.771,14.337,5.148,4.545,78.214,75.826,74.445,82.426,84.778,62.153,57.974,56.553,68.465,72.577,1063.653,675.329,531.742,591.774,412.727,4127.225,3651.417,3064.333,1052.041,453.537,2.831,2.653,2.555,3.342,3.391,0.345,0.451,0.523,0.169,0.136,1.551,2.228,2.768,0.262,0.105,10.898,10.898,10.896,0.001,0,1.327,1.327,1.327,0,0,0,0,0,0,0,0,0,0,0,0,21.538,19.582,19.208,24.261,25.732,21.515,21.217,20.242,1.173,0.134,3.91,3.875,3.791,0.067,0.006,0.214,0.214,0.208,0,0,0,0,0,0,0,0,0,0,0,0,31.264,16.974,13.124,2.699,0.548,16.243,7.888,6.543,0.23,0.072,5.577,2.837,2.459,0.009,0.009,-519.671,-349.984,-247.762,-85.66,-13.156,21.008,20.876,20.425,0.56,0.068,22.896,22.896,22.896,0.001,0,0.3692,0.2387,25227.62826,35184.78562,1.394692567
FRA,1996,Cal,11.571,15.483,17.381,6.526,3.888,4.246,7.287,8.887,0.079,-1.879,7.891,11.444,13.263,3.108,0.802,77.572,75.007,73.576,81.534,82.476,61.918,57.375,55.664,67.819,70.52,871.24,575.661,455.85,299.005,231.274,4102.961,3587.282,3021.072,1128.013,529.011,2.664,2.57,2.557,2.592,2.708,0.314,0.413,0.481,0.155,0.117,1.533,2.228,2.825,0.391,0.206,6.86,6.86,6.857,0.002,0,0.733,0.733,0.733,0,0,0.008,0.008,0.008,0,0,0,0,0,0,0,21.353,18.712,18.301,23.069,25.25,22.239,21.774,20.556,1.765,0.428,3.061,3.05,3.019,0.096,0.03,0.06,0.06,0.06,0.005,0,0,0,0,0,0,0,0,0,0,0,42.367,21.514,17.553,38.275,30.688,19.336,5.995,4.964,22.567,20.253,7.8,0.986,0.901,9.876,9.42,-979.683,-848.049,-736.519,-517.387,-285.718,23.729,23.651,23.112,0.994,0.151,19.443,19.443,19.198,0.001,0,0.3692,0.2387,25280.93585,28883.57562,1.142504209
FRA,1997,Cal,13.182,16.933,18.683,7.025,4.46,5.492,8.315,9.747,0.694,-1.33,9.33,12.684,14.335,3.747,1.436,77.992,74.784,73.395,82.967,83.668,61.88,56.494,54.747,69.429,71.866,904.349,598.173,479.196,459.13,322.031,4255.667,3758.521,3190.6,1032.144,502.79,2.673,2.556,2.476,2.807,2.876,0.339,0.445,0.509,0.156,0.12,1.528,2.207,2.565,0.235,0.113,4.644,4.644,4.424,0.004,0,0.064,0.064,0.064,0,0,0,0,0,0,0,0,0,0,0,0,21.231,18.675,18.527,24.53,27.003,21.891,21.424,20.634,0.976,0.629,1.707,1.661,1.587,0.084,0.056,0.03,0.03,0.02,0,0,0,0,0,0,0,0,0,0,0,0,44.848,26.128,14.692,22.008,18.502,21.555,10.321,5.792,12.25,11.317,4.493,2.096,1.302,2.479,2.409,-838.951,-679.989,-263.838,-175.549,-95.031,27.845,27.635,24.549,0.508,0.095,16.233,16.206,13.713,0.245,0,0.3692,0.2387,25334.42644,38577.30562,1.522722676
FRA,1998,Ver,12.714,16.22,18.182,8.056,6.587,5.58,8.514,10.033,1.667,0.726,9.16,12.451,14.206,4.739,3.496,78.401,76.183,75.152,81.077,83.448,62.767,59.13,57.658,67.099,71.165,1063.128,813.275,574.77,429.842,286.215,3922.091,3394.601,2910.607,1078.753,512.643,2.929,2.891,2.714,3.048,3.046,0.329,0.423,0.489,0.182,0.138,1.313,1.855,2.387,0.54,0.235,6.047,6.047,6.046,0.22,0,0.641,0.641,0.641,0,0,0,0,0,0,0,0,0,0,0,0,22.045,20.911,20.226,22.545,24.101,17.495,16.864,14.869,3.006,0.585,2.85,2.828,2.746,0.15,0.02,0.346,0.346,0.344,0.012,0,0,0,0,0,0,0,0,0,0,0,30.872,13.944,12.82,30.023,20.76,12.56,5.431,5.019,12.36,8.292,3.894,1.798,1.691,3.019,2.181,-27.504,115.337,44.072,-608.921,-225.66,21.744,21.189,20.896,3.631,0.539,17.588,17.588,17.588,2.52,0.027,0.3692,0.2387,25388.99015,36374.61562,1.432692494
FRA,1999,Cal,13.211,17.215,19.167,6.649,4.549,6.01,9.081,10.699,0.91,-0.815,9.639,13.194,15.044,3.74,1.834,78.893,76.131,74.481,83.642,84.485,63.215,58.427,56.38,70.66,72.888,1138.202,713.169,555.596,598.917,346.041,4102.593,3631.976,3088.114,960.578,482.504,2.887,2.654,2.573,3.152,3.114,0.339,0.446,0.521,0.146,0.115,1.275,1.849,2.333,0.121,0.092,5.788,5.788,5.785,0,0,0.333,0.333,0.333,0,0,0,0,0,0,0,0,0,0,0,0,22.269,20.13,19.734,25.783,26.613,14.169,13.97,13.757,0.552,0.289,2.438,2.415,2.403,0.038,0.025,0.135,0.135,0.135,0,0,0,0,0,0,0,0,0,0,0,0,6.722,5.919,5.682,1.458,1.357,1.189,1.13,1.128,0.222,0.221,0.085,0.085,0.085,0.029,0.029,-72.115,-52.923,-69.252,109.482,-9.942,13.909,13.893,13.72,0.216,0.148,12.966,12.966,12.966,0,0,0.3692,0.2387,25443.5696,33695.48562,1.324322261
FRA,2000,Cal,13.443,16.883,18.807,7.27,5.348,6.302,8.835,10.227,1.434,-0.009,9.892,12.921,14.61,4.332,2.677,79.486,77.025,75.582,83.388,84.882,63.801,59.608,57.589,69.998,72.761,1086.766,749.904,555.534,551.519,387.371,4066.249,3583.661,3086.95,1004.986,477.578,2.817,2.623,2.473,3.195,3.261,0.321,0.414,0.479,0.154,0.119,0.906,1.304,1.651,0.223,0.104,2.693,2.693,2.693,0.003,0,0.083,0.083,0.083,0,0,0,0,0,0,0,0,0,0,0,0,22.102,20.484,19.869,24.364,26.003,12.168,12.038,11.786,0.398,0.133,1.891,1.876,1.862,0.029,0.015,0.101,0.101,0.101,0,0,0,0,0,0,0,0,0,0,0,0,6.394,5.469,5.071,1.098,0.563,1.398,1.349,1.343,0.058,0.052,0.133,0.132,0.132,0.001,0.001,653.755,657.704,588.237,-19.408,-18.805,11.024,10.88,10.586,0.53,0.146,8.658,8.658,8.658,0,0,0.3692,0.2387,25498.22205,27025.23426,1.059887007
FRA,2001,Ver,12.84,16.712,17.983,8.103,6.471,5.742,8.814,9.769,2.42,1.127,9.302,12.811,13.997,5.15,3.679,79.341,77.124,75.071,83.297,83.456,63.631,59.883,57.41,69.888,71.05,1159.527,823.956,592.341,594.261,335.396,4038.134,3543.426,3047.321,951.925,492.777,2.809,2.739,2.672,3.084,3.116,0.323,0.422,0.489,0.162,0.142,1.057,1.501,1.903,0.132,0.114,2.923,2.923,2.923,0,0,0.001,0.001,0.001,0,0,0,0,0,0,0,0,0,0,0,0,22.391,21.342,20.467,24.665,24.551,13.125,12.012,11.891,0.412,0.393,1.141,1.065,1.062,0.055,0.055,0.01,0.003,0.003,0.007,0.007,0,0,0,0,0,0,0,0,0,0,14.297,5.545,5.237,3.155,3.1,4.066,1.008,0.976,0.276,0.265,0.254,0.052,0.052,0.001,0.001,281.011,351.28,256.202,121.862,-19.589,11.911,11.731,11.697,0.069,0.054,8.306,8.306,8.306,0,0,0.3692,0.2387,25554.78645,27768.41426,1.086622825
FRA,2002,Cal,13.438,16.787,18.545,8.209,5.388,6.243,8.63,10.206,1.872,-0.122,9.858,12.771,14.472,4.966,2.588,79.025,76.245,75.469,82.157,83.441,63.463,58.547,57.498,68.187,71.197,1135.532,720.044,536.57,491.331,348.506,4029.405,3581.84,3007.865,1068.542,476.647,2.83,2.628,2.49,3.156,3.32,0.323,0.418,0.475,0.177,0.129,1.063,1.512,1.836,0.311,0.204,0.934,0.934,0.931,0,0,0,0,0,0,0,0,0,0,0,0,0,0,0,0,0,21.822,19.558,19.188,23.553,25.623,13.83,13.569,11.978,2.536,0.998,0.82,0.808,0.658,0.185,0.034,0.014,0.014,0.013,0.001,0,0,0,0,0,0,0,0,0,0,0,20.856,12.975,11.085,12.702,11.098,6.202,4,3.59,4.652,4.262,0.391,0.288,0.252,0.332,0.298,54.289,84.674,206.978,-87.059,-79.214,15.473,15.388,14.312,0.453,0.21,6.457,6.457,5.679,0,0,0.3692,0.2387,25611.35035,69574.00056,2.716529961
FRA,2003,Cal,14.135,18.479,21.047,7.471,5.111,5.812,9.109,11.303,0.936,-0.556,9.99,13.889,16.33,4.124,2.183,73.938,69.443,67.025,81.884,84.298,57.048,50.366,47.579,68.541,73.017,753.906,503.899,368.802,511.263,366.173,4634.992,4075.394,3445.451,1131.279,514.129,2.641,2.522,2.454,2.847,2.835,0.466,0.634,0.76,0.167,0.113,2.974,4.345,5.483,0.359,0.124,26.687,26.687,26.505,0.003,0,6.779,6.779,6.779,0,0,0.415,0.415,0.415,0,0,0,0,0,0,0,19.687,16.95,16.245,24.543,27.028,56.821,56.14,52.9,3.668,0.404,16.942,16.91,16.846,0.073,0.01,3.761,3.761,3.761,0,0,0.107,0.107,0.107,0,0,0,0,0,0,0,85.802,76.47,62.071,22.092,9.81,44.346,41.52,32.912,10.967,3.439,15.471,14.652,11.678,3.292,0.826,-3031.938,-2892.629,-2468.861,-378.61,-70.871,43.389,43.168,38.232,5.45,0.221,53.574,53.574,52.242,0.778,0,0.3692,0.2387,25668.09175,92433.13856,3.60109117
FRA,2004,Ver,12.846,16.7,18.481,7.116,5.921,5.579,8.481,10,0.884,0.321,9.239,12.661,14.371,3.905,3.018,78.331,75.132,73.757,81.818,83.649,62.258,57.162,55.392,67.598,71.058,943.394,630.621,491.481,470.725,314.941,4221.794,3725.583,3146.391,1094.209,515.996,2.786,2.726,2.667,3.001,3.049,0.337,0.447,0.514,0.164,0.131,1.374,1.985,2.444,0.327,0.162,5.305,5.305,5.25,0.182,0,0.137,0.137,0.137,0,0,0,0,0,0,0,0,0,0,0,0,21.572,19.603,19.053,23.574,24.659,18.802,18.482,17.808,1.206,0.494,1.79,1.771,1.762,0.042,0.031,0.007,0.007,0.007,0,0,0,0,0,0,0,0,0,0,0,0,15.634,10.153,7.983,7.509,4.266,3.15,2.532,2.296,1.535,0.343,0.38,0.316,0.31,0.519,0.003,-548.779,-440.664,-272.758,-307.79,-102.285,16.491,16.461,15.94,0.615,0.003,13.724,13.724,12.637,1.331,0,0.3692,0.2387,25725.5829,48160.95456,1.87210353
FRA,2005,Cal,13.134,17.422,19.038,6.962,4.561,5.598,8.79,10.26,0.818,-0.822,9.401,13.175,14.792,3.825,1.806,78.339,75.385,73.696,83.489,85.019,62.037,57.048,54.924,70.034,73.006,894.024,618.201,506.586,411.834,268.084,4255.89,3748.446,3153.416,1072.158,498.366,2.688,2.532,2.479,2.869,2.915,0.348,0.462,0.533,0.151,0.107,1.369,1.966,2.333,0.29,0.133,4.424,4.423,4.422,0.055,0,0.062,0.062,0.062,0,0,0,0,0,0,0,0,0,0,0,0,21.855,19.803,18.874,25.036,25.659,18.744,18.429,18.138,0.539,0.33,1.997,1.964,1.951,0.045,0.036,0.029,0.029,0.029,0,0,0,0,0,0,0,0,0,0,0,0,22.434,16.313,10.321,7.812,5.795,7.181,5.726,4.092,1.321,1.119,1.358,1.232,1.033,0.171,0.17,-578.833,-450.426,-202.967,-265.589,-98.75,13.426,13.219,12.741,0.823,0.224,15.301,15.296,14.91,1.087,0,0.3692,0.2387,25793.7233,40796.54156,1.581646088
FRA,2006,Cal,13.696,17.588,19.667,6.587,4.061,6.239,9.26,10.946,0.404,-1.369,9.947,13.478,15.417,3.344,1.212,78.168,75.392,73.579,83.118,84.559,62.295,57.738,55.272,69.652,72.607,963.35,721.844,518.943,408.673,238.773,4281.511,3772.057,3212.019,1082.93,506.191,2.752,2.673,2.535,2.788,2.705,0.37,0.489,0.576,0.152,0.108,1.632,2.347,2.989,0.38,0.142,11.562,11.562,11.527,0.001,0,1.381,1.381,1.381,0,0,0.003,0.003,0.003,0,0,0,0,0,0,0,22.394,20.623,19.205,25.841,26.962,22.767,22.61,22.364,0.51,0.188,5.637,5.62,5.6,0.032,0.009,0.56,0.56,0.56,0,0,0,0,0,0,0,0,0,0,0,0,33.812,23.891,20.145,15.842,10.199,12.194,9.744,8.456,4.209,2.612,3.002,2.517,2.426,0.549,0.351,-608.627,-486.761,-406.149,-370.531,-151.659,23.986,23.871,23.614,0.452,0.043,23.939,23.939,23.333,0.392,0.005,0.3692,0.2387,25861.1975,22306.24136,0.862537064
FRA,2007,Ver,13.566,17.114,19.042,9.788,7.951,6.326,8.871,10.538,3.611,2.518,9.962,13.057,14.895,6.626,5.168,79.207,76.257,74.848,83.219,84.845,63.431,58.647,57.105,69.19,72.505,1114.849,745.738,615.646,513.366,334.637,4154.947,3688.586,3104.33,1055.233,471.099,2.908,2.691,2.693,3.282,3.411,0.327,0.426,0.492,0.186,0.145,1.176,1.674,2.05,0.296,0.172,4.675,4.675,4.675,0.036,0,0.111,0.111,0.111,0,0,0,0,0,0,0,0,0,0,0,0,21.681,19.879,19.788,23.552,24.793,17.342,17.02,16.555,0.774,0.299,2.903,2.85,2.836,0.069,0.058,0.005,0.005,0.005,0,0,0,0,0,0,0,0,0,0,0,0,37.227,26.636,23.775,8.846,4.723,17.233,14.635,14.172,2.104,0.724,5.211,5.069,5.057,0.274,0.176,310.237,421.902,506.829,-198.395,-91.228,24.946,24.845,24.579,0.423,0.083,10.73,10.73,10.709,0.606,0,0.3692,0.2387,25922.36696,13041.79626,0.503109777
FRA,2008,Cal,13.04,16.389,18.443,7.535,6.172,5.844,8.427,10.1,1.464,0.428,9.467,12.488,14.385,4.402,3.173,78.911,76.203,74.65,82.505,83.643,62.853,58.341,56.523,68.285,70.789,1016.825,758.616,541.762,458.54,297.157,4128.659,3618.09,3085.982,1078.29,525.279,2.811,2.723,2.554,3.101,3.139,0.326,0.423,0.495,0.16,0.133,1.098,1.562,1.996,0.297,0.2,2.825,2.825,2.825,0,0,0.149,0.149,0.149,0,0,0,0,0,0,0,0,0,0,0,0,21.555,20.335,19.381,22.825,23.415,15.262,14.483,13.353,2.018,0.843,1.121,1.055,1.04,0.089,0.069,0.002,0,0,0.002,0.002,0,0,0,0,0,0,0,0,0,0,17.994,8.491,7.742,18.92,16.275,5.277,2.391,2.244,5.308,4.818,1.041,0.462,0.452,0.71,0.696,141.39,230.504,232.877,-200.135,-170.944,10.687,10.529,10.249,0.398,0.258,9.861,9.861,9.126,0.02,0,0.3692,0.2387,25984.01391,12407.41266,0.477501771
FRA,2009,Cal,13.279,17.355,19.72,6.386,4.251,5.782,8.93,10.794,0.377,-1.184,9.571,13.231,15.386,3.313,1.441,78.026,75.019,73.208,84.271,85.534,61.721,56.725,54.462,70.655,73.576,969.14,618.104,452.941,440.439,257.181,4230.435,3757.061,3227.786,1006.045,477.344,2.734,2.628,2.542,2.763,2.706,0.353,0.467,0.55,0.137,0.103,1.591,2.321,2.829,0.196,0.111,5.779,5.779,5.451,0,0,0.288,0.288,0.286,0,0,0,0,0,0,0,0,0,0,0,0,21.526,19.052,18.28,24.843,26.378,19.176,19.04,17.788,1.183,0.149,1.848,1.834,1.782,0.054,0.021,0.07,0.07,0.07,0,0,0,0,0,0,0,0,0,0,0,0,31.482,20.356,14.192,12.583,11.941,10.537,6.162,4.105,4.788,4.761,2.288,1.603,0.904,0.685,0.685,-972.684,-919.838,-622.774,-114.398,-54.093,18.544,18.455,17.192,0.523,0.084,21.211,21.211,18.836,0.735,0,0.3692,0.2387,26045.32112,27940.52116,1.07276547
FRA,2010,Ver,11.831,16.341,18.317,6.454,4.354,4.549,8.099,9.806,0.412,-1.081,8.271,12.317,14.235,3.412,1.652,78.272,74.791,73.804,82.048,84.181,62.812,57.008,55.684,68.786,72.844,1049.58,684.799,562.491,500.841,360.534,4125.57,3668.432,3083.664,1029.338,467.61,2.659,2.603,2.477,2.969,2.992,0.336,0.453,0.523,0.161,0.118,1.377,2.021,2.521,0.325,0.067,7.824,7.824,7.824,0.328,0,0.586,0.586,0.586,0.002,0,0,0,0,0,0,0,0,0,0,0,23.16,19.516,18.914,26.427,28.823,21.522,21.414,20.145,1.426,0.063,2.872,2.871,2.829,0.059,0,0.021,0.021,0.021,0,0,0,0,0,0,0,0,0,0,0,0,19.581,18.477,15.977,11.286,2.938,7.719,7.712,7.54,2.363,0.135,1.9,1.9,1.9,0.698,0,-203.735,-189.106,-138.423,-345.805,-16.086,21.642,21.627,21.341,1.275,0.022,21.793,21.793,21.779,2.375,0,0.3692,0.2387,26105.62859,21261.48016,0.81444046
FRA,2011,Cal,14.242,17.983,19.874,6.687,4.181,6.297,8.989,10.712,0.379,-1.191,10.254,13.543,15.428,3.481,1.487,76.924,72.596,70.92,82.893,85.626,60.436,53.909,51.951,69.738,74.538,848.153,550.562,459.055,429.038,341.56,4367.973,3867.537,3233.561,1079.932,460.583,2.704,2.595,2.566,2.755,2.777,0.38,0.507,0.586,0.157,0.105,1.93,2.742,3.301,0.304,0.11,10.518,10.518,10.377,0,0,0.832,0.832,0.832,0,0,0.001,0.001,0.001,0,0,0,0,0,0,0,19.992,17.741,17.658,24.188,27.336,37.221,36.465,34.255,2.342,0.565,7.656,7.566,7.409,0.092,0.025,0.504,0.5,0.5,0.001,0.001,0,0,0,0,0,0,0,0,0,0,87.874,63.142,46.948,14.685,2.248,53.811,38.413,31.225,6.639,0.524,22.168,17.478,15.862,1.558,0.1,-1942.82,-1574.612,-1082.393,-259.684,-42.29,29.085,28.812,26.362,0.872,0.161,34.504,34.465,32.815,0.014,0,0.3692,0.2387,26165.74106,23398.44046,0.894239548
FRA,2012,Cal,13.172,17.26,18.774,8.259,5.727,5.731,8.786,10.242,1.578,0.041,9.479,13.079,14.614,4.78,2.744,78.111,75.205,73.743,82.396,84.18,62.06,57.087,55.466,68.12,71.982,1049.01,690.277,564.034,416.643,326.463,4225.479,3736.489,3129.82,1155.01,515.851,2.769,2.616,2.626,2.929,3.108,0.343,0.457,0.521,0.174,0.118,1.289,1.865,2.272,0.6,0.285,5.592,5.592,5.592,0.141,0,0.618,0.618,0.618,0,0,0.006,0.006,0.006,0,0,0,0,0,0,0,21.698,19.702,19.819,22.524,24.68,19.394,17.556,15.83,4.268,2.037,2.476,2.356,2.302,0.332,0.185,0.196,0.196,0.196,0.003,0.003,0,0,0,0,0,0,0,0,0,0,25.896,16.271,10.759,40.681,31.52,6.829,3.588,2.296,20.455,18.094,0.855,0.277,0.205,5.398,5.169,-159.681,-78.738,67.197,-829.527,-401.914,15.38,15.199,13.764,3.588,0.293,13.138,13.138,13.113,1.689,0.039,0.3692,0.2387,26225.05827,14090.60696,0.537295544
FRA,2013,Ver,12.536,16.407,18.484,6.321,4.609,5.427,8.337,10.064,0.421,-0.506,9.019,12.438,14.406,3.34,2.072,78.857,75.885,74.767,83.284,85.616,63.357,58.672,56.939,70.212,74.043,1045.399,724.034,550.548,520.782,363.603,4047.219,3583.286,3041.611,1013.612,462.381,2.715,2.607,2.526,2.857,2.919,0.332,0.44,0.513,0.145,0.107,1.367,1.988,2.536,0.169,0.076,6.426,6.426,6.426,0,0,0.223,0.223,0.223,0,0,0,0,0,0,0,0,0,0,0,0,22.668,20.484,19.356,26.246,27.873,16.351,16.245,15.567,0.769,0.071,2.21,2.199,2.106,0.094,0.001,0.034,0.034,0.034,0,0,0,0,0,0,0,0,0,0,0,0,11.731,8.527,8.147,3.069,2.497,2.531,2.082,2.041,0.213,0.171,0.631,0.589,0.587,0.002,0,-90.181,-63.005,-104.677,-35.525,-34.564,18.704,18.544,18.338,0.057,0,17.539,17.539,17.537,0.025,0,0.3692,0.2387,26286.25124,15302.3273,0.582141864
FRA,2014,Cal,14.312,17.756,19.01,9.059,6.762,6.915,9.337,10.611,2.671,1.313,10.616,13.596,14.917,5.768,3.947,79.418,76.405,75.209,82.539,84.461,63.015,57.967,56.741,68.034,71.604,1007.073,683.454,562.575,479.97,336.776,4202.236,3729.07,3101.149,1088.014,474.498,2.638,2.447,2.429,3.016,3.16,0.338,0.439,0.494,0.187,0.137,1.19,1.713,2.07,0.313,0.114,4.914,4.914,4.914,0,0,0.122,0.122,0.122,0,0,0,0,0,0,0,0,0,0,0,0,21.018,19.323,19.486,22.923,24.768,17.963,17.857,15.95,2.106,0.163,2.29,2.288,2.265,0.034,0.011,0.053,0.053,0.053,0,0,0,0,0,0,0,0,0,0,0,0,34.066,32.635,21,13.256,1.667,15.79,15.575,9.151,6.729,0.305,4.838,4.838,2.976,1.904,0.042,-21.188,-4.69,182.472,-163.019,-4.42,15.343,15.32,14.132,1.342,0.161,9.535,9.535,9.298,0.002,0,0.3692,0.2387,26348.09396,22369.02486,0.848980761
FRA,2015,Cal,14.106,17.388,19.506,8.399,6.12,6.435,8.803,10.541,2.207,0.715,10.298,13.187,15.18,5.214,3.336,76.876,73.029,70.412,84.401,86.025,60.415,54.756,51.771,70.343,73.859,874.611,587.758,461.328,476.425,316.842,4277.853,3763.145,3203.778,1056.461,485.1,2.814,2.638,2.65,2.881,2.949,0.398,0.524,0.628,0.158,0.117,2.162,3.116,3.957,0.241,0.121,16.61,16.61,16.61,0,0,2.62,2.62,2.62,0,0,0.041,0.041,0.041,0,0,0,0,0,0,0,20.276,18.123,17.484,24.02,25.674,32.732,32.423,32.056,0.668,0.284,7.287,7.222,7.197,0.087,0.062,0.792,0.792,0.792,0,0,0.004,0.004,0.004,0,0,0,0,0,0,0,45.871,38.574,33.241,6.541,1.389,22.007,19.847,18.51,1.535,0.215,7.903,7.591,7.57,0.021,0,-1480.94,-1377.831,-1245.925,-125.834,-27.999,27.018,26.832,26.158,0.678,0.038,34.593,34.593,34.593,0.237,0,0.3692,0.2387,26409.51518,24598.68146,0.931432527
FRA,2016,Ver,13.477,17.122,19.452,8.723,7.923,6.184,8.981,10.894,2.683,2.317,9.839,13.116,15.299,5.612,5.044,79.322,76.484,74.765,83.721,84.738,63.355,58.506,56.528,70.099,72.617,1012.405,683.864,542.685,489.067,356.033,4166.676,3683.326,3144.669,1023.028,488.485,2.623,2.446,2.375,3.075,3.338,0.34,0.448,0.53,0.165,0.145,1.594,2.308,2.8,0.317,0.199,9.522,9.522,9.457,0,0,0.63,0.63,0.63,0,0,0.011,0.011,0.011,0,0,0,0,0,0,0,21.23,19.543,19.058,23.296,24.48,15.214,14.986,14.758,0.21,0.088,1.772,1.755,1.755,0.005,0.004,0.081,0.081,0.081,0,0,0,0,0,0,0,0,0,0,0,0,48.802,30.75,20.477,8.079,7.54,23.856,14.944,9.923,2.253,2.235,6.362,5.069,3.432,0.314,0.314,-908.483,-771.394,-308.96,-154.398,-92.543,21.511,21.376,20.316,0.664,0.174,28.697,28.691,25.666,0,0,0.3692,0.2387,26470.1781,34082.82596,1.287593375
FRA,2017,Cal,13.777,17.894,19.367,7.813,5.511,6.245,9.462,10.69,1.283,-0.51,10.038,13.765,15.169,4.393,2.314,78.323,75.018,73.528,82.895,84.239,62.214,56.845,55.062,68.929,72.064,1013.039,669.203,527.945,372.895,228.299,4225.402,3737.845,3164.909,1083.9,519.817,2.715,2.6,2.459,2.689,2.687,0.363,0.484,0.553,0.164,0.12,1.358,1.962,2.401,0.451,0.183,4.362,4.362,4.362,0.064,0,0.182,0.182,0.182,0,0,0,0,0,0,0,0,0,0,0,0,21.45,19.055,18.781,22.828,24.328,16.866,16.704,15.347,1.504,0.342,1.994,1.958,1.905,0.095,0.053,0.045,0.045,0.045,0,0,0,0,0,0,0,0,0,0,0,0,30.355,21.644,19.587,36.424,25.122,11.065,7.471,7.195,17.218,11.985,2.997,2.538,2.483,3.421,1.73,-572.263,-479.023,-413.495,-659.381,-185.662,16.24,15.997,15.493,1.406,0.321,12.365,12.33,12.273,3.031,0.007,0.3692,0.2387,26531.30827,61227.12096,2.30773094
FRA,2018,Cal,15.018,19.3,21.795,7.501,5.472,7.052,10.042,12.146,1.585,0.304,11.051,14.757,17.144,4.462,2.827,74.718,70.179,67.842,82.992,84.602,58.012,51.388,48.891,69.409,72.738,845.296,476.459,348.765,563.154,415.594,4524.908,4012.536,3436.087,1025.598,486.01,2.697,2.499,2.39,3.101,3.165,0.475,0.645,0.763,0.157,0.117,3.798,5.535,6.457,0.252,0.132,40.305,40.305,38.026,0,0,8.685,8.685,8.657,0,0,0.187,0.187,0.187,0,0,0,0,0,0,0,19.422,16.889,15.95,24.671,26.147,54.171,52.327,49.429,2.879,1.803,12.878,12.785,12.732,0.119,0.093,0.685,0.685,0.685,0,0,0,0,0,0,0,0,0,0,0,0,119.781,98.128,69.683,8.977,4.984,80.759,65.097,41.76,4.65,2.334,39.828,32.187,18.414,1.589,0.523,-3957.383,-3508.922,-2600.138,-92.061,-81.198,55.906,55.896,48.006,0.323,0.06,79.677,78.928,66.373,0.092,0.034,0.3692,0.2387,26592.10544,15930.47876,0.599067975
FRA,2019,Ver,14.431,18.266,20.131,9.035,6.844,6.692,9.616,10.908,2.4,0.896,10.588,14.031,15.665,5.595,3.732,76.011,71.86,69.373,81.384,84.093,59.637,53.646,50.546,66.645,71.235,993.513,655.479,440.903,441.683,305.425,4407.356,3882.959,3346.334,1130.189,535.488,2.807,2.73,2.521,3.025,2.931,0.43,0.575,0.679,0.206,0.14,2.593,3.784,4.923,1.217,0.311,24.822,24.822,24.822,2.278,0,5.605,5.605,5.605,0.027,0,0.398,0.398,0.398,0,0,0,0,0,0,0,20.524,18.531,17.239,21.859,23.541,45.003,43.895,42.645,4.311,0.998,10.788,10.753,10.737,0.085,0.031,1.366,1.366,1.366,0,0,0.014,0.014,0.014,0,0,0,0,0,0,0,47.337,39.008,36.58,53.561,25.894,21.889,17.125,16.252,40.473,18.514,7.661,5.348,5.213,22.293,9.452,-1872.143,-1796.245,-1784.853,-1460.395,-498.532,34.737,34.618,34.135,8.395,0.121,39.961,39.961,39.954,13.304,0.749,0.3692,0.2387,26652.95986,54794.18226,2.055838546
FRA,2020,Cal,14.825,18.266,20.581,9.16,7.502,7.073,9.488,11.122,3.107,1.988,10.987,13.998,16.039,6.033,4.649,74.571,69.576,66.825,82.318,84.792,58.469,51.597,48.083,68.81,72.448,933.081,589.028,398.095,595.671,402.245,4415.922,3922.692,3366.965,1055.21,483.91,2.875,2.694,2.482,3.321,3.389,0.453,0.604,0.723,0.185,0.14,3.125,4.582,5.928,0.282,0.107,29.192,29.192,29.188,0.003,0,5.303,5.303,5.303,0,0,0.134,0.134,0.134,0,0,0,0,0,0,0,19.676,17.375,16.087,23.743,25.167,59.207,58.635,55.791,3.525,0.662,15.279,15.258,15.173,0.092,0.022,1.38,1.38,1.378,0.002,0,0.002,0.002,0.002,0,0,0,0,0,0,0,80.533,75.827,71.331,7.757,3.354,46.486,45.797,44.716,1.714,0.636,18.671,18.652,18.592,0.079,0.018,-2787.436,-2729.036,-2680.406,-73.908,-6.569,54.16,54.032,52.77,1.35,0.061,56.272,56.272,56.272,0.008,0,0.3692,0.2387,26714.24253,17057.72926,0.638525657
FRA,2021,Cal,13.12,16.687,18.335,8.249,6.649,5.739,8.396,9.978,1.97,0.836,9.44,12.585,14.256,5.01,3.642,79.489,76.288,75.6,82.961,84.93,63.561,58.182,57.483,69.294,73.028,1123.887,763.575,624.452,529.193,346.611,4203.337,3722.494,3116.283,1064.043,503.794,2.65,2.586,2.497,2.906,2.83,0.315,0.413,0.464,0.173,0.134,0.918,1.309,1.574,0.237,0.166,1.418,1.418,1.418,0.001,0,0.02,0.02,0.02,0,0,0,0,0,0,0,0,0,0,0,0,22.294,20.175,20.269,24.329,25.702,12.901,12.338,10.387,2.523,0.624,0.814,0.787,0.715,0.103,0.029,0.002,0.002,0.002,0,0,0,0,0,0,0,0,0,0,0,0,15.529,11.707,5.061,11.516,5.174,6.921,5.558,1.159,5.807,1.425,2.554,2.201,0.268,2.286,0.352,542.979,592.903,674.548,-103.001,-80.66,10.88,10.836,10.329,0.482,0.111,4.732,4.732,4.732,0,0,0.3692,0.2387,26774.83095,30124.67926,1.125111838
FRA,2022,Ver,15.045,19.002,20.557,8.544,6.397,7.068,9.793,11.226,2.013,1.02,11.103,14.493,16.082,5.189,3.66,74.832,69.992,68.057,82.397,86.234,58.2,51.281,49.062,68.364,74.27,922.413,590.738,473.797,425.918,322.575,4548.988,4056.906,3393.039,1128.586,473.306,2.707,2.488,2.476,2.893,3.031,0.467,0.628,0.732,0.179,0.116,2.889,4.231,5.353,0.383,0.11,27.97,27.97,27.97,0,0,7.364,7.364,7.364,0,0,0.539,0.539,0.539,0,0,0,0,0,0,0,19.75,17.249,17.005,22.723,25.276,51.211,51.08,46.033,5.156,0.137,16.173,16.163,16.023,0.159,0.01,3.218,3.218,3.218,0,0,0.008,0.008,0.008,0,0,0,0,0,0,0,64.352,63.297,45.483,18.804,0.666,37.971,37.88,25.335,12.651,0.086,17.764,17.745,10.596,7.168,0.019,-2120.943,-2091.506,-1826.291,-308.814,-21.304,39.613,39.477,37.424,2.179,0.137,46.568,46.568,46.479,0.021,0,0.3692,0.2387,26835.80487,61499.16436,2.291683244
FRA,2023,Cal,14.711,18.524,20.278,9.297,6.994,7.434,10.118,11.508,3.253,1.694,11.103,14.387,16.02,6.187,4.272,76.98,73.294,71.636,82.898,84.416,61.063,55.441,53.331,69.158,72.128,1140.609,740.4,499.551,490.822,288.336,4288.925,3829.798,3282.503,1044.481,492.007,2.978,2.748,2.592,3.022,3.03,0.412,0.547,0.628,0.187,0.14,2.247,3.271,3.942,0.287,0.202,19.141,19.141,18.45,0,0,2.04,2.04,2.008,0,0,0.001,0.001,0.001,0,0,0,0,0,0,0,21.45,19.298,18.182,23.595,24.57,31.744,31.332,29.06,0.886,0.304,8.198,8.18,8.011,0.017,0,0.292,0.292,0.291,0,0,0,0,0,0,0,0,0,0,0,0,53.424,47.599,34.048,9.302,6.316,32.722,30.179,23.205,4.035,2.53,17.043,16.338,14.134,1.628,0.704,-1148.09,-1089.503,-723.294,-70.62,-90.568,33.636,33.435,30.247,0.494,0.194,36.219,36.219,32.739,0.068,0,0.3692,0.2387,26896.47829,28738.39556,1.068481726
FRA,2024,Cal,14.555,18.169,19.729,9.671,7.326,7.387,10.183,11.476,3.78,2.284,10.97,14.221,15.706,6.652,4.772,79.985,77.656,75.981,82.666,84.487,64.37,60.286,58.311,68.962,72.634,1175.244,839.408,651.198,686.003,469.91,4108.779,3637.454,3112.329,992.939,438.018,2.732,2.549,2.527,3.31,3.526,0.339,0.439,0.509,0.198,0.14,0.9,1.262,1.611,0.496,0.099,2.648,2.648,2.648,0.691,0,0.167,0.167,0.167,0.031,0,0,0,0,0,0,0,0,0,0,0,22.008,20.92,20.635,24.652,26.093,8.241,7.932,7.461,2.608,0.307,0.595,0.581,0.562,0.196,0.021,0,0,0,0.001,0,0,0,0,0,0,0,0,0,0,0,12.048,4.638,3.49,14.233,2.455,3.124,1.106,0.835,5.903,0.162,0.67,0.227,0.156,1.36,0.009,829.759,930.596,834.74,-354.477,-0.496,7.342,7.208,7.201,3.048,0.008,5.801,5.801,5.801,3.48,0,0.3692,0.2387,26957.57046,27766.67766,1.030014099
GRC,1990,Cal,17.85,21.969,23.703,10.788,8.168,8.288,11.448,13.234,2.233,0.312,13.019,16.753,18.589,6.285,3.963,70.577,65.57,64.628,75.671,79.015,50.719,44.294,43.434,57.68,62.229,529.58,307.724,256.741,266.252,198.62,5676.513,4792.916,3901.089,1764.516,904.201,2.521,2.493,2.475,2.646,2.611,0.619,0.827,0.936,0.283,0.193,7.584,10.89,12.538,1.94,0.801,56.097,56.09,52.792,0.414,0.012,26.64,26.64,26.177,0.015,0,3.701,3.701,3.688,0,0,0.097,0.097,0.097,0,0,15.461,13.575,13.685,17.464,19.223,99.536,96.521,79.461,19.807,3.949,39.099,38.936,33.682,4.532,0.203,8.014,8.014,7.469,0.195,0.001,0.383,0.383,0.383,0,0,0,0,0,0,0,114.504,97.923,63.538,42.52,15.378,38.022,32.496,9.539,27.021,4.85,19.71,18.999,6.026,13.306,0.548,-1474.822,-1047.142,-119.258,-745.086,-283.248,140.265,134.882,101.358,34.482,8.718,126.693,124.621,98.732,16.06,1.598,0.4108,0.1969,3363.064545,7823.620236,2.326336628
GRC,1991,Cal,15.955,20.429,22.593,10.862,8.936,7.625,11.345,13.156,3.16,1.877,11.716,15.886,17.952,6.772,5.178,75.224,72.765,71.246,79.201,80.969,57.449,53.506,51.361,61.996,64.886,712.541,504.623,377.887,343.371,263.567,5167.158,4343.904,3642.299,1582.852,828.806,2.565,2.486,2.486,2.543,2.616,0.479,0.633,0.731,0.247,0.182,4.395,6.288,7.638,1.745,0.639,29.581,29.578,27.964,3.214,0.007,10.112,10.112,9.653,0.464,0,0.69,0.69,0.677,0.013,0,0.021,0.021,0.021,0,0,18.164,16.329,15.865,19.248,20.608,44.815,43.15,38.636,7.865,1.796,14.406,14.387,12.738,1.597,0.057,3.537,3.537,3.171,0.408,0,0.22,0.22,0.218,0,0,0,0,0,0,0,34.023,32.096,29.831,12.205,3.929,0.225,0.026,0,1.815,0.969,0.007,0,0,0.399,0.183,1893.138,1944.513,1664.529,-541.737,-212.454,87.236,84.363,74.316,17.216,2.485,64.468,63.857,60.356,19.943,2.124,0.4108,0.1969,3366.943091,2964.630552,0.880511037
GRC,1992,Ver,16.69,21.311,23.216,9.26,6.745,7.497,11.319,12.977,1.64,-0.431,12.03,16.333,18.172,5.223,2.891,70.607,68.324,67.099,77.02,78.231,51.064,47.462,46.282,60.06,62.448,553.051,399.639,282.473,319.162,159.795,5531.423,4599.854,3824.197,1648.378,898.119,2.639,2.634,2.554,2.717,2.679,0.564,0.739,0.834,0.243,0.177,6.852,9.567,10.691,1.405,0.794,51.909,51.518,44.657,1.616,0.002,20.644,20.624,18.55,0.459,0,1.91,1.91,1.78,0.013,0,0.033,0.033,0.033,0,0,16.065,14.821,14.37,19.873,21.039,80.125,74.06,63.882,9.641,3.234,26.689,26.043,23.283,1.841,0.193,5.876,5.853,5.113,0.357,0,0.383,0.383,0.366,0.002,0,0,0,0,0,0,99.072,65.564,43.988,39.753,28.466,30.568,11.834,1.745,23.731,16.646,8.469,4.04,0.447,6.768,3.843,-557.439,152.049,696.326,-358.854,-466.277,124.634,113.547,96.897,19.243,7.822,108.811,102.655,81.316,5.944,0.54,0.4108,0.1969,3370.821636,8585.026629,2.546864698
GRC,1993,Cal,16.711,21.325,23.426,9.776,7.016,7.291,11.061,12.915,1.526,-0.604,11.959,16.224,18.287,5.478,3.002,71.206,68.275,66.024,74.082,74.411,52.227,47.669,45.274,56.581,58.161,600.933,352.953,253.428,333.508,214.008,5610.461,4717.785,3908.312,1711.149,924.785,2.619,2.488,2.479,2.789,2.807,0.581,0.771,0.891,0.294,0.215,7.321,10.427,12.071,2.93,1.314,59.128,58.229,52.981,7.26,0.392,25.059,25.024,23.876,2.094,0.02,2.886,2.886,2.866,0.13,0,0.119,0.119,0.119,0,0,17.334,15.129,13.943,19.652,19.972,90.212,84.35,75.548,17.33,7.692,33.699,32.93,30.467,3.756,0.882,7.441,7.346,6.467,0.78,0.024,0.988,0.988,0.884,0.017,0,0,0,0,0,0,91.211,66.737,55.925,37.858,25.279,18.448,6.147,2.853,15.029,12.011,5.174,1.25,0.512,4.026,3.358,-294.236,233.544,430.986,-845.842,-580.735,134.149,125.672,103.631,24.283,8.82,113.346,107.404,90.92,25.619,6.177,0.4108,0.1969,3374.700182,8947.169864,2.651248817
GRC,1994,Cal,18.1,22.762,25.149,11.512,8.803,8.843,12.673,14.625,3.243,1.388,13.423,17.746,19.972,7.196,4.93,71.939,67.839,65.359,78.369,81.194,52.707,47.101,44.077,60.796,65.583,636.101,413.424,266.625,301.177,224.061,5515.849,4674.026,3912.159,1646.355,811.382,2.565,2.563,2.505,2.676,2.743,0.629,0.848,1.001,0.273,0.179,7.545,10.947,13.539,2.517,0.786,62.89,62.878,59.408,6.139,0.899,32.502,32.502,31.341,1.183,0.035,4.239,4.239,4.238,0.021,0,0.12,0.12,0.12,0,0,16.026,14.341,13.435,18.496,20.6,85.883,84.336,78.028,11.954,2.071,37.518,37.463,36.026,2.59,0.361,9.633,9.633,9.398,0.958,0.094,0.735,0.735,0.735,0.104,0,0,0,0,0,0,77.28,73.618,57.998,29.941,7.557,12.006,11.646,6.732,10.323,2.714,1.576,1.562,0.91,2.375,1.165,33.875,143.672,147.111,-872.691,-293.411,124.046,120.079,108.637,30.571,5.672,100.023,99.82,92.945,23.347,5.922,0.4108,0.1969,3378.578727,7813.175994,2.312562952
GRC,1995,Ver,16.706,21.03,23.467,10.589,8.299,7.837,11.34,13.415,2.745,0.682,12.265,16.244,18.551,6.526,4.333,73.624,69.738,68.047,79.304,80.615,54.921,49.014,46.906,62.816,65.158,777.04,432.31,304.297,501.955,305.198,5473.558,4639.013,3868.583,1596.63,874.911,2.667,2.601,2.491,2.761,2.687,0.535,0.713,0.833,0.246,0.184,5.31,7.737,9.06,1.382,0.576,34.874,34.865,33.091,3.482,0.012,10.748,10.748,10.675,1.161,0.001,0.538,0.538,0.538,0,0,0.006,0.006,0.006,0,0,17.909,15.537,15.025,20.727,21.573,61.587,60.364,54.789,5.533,1.182,19.842,19.805,18.754,1.488,0.042,3.631,3.631,3.382,0.235,0,0.176,0.176,0.176,0,0,0,0,0,0,0,48.063,47.442,42.284,6.086,0.864,4.465,4.364,3.734,1.199,0.073,0.833,0.823,0.798,0.206,0.001,846.488,582.393,761.056,337.915,48.106,101.062,100.138,85.121,11.149,3.901,97.512,96.818,83.266,6.26,0.218,0.4108,0.1969,3382.457273,5125.963375,1.51545547
GRC,1996,Cal,16.207,20.313,23.461,7.837,6.163,7.525,10.754,13.243,0.868,-0.405,11.856,15.603,18.475,4.221,2.743,73.534,69.22,66.563,79.236,81.189,55.57,49.406,46.082,64.35,67.694,704.535,384.297,280.317,435.933,331.793,5352.461,4551.869,3869.053,1495.439,786.291,2.604,2.555,2.53,2.786,2.793,0.549,0.736,0.891,0.204,0.152,6.024,8.583,10.83,1.429,0.323,47.104,47.091,46.981,1.783,0.009,19.46,19.46,19.458,0.072,0,1.937,1.937,1.937,0,0,0.037,0.037,0.037,0,0,18.511,15.975,14.379,22.681,23.922,66.914,65.627,63.926,5.662,1.082,26.935,26.664,26.38,1.03,0.047,5.56,5.553,5.537,0.249,0,0.46,0.46,0.46,0,0,0,0,0,0,0,57.765,50.919,48.913,5.012,1.313,8.569,6.241,6.237,0.151,0.062,1.207,0.553,0.553,0.009,0.009,541.734,836.941,590.332,290.367,292.512,109.842,101.181,92.691,14.197,0.761,100.625,92.438,85.404,14.103,0.679,0.4108,0.1969,3386.335818,2114.924877,0.624546705
GRC,1997,Cal,16.059,19.767,22.175,10.528,9.443,7.201,10.247,12.467,2.501,1.659,11.605,15.07,17.415,6.325,5.296,73.168,69.305,68.026,78.791,80.669,54.927,49.696,48.231,61.536,64.561,807.091,536.149,352.639,365.457,252.382,5399.277,4533.217,3761.012,1643.1,884.898,2.634,2.656,2.626,2.582,2.591,0.512,0.678,0.787,0.236,0.195,4.704,6.779,8.297,1.342,0.966,29.681,29.681,28.228,0.122,0.012,7.773,7.773,7.645,0.002,0,0.734,0.734,0.734,0,0,0.007,0.007,0.007,0,0,18.053,16.36,15.579,19.396,20.525,62.268,59.856,51.774,6.554,3.115,17.623,17.376,16.325,0.854,0.476,3.705,3.698,3.61,0.03,0.014,0.253,0.253,0.253,0,0,0,0,0,0,0,49.018,40.862,38.101,16.237,13.985,4.052,1.919,1.884,4.488,4.455,1.048,0.569,0.569,1.134,1.133,1481.091,1400.996,1204.766,-379.196,-499.408,97.905,91.726,85.319,21.697,12.204,83.328,83.288,75.992,15.382,8.223,0.4108,0.1969,3392.203296,6188.772587,1.824410876
GRC,1998,Ver,16.948,21.409,24.067,10.026,8.881,8.034,11.728,14.062,2.012,1.255,12.488,16.633,19.161,5.918,4.912,72.992,69.173,67.081,78.858,81.94,55.002,49.539,47.088,62.375,66.62,839.985,526.871,331.823,532.073,336.396,5451.171,4599.229,3835.194,1604.089,858.188,2.678,2.711,2.69,2.642,2.498,0.568,0.759,0.9,0.237,0.176,6.175,9.01,11.503,1.093,0.393,50.879,50.821,50.072,1.453,0,25.741,25.74,25.452,0.128,0,3.992,3.992,3.936,0,0,0.201,0.201,0.201,0,0,18.143,15.823,14.575,21.387,22.073,71.301,69.876,64.49,10.416,1.105,24.664,24.565,23.292,1.375,0.045,4.786,4.785,4.464,0.094,0,0.401,0.401,0.286,0,0,0.005,0.005,0,0,0,56.079,52.587,46.758,10.516,3.157,4.842,3.878,1.251,3.548,0.921,0.887,0.79,0.183,0.695,0.088,1553.514,1305.947,734.458,390.838,198.371,102.958,100.296,93.232,13.412,3.866,77.636,76.905,75.209,7.304,0.027,0.4108,0.1969,3394.092875,19389.48972,5.712716309
GRC,1999,Cal,17.894,22.122,24.424,10.109,7.427,8.798,12.388,14.358,2.397,0.286,13.317,17.272,19.466,6.139,3.756,73.808,70.591,69.128,79.8,81.279,54.882,50.294,48.553,63.796,66.81,735.322,447.498,318.255,489.326,305.363,5501.531,4638.525,3887.882,1585.799,827.24,2.541,2.42,2.42,2.673,2.731,0.561,0.738,0.853,0.234,0.17,5.282,7.415,8.564,0.773,0.336,33.808,33.575,30.284,0.807,0.058,11.637,11.633,11.317,0.29,0.001,0.838,0.838,0.834,0.056,0,0.001,0.001,0.001,0,0,17.536,15.659,15.238,21.836,23.844,61.642,58.807,50.868,5.603,2.114,20.328,19.88,18.632,1.235,0.186,3.922,3.868,3.67,0.316,0,0.329,0.329,0.318,0.115,0,0,0,0,0.005,0,51.132,47.394,38.587,2.995,0.599,3.433,2.282,1.793,0.384,0.076,0.715,0.466,0.396,0.039,0.009,441.434,707.963,891.169,882.546,343.961,105.239,99.547,82.832,6.452,1.193,92.251,88.407,75.449,2.368,0.706,0.4108,0.1969,3397.971455,1232.60575,0.362747529
GRC,2000,Cal,17.863,22.199,24.889,10.581,8.244,8.191,11.656,13.949,2.317,0.623,12.992,17,19.565,6.349,4.323,69.708,65.31,62.229,76.704,78.488,49.967,44.784,41.672,59.092,62.142,466.067,316.99,219.328,348.174,248.123,5777.345,4842.833,4020.477,1732.266,899.901,2.594,2.625,2.602,2.708,2.84,0.673,0.9,1.084,0.272,0.201,8.994,12.547,15.523,2.017,0.979,75.967,75.586,73.056,3.524,0.233,38.145,38.108,37.641,0.32,0.004,7.668,7.668,7.665,0.004,0,0.207,0.207,0.207,0,0,15.357,13.665,12.772,19.106,20.554,102.166,96.826,90.745,11.971,2.964,51.481,50.697,49.737,1.622,0.386,14.599,14.441,14.205,0.258,0.053,1.291,1.291,1.248,0.011,0,0.002,0.002,0.002,0,0,113.292,80.337,77.087,13.513,6.077,40.08,21.745,21.442,1.793,1.606,16.479,9.071,9.068,0.4,0.36,-1538.94,-369.14,-374.202,-542.315,-402.316,152.898,134.617,120.793,22.142,5.849,129.965,115.499,106.007,16.791,3.89,0.4108,0.1969,3401.85,23869.86196,7.016729708
GRC,2001,Ver,17.836,22.991,24.749,12.652,10.633,8.589,12.679,14.242,4.378,2.864,13.197,17.866,19.598,8.24,6.45,69.67,65.27,63.426,77.88,79.812,50.869,44.537,42.727,59.006,61.623,669.222,335.47,281.36,247.25,161.055,5587.948,4754.278,3926.998,1664.539,884.12,2.822,2.721,2.674,2.702,2.576,0.673,0.905,1.039,0.29,0.225,9.073,12.825,14.498,2.805,1.951,76.441,75.841,67.872,2.976,0.381,35.841,35.834,33.937,0.504,0.037,5.805,5.805,5.732,0.004,0,0.102,0.102,0.102,0,0,16.504,13.474,13.362,17.267,18.178,99.995,94.037,82.467,14.26,6.071,43.636,43.135,40.144,2.671,0.995,10.487,10.48,9.686,0.59,0.164,0.959,0.959,0.92,0.048,0,0.003,0.003,0.003,0,0,116.339,86.461,70.331,56.954,47.011,35.274,17.913,11.747,33.108,29.689,13.225,5.407,3.628,14.023,13.399,-1360.173,-482.03,24.291,-1715.158,-1469.346,142.382,132.935,104.754,36.021,19.738,128.407,117.168,98.853,26.035,15.203,0.4108,0.1969,3405.728545,2523.561192,0.740975436
GRC,2002,Cal,17.483,21.668,23.77,10.309,7.251,8.442,12.058,13.895,2.053,-0.508,12.889,16.868,18.89,6.031,3.236,73.002,69.279,67.456,76.187,78.815,54.305,49.259,47.126,59.313,63.79,718.863,520.726,359.933,389.907,288.49,5462.005,4557.866,3797.167,1698.331,900.352,2.505,2.514,2.462,2.8,2.824,0.57,0.754,0.88,0.292,0.199,4.988,7.058,8.8,3.62,1.518,33.151,33.046,32.632,8.527,0.6,11.987,11.985,11.947,1.903,0.007,1.049,1.049,1.049,0.073,0,0.01,0.01,0.01,0,0,18.021,15.842,15.312,20.718,23.763,70.454,67.331,59.757,16.549,5.963,26.065,25.786,24.02,3.451,0.335,4.921,4.914,4.846,0.608,0,0.219,0.219,0.217,0.034,0,0,0,0,0,0,59.777,46.964,38.656,42.428,25.525,14.566,8.056,3.448,19.625,11.969,5.416,2.502,0.273,8.013,4.626,1413.142,1495.592,1032.656,-1126.426,-703.498,96.921,87.913,80.2,43.337,14.458,76.807,75.998,74.484,27.464,10.457,0.4108,0.1969,3409.607091,239.5395211,0.070254289
GRC,2003,Cal,16.834,21.508,24.369,9.197,7.137,7.572,11.152,13.583,1.554,0.202,12.19,16.402,19.129,5.21,3.52,70.031,64.955,62.341,78.086,80.242,51.81,44.767,41.863,62.206,66.203,624.308,355.664,215.636,394.406,298.205,5639.88,4822.933,4029.282,1622.735,805.625,2.658,2.533,2.467,2.744,2.881,0.645,0.878,1.048,0.223,0.166,7.993,11.663,14.483,0.754,0.433,69.854,69.854,65.858,0.495,0.106,34.073,34.073,32.93,0.04,0.002,3.672,3.672,3.577,0,0,0.061,0.061,0.058,0,0,17.3,14.164,12.763,22.643,25.428,102.274,101.356,92.155,8.732,1.081,46.89,46.856,45.102,1.142,0.194,10.725,10.725,10.396,0.071,0.007,0.538,0.538,0.522,0.002,0,0,0,0,0,0,78.026,76.203,71.376,2.625,0.914,12.251,12.159,12.011,0.13,0.101,2.607,2.607,2.6,0.003,0.003,-121.066,-183.917,-313.01,664.511,168.791,130.565,126.493,115.112,8.727,2.515,115.967,115.404,107.91,2.361,0.815,0.4108,0.1969,3413.485636,360.5405819,0.105622411
GRC,2004,Ver,17.324,21.6,23.477,10.367,8.068,8.084,11.651,13.258,2.317,0.435,12.642,16.623,18.437,6.168,4.051,71.213,68.054,66.454,77.109,79.242,51.992,47.363,45.752,60.526,63.981,621.714,355.256,293.921,399.863,249.593,5607.206,4708.401,3895.448,1654.565,877.487,2.635,2.538,2.523,2.825,2.811,0.57,0.747,0.85,0.265,0.187,6.249,8.581,9.623,1.623,0.571,42.001,40.458,34.823,4.003,0.001,15.831,15.57,14.034,1.142,0,2.024,2.009,1.9,0.095,0,0.067,0.067,0.061,0.003,0,16.839,14.454,14.42,20.478,22.113,78.587,73.104,63.592,12.478,3.485,25.629,24.726,22.248,2.574,0.516,5.977,5.906,5.551,0.415,0,0.926,0.926,0.923,0.019,0,0,0,0,0,0,98.159,74.265,63.357,7.012,1.732,34.457,18.7,16.128,0.293,0.09,12.504,4.601,4.226,0.007,0,-1035.789,-148.981,237.789,81.274,7.126,125.417,116.037,96.413,17.639,4.28,115.085,103.972,87.987,8.166,0.557,0.4108,0.1969,3417.364182,944.1538511,0.276281309
GRC,2005,Cal,16.769,21.095,23.582,11.034,8.764,8.02,11.523,13.797,2.958,1.375,12.392,16.345,18.764,6.822,4.87,73.534,69.653,68.463,77.06,79.203,55.117,49.775,48.459,59.25,62.694,881.485,483.851,388.007,408.153,328.551,5425.142,4614.112,3807.429,1668.13,860.513,2.668,2.576,2.493,2.73,2.811,0.532,0.708,0.824,0.279,0.205,5.369,7.619,8.962,2.759,1.49,36.127,35.635,32.678,7.171,1.544,13.928,13.928,13.451,1.797,0.261,1.541,1.541,1.541,0.124,0.015,0.015,0.015,0.015,0.007,0,18.06,15.561,15.012,19.56,21.186,64.903,62.998,56.087,12.348,3.562,19.197,18.959,18.033,2.664,0.509,4.942,4.938,4.846,0.336,0.072,0.641,0.641,0.641,0,0,0,0,0,0,0,51.384,45.396,40.341,34.051,24.405,9.539,6.555,5.817,18.395,15.9,2.207,0.954,0.924,8.282,7.907,1072.072,1073.094,987.765,-1059.527,-822.111,110.884,104.64,90.278,27.496,9.012,88.899,82.833,73.281,27.086,11.178,0.4108,0.1969,3421.242727,795.0930543,0.232398902
GRC,2006,Cal,17.098,21.774,24.117,9.546,7.128,8.065,12.005,13.947,1.828,0.013,12.53,16.955,19.148,5.587,3.453,72.313,68.773,66.007,78.864,80.984,53.706,48.869,45.608,62.439,66.094,651.494,445.703,277.955,475.356,334.069,5506.072,4629.859,3889.791,1601.343,822.416,2.595,2.627,2.558,2.831,2.791,0.584,0.785,0.935,0.229,0.161,6.216,9.001,11.546,1.7,0.761,47.581,47.581,47.283,3.45,0.492,24.254,24.254,24.206,0.477,0,3.72,3.72,3.72,0,0,0.101,0.101,0.101,0,0,17.287,14.99,13.994,21.853,24.353,71.976,69.51,66.545,7.872,1.675,26.993,26.861,26.214,1.332,0.252,6.807,6.805,6.669,0.099,0.006,0.84,0.84,0.839,0,0,0,0,0,0,0,63.169,54.337,53.967,10.457,5.504,8.08,5.723,5.723,3.554,2.82,1.94,1.542,1.542,1.278,1.248,416.484,591.593,82.847,160.384,-33.128,108.647,103.252,98.406,17.334,6.226,93.7,93.356,92.495,15.45,6.002,0.4108,0.1969,3425.121273,2372.560549,0.692693882
GRC,2007,Ver,18.389,22.937,25.458,11.769,10.001,8.844,12.413,14.335,3.676,2.06,13.595,17.761,20.067,7.451,5.701,69.381,64.265,60.77,78.207,79.203,49.985,43.42,39.802,60.071,61.607,658.257,358.793,211.495,298.15,162.757,5736.828,4871.427,4106.938,1647.708,898.475,2.594,2.532,2.47,2.638,2.522,0.713,0.966,1.157,0.259,0.21,9.012,13.193,16.072,1.189,0.753,74.12,74.101,68.743,0.298,0,42.169,42.169,40.211,0.048,0,11.724,11.724,11.561,0,0,0.913,0.913,0.913,0,0,15.456,13.239,12.055,17.404,17.767,112.497,108.289,97.888,7.461,4.296,54.714,54.351,51.249,0.872,0.307,19.15,19.098,18.467,0.196,0.052,3.425,3.425,3.373,0.001,0,0.065,0.065,0.065,0,0,98.919,89.526,79.175,21.115,17.176,32.19,28.341,27.036,6.686,6.045,14.067,13.146,12.869,1.368,1.313,-291.927,-434.59,-314.255,-93.3,-381.779,135.355,134.291,118.352,14.387,6.214,117.789,117.546,105.352,1.455,0.45,0.4108,0.1969,3428.999818,31281.53149,9.122640171
GRC,2008,Cal,17.986,22.493,24.57,10.525,7.478,8.715,12.431,14.178,2.531,-0.064,13.323,17.53,19.525,6.314,3.473,70.446,66.421,64.035,77.832,80.114,51.103,45.904,43.642,60.452,64.408,520.604,360.846,283.152,398.491,271.591,5690.083,4780.183,3966.39,1672.433,891.702,2.633,2.648,2.567,2.645,2.559,0.654,0.873,1.027,0.262,0.174,8.226,11.555,14.35,1.817,0.352,65.615,65.285,64.916,5.405,0.018,36.635,36.635,36.626,1.962,0,8.627,8.627,8.627,0.162,0,0.294,0.294,0.294,0,0,15.945,14.101,13.628,20.005,21.632,92.982,88.567,81.013,16.681,4.202,41.659,40.45,38.945,4.402,0.703,10.804,10.74,10.655,0.694,0.005,2.033,2.033,2.033,0.052,0,0.01,0.01,0.01,0,0,92.14,80.439,68.167,22.809,4.446,18.809,15.592,13.281,4.078,1.142,5.494,4.788,4.689,0.564,0.255,-834.651,-134.202,10.705,-99.272,220.355,137.252,120.395,104.709,19.273,2.817,110.641,102.314,96.568,12.749,0.138,0.4108,0.1969,3432.878364,4869.239505,1.41841306
GRC,2009,Cal,17.871,21.971,24.367,11.06,9.172,8.679,11.898,13.846,3.286,2.03,13.279,17.011,19.234,7.039,5.457,71.772,66.955,63.902,78.074,79.7,52.867,46.54,43.073,60.322,63.242,748.898,411.743,237.445,380.926,271.481,5580.654,4766.392,4026.051,1610.302,830.367,2.524,2.499,2.483,2.65,2.678,0.619,0.831,0.988,0.261,0.206,7.03,10.301,13.056,1.844,1.388,54.657,54.657,53.413,0.67,0.33,27.141,27.141,26.923,0.006,0.001,5.837,5.837,5.822,0,0,0.176,0.176,0.176,0,0,17.109,14.588,13.141,19.462,20.752,92.331,91.578,83.991,8.071,2.148,36.731,36.699,35.488,1.366,0.62,8.103,8.103,7.744,0.076,0.059,0.783,0.783,0.778,0,0,0,0,0,0,0,67.007,65.415,64.543,10.076,9.384,14.778,14.497,14.492,2.513,2.474,5.309,5.288,5.288,0.49,0.479,566.503,377.192,-59.59,-235.52,-543.447,113.79,113.092,107.106,25.332,14.269,96.451,96.417,93.112,13.501,8.327,0.4108,0.1969,3436.756909,5302.51672,1.542883847
GRC,2010,Ver,17.966,21.858,24.777,11.266,9.266,9.149,12.382,14.812,3.328,1.831,13.554,17.165,19.873,7.22,5.481,73.447,69.772,67.435,80.017,82.014,55.27,49.992,46.801,63.781,67.188,873.116,509.124,290.066,563.493,398.178,5380.404,4533.515,3830.11,1563.374,805.406,2.633,2.52,2.464,2.657,2.715,0.587,0.768,0.924,0.25,0.187,5.769,8.264,10.509,0.999,0.342,42.588,42.556,41.617,1.245,0,17.205,17.205,17.14,0.218,0,3.199,3.199,3.199,0.015,0,0.213,0.213,0.213,0,0,18.501,15.884,14.496,22.527,24.357,67.831,65.928,61.356,8.173,0.857,23.935,23.589,23.114,1.295,0.009,5.16,5.136,5.023,0.36,0,0.533,0.533,0.533,0.005,0,0,0,0,0,0,52.614,50.831,49.356,1.479,0.535,4.589,4.272,4.271,0.083,0.078,1.004,0.943,0.943,0.001,0.001,797.178,765.985,342.037,611.586,264.613,105.879,100.091,94.857,9.353,0.676,92.157,91.692,86.945,3.408,0.034,0.4108,0.1969,3440.635455,2248.032053,0.653376995
GRC,2011,Cal,16.75,21.18,23.941,10.896,9.895,7.729,11.435,13.72,3.219,2.262,12.172,16.366,18.953,6.845,5.806,72.048,68.068,66.016,78.796,80.174,53.417,48.375,45.744,62.505,64.192,640.917,451.227,276.046,405.252,217.393,5526.419,4640.674,3902.386,1574.514,884.272,2.578,2.66,2.594,2.643,2.575,0.592,0.796,0.943,0.246,0.215,7.113,9.972,12.315,1.094,0.777,57.7,57.666,54.033,0.971,0.032,30.247,30.247,29.823,0.065,0,5.109,5.109,5.109,0,0,0.14,0.14,0.14,0,0,16.817,15.367,14.24,20.416,20.765,81.518,78.869,70.64,7.649,2.813,33.556,32.986,30.833,0.901,0.399,7.186,7.105,6.82,0.142,0.029,0.732,0.732,0.727,0,0,0,0,0,0,0,70.407,54.694,49.169,5.737,4.254,8.477,2.12,0.839,1.099,1.097,1.814,0.502,0.092,0.104,0.103,374.046,955.007,663.318,205.304,-136.892,125.814,103.793,93.527,11.631,7.778,92.047,90.988,84.197,5.195,0.464,0.4108,0.1969,3444.514,961.6330173,0.279178142
GRC,2012,Cal,18.305,23.796,26.15,8.899,6.495,8.837,13.199,15.316,0.834,-1.072,13.556,18.541,20.834,4.672,2.471,69.671,64.683,62.781,76.852,79.136,50.668,43.68,42.023,59.667,63.115,694.857,348.64,254.307,420.535,256.571,5798.868,4945.695,4095.367,1700.117,904.194,2.695,2.641,2.662,2.678,2.669,0.718,0.984,1.143,0.246,0.17,9.775,14.22,16.421,1.855,1.18,91.124,91.081,79.43,3.667,0.033,46.392,46.392,44.596,0.424,0,9.389,9.389,9.377,0,0,0.206,0.206,0.206,0,0,17.036,13.467,12.862,20.398,21.968,107.481,106.115,90.154,12.359,2.355,52.431,52.396,48.37,2.617,0.511,13.527,13.527,13.289,0.361,0.076,1.36,1.36,1.36,0.005,0,0.069,0.069,0.069,0,0,95.975,94.137,73.381,18.746,12.969,22.252,21.808,11.411,6.813,5.525,7.812,7.789,2.604,1.679,1.269,-654.86,-727.156,-202.357,-197.965,-440.081,150.091,147.194,118.975,33.794,20.001,130.026,129.167,105.425,7.808,1.059,0.4108,0.1969,3448.392545,3551.594409,1.029927528
GRC,2013,Ver,18.29,22.66,25.176,12.001,9.267,8.994,12.435,14.743,4.083,2.127,13.618,17.611,20.101,7.933,5.596,70.72,65.796,62.768,78.683,81.898,51.464,45.176,42.096,61.289,66.315,636.251,360.795,231.596,498.929,368.518,5691.846,4851.29,4053.545,1594.718,806.476,2.633,2.646,2.633,2.765,2.737,0.659,0.886,1.061,0.293,0.189,8.475,12.203,15.266,3.06,0.76,70.678,70.514,69.494,11.701,0.043,38.898,38.894,38.841,1.799,0,7.685,7.685,7.685,0.011,0,0.291,0.291,0.291,0,0,16.154,13.749,12.869,20.781,23.333,99.531,96.678,90.067,13.858,0.608,46.229,45.723,44.218,4.111,0.04,9.785,9.731,9.44,0.244,0,0.76,0.76,0.748,0,0,0,0,0,0,0,73.037,69.387,68.002,22.436,1.875,8.075,7.341,7.302,10.871,0.459,1.466,1.33,1.33,5.209,0.025,-9.787,90.541,-164.59,-258.236,103.414,129.698,123.561,116.336,26.575,2.958,111.791,111.043,105.354,24.716,0.86,0.4108,0.1969,3452.271091,271.0866968,0.078524163
GRC,2014,Cal,17.908,21.666,23.802,12.164,10.308,9.353,12.421,14.318,3.906,2.681,13.572,17.065,19.122,7.774,6.187,76.277,72.319,70.998,79.144,81.516,58.047,52.629,50.912,60.991,64.406,965.033,675.407,472.015,343.702,185.691,5302.422,4519.167,3778.304,1668.351,862.389,2.49,2.519,2.43,2.49,2.457,0.517,0.686,0.792,0.266,0.203,4.014,5.753,6.75,1.88,1.107,22.138,22.135,21.205,1.177,0.165,6.897,6.897,6.845,0.053,0.004,1.003,1.003,1.003,0,0,0.022,0.022,0.022,0,0,18.731,17.394,16.915,18.604,19.397,48.259,46.706,40.933,11.949,3.648,15.664,15.38,14.478,2.341,0.686,3.983,3.963,3.744,0.389,0.057,0.686,0.686,0.671,0.013,0,0,0,0,0,0,47.869,24.814,22.825,28.775,26.413,14.838,0.456,0.268,15.306,15.101,6.187,0.056,0.013,6.309,6.265,1932.311,1961.394,1757.442,-433.493,-568.239,84.197,80.399,65.693,19.719,9.355,58.247,57.933,53.022,6.472,0.887,0.4108,0.1969,3453.749636,174.9886322,0.050666276
GRC,2015,Cal,17.994,21.931,24.679,10.637,8.971,9.079,12.476,14.53,3.425,2.113,13.475,17.255,19.711,6.892,5.383,72.019,68.796,65.605,80.325,81.681,53.288,49.075,45.026,64.677,67.301,707.899,476.703,285.681,564.372,356.199,5486.247,4582.969,3925.64,1460.74,777.685,2.655,2.613,2.594,2.742,2.743,0.611,0.803,0.971,0.225,0.172,6.651,9.234,11.94,1.028,0.276,50.101,49.702,49.124,0.933,0.003,24.398,24.387,24.354,0.052,0,4.425,4.425,4.425,0,0,0.141,0.141,0.141,0,0,16.677,15.191,13.783,21.611,22.794,81.925,76.544,73.587,6.343,2.356,30.428,29.585,28.875,0.898,0.202,6.151,5.948,5.853,0.188,0.016,0.594,0.594,0.594,0.016,0,0,0,0,0,0,61.619,52.237,51.465,1.421,0.539,7.449,3.195,3.195,0.075,0.075,2.294,0.831,0.831,0.01,0.01,560.51,851.862,198.481,770.816,377.582,119.42,103.455,100.99,11.845,0.742,95.047,93.351,91.714,5.064,0.174,0.4108,0.1969,3454.428182,692.7094072,0.200527952
GRC,2016,Ver,18.183,22.711,25.288,12.289,10.85,9.067,12.95,15.037,4.146,2.591,13.589,17.88,20.252,7.981,6.414,70.409,66.917,64.215,78.681,79.28,51.22,46.685,43.73,61.145,62.031,658.191,349.408,231.197,434.8,269.743,5599.56,4699.704,3974.776,1637.923,937.066,2.735,2.693,2.705,2.637,2.608,0.655,0.869,1.034,0.268,0.231,8.345,11.866,14.753,1.397,1.412,70.639,70.059,67.298,0.986,0.4,36.669,36.649,36.189,0.045,0.011,8.156,8.156,8.145,0,0,0.2,0.2,0.2,0,0,16.52,14.405,13.365,19.459,19.921,91.569,86.064,80.439,8.014,5.448,37.55,36.181,34.646,2.186,1.264,7.448,7.279,6.841,0.393,0.224,1.069,1.069,0.999,0.002,0,0.032,0.032,0.032,0,0,93.516,74.901,70.283,13.917,12.977,16.172,7.385,6.74,6.486,6.418,4.509,1.333,1.096,2.47,2.469,-612.045,-82.5,-79.067,243.694,-359.314,127.366,120.539,112.327,19.632,16.727,117.413,111.43,99.847,3.616,1.815,0.4108,0.1969,3455.306727,2003.074537,0.579709616
GRC,2017,Cal,17.819,22.542,24.834,9.711,6.803,8.359,12.121,14.148,1.764,-0.693,13.084,17.386,19.608,5.601,2.904,70.727,65.919,63.486,76.373,77.513,52.211,45.666,43.063,59.409,61.78,749.412,442.629,285.259,363.043,256.904,5665.189,4793.521,3976.742,1658.865,899.49,2.671,2.626,2.652,2.779,2.845,0.653,0.882,1.04,0.265,0.196,6.769,9.841,12.253,1.985,1.184,54.482,54.471,53.289,3.332,0.579,21.443,21.443,21.254,0.48,0.021,3.124,3.124,3.124,0.012,0,0.059,0.059,0.059,0,0,17.455,14.384,13.674,20.876,22.946,92.026,90.256,80.698,11.732,4.47,41.699,41.372,39.671,2.649,0.979,10.379,10.375,9.885,0.567,0.152,1.323,1.323,1.311,0.069,0,0,0,0,0,0,56.337,52.751,50.711,22.846,17.995,4.578,3.676,3.206,8.09,7.421,1.342,1.106,0.855,2.637,2.398,465.43,327.026,29.316,-654.665,-539.052,114.342,113.014,104.231,16.094,6.142,94.233,93.638,90.314,17.291,5.864,0.4108,0.1969,3453.185273,893.498358,0.258746139
GRC,2018,Cal,18.192,22.918,25.341,11.515,9.641,9.36,13.19,15.318,3.498,2.283,13.712,18.044,20.36,7.373,5.78,73.613,69.61,67.219,79.44,81.464,55.244,49.61,46.857,62.668,65.797,770.965,437.106,303.855,527.262,329.336,5497.79,4724.666,3984.544,1567.054,806.886,2.666,2.634,2.57,2.719,2.757,0.586,0.786,0.923,0.257,0.191,6.083,8.44,10.142,1.131,0.467,38.114,37.688,36.837,1.207,0.011,13.427,13.425,13.258,0.19,0,1.657,1.657,1.657,0.001,0,0.101,0.101,0.101,0,0,17.855,15.95,14.723,20.644,20.886,66.871,65.626,60.603,8.792,1.346,23.111,22.71,21.36,1.73,0.246,5.41,5.343,5.094,0.516,0,0.399,0.399,0.393,0.018,0,0,0,0,0,0,59.544,49.459,45.78,2.148,0.437,13.287,8.153,7.484,0.435,0.045,4.294,2.496,2.348,0.248,0,165.402,410.146,328.304,714.341,230.047,129.003,115.971,103.558,7.863,1.172,108.683,96.732,85.864,3.999,0.596,0.4108,0.1969,3455.200377,655.9727817,0.189850865
GRC,2019,Ver,18.838,22.916,24.774,11.198,8.404,9.678,12.78,14.607,3.372,1.458,14.158,17.821,19.751,7.107,4.772,71.904,67.683,66.002,77.352,80.339,51.78,46.082,44.814,60.044,64.879,610.245,365.343,291.138,356.571,301.39,5619.352,4775.956,3918.916,1643.31,809.527,2.649,2.571,2.607,2.793,2.795,0.632,0.836,0.961,0.276,0.188,7.522,10.623,12.348,2.47,1.299,56.848,56.407,53.39,1.273,0.426,26.136,26.118,25.36,0.168,0.002,4.976,4.976,4.968,0,0,0.222,0.222,0.222,0,0,16.098,14.115,14.155,18.82,21.454,87.141,84.871,72.221,12.555,1.274,35.606,34.993,31.615,2.868,0.354,7.924,7.795,7.315,0.293,0.067,0.811,0.811,0.792,0,0,0.012,0.012,0.012,0,0,77.445,70.955,56.106,24.215,9.958,12.97,10.845,6.842,9.329,5.121,3.127,2.708,2.498,2.13,1.798,-688.644,-245.7,166.815,-729.09,-287.301,133.123,125.623,99.414,36.406,13.145,108.844,103.049,91.678,24.846,11.952,0.4108,0.1969,3455.166945,3446.8105,0.997581464
GRC,2020,Cal,18.73,23.067,24.961,13.074,11.031,9.417,12.828,14.404,4.812,3.342,14.001,17.965,19.758,8.648,6.883,69.74,65.469,63.08,77.243,78.641,49.997,44.554,42.086,57.79,60.312,588.112,371.618,253.794,316.338,210.287,5699.923,4806.078,4030.565,1708.368,911.067,2.729,2.705,2.74,2.699,2.774,0.68,0.903,1.04,0.308,0.241,8.899,12.521,15.092,2.541,1.5,74.119,73.77,68.411,3.449,0.442,38.313,38.308,37.154,0.776,0.017,8.032,8.032,7.993,0.007,0,0.196,0.196,0.196,0,0,15.468,14.142,13.401,17.383,18.09,106.782,100.862,88.238,15.213,5.828,43.616,42.963,39.415,3.166,0.885,9.885,9.881,9.146,0.561,0.129,1.476,1.476,1.404,0.019,0,0.011,0.011,0.011,0,0,100.005,72.809,65.712,27.114,22.031,25.104,9.456,8.295,11.747,11.032,9.639,3.275,2.948,4.386,4.261,-1172.875,-364.749,-136.949,-931.779,-773.896,134.151,125.157,114.794,25.945,9.42,118.946,111.531,100.36,15.229,5.839,0.4108,0.1969,3456.568715,1370.505817,0.39649315
GRC,2021,Cal,17.935,21.637,24.554,12.164,10.279,8.934,11.855,14.219,4.24,3.063,13.437,16.805,19.499,8.045,6.487,71.564,67.453,64.638,77.643,79.876,52.874,47.315,44.097,59.826,63.667,844.004,435.493,272.867,467.913,326.559,5509.368,4650.661,3933.761,1640.623,859.766,2.696,2.586,2.506,2.703,2.82,0.628,0.831,1.003,0.299,0.217,7.437,10.675,13.017,2.459,1.312,62.334,62.197,57.73,5.708,0.349,31.296,31.293,29.964,1.159,0.005,5.561,5.561,5.5,0.04,0,0.141,0.141,0.141,0,0,17.122,14.966,13.821,19.284,20.302,83.959,80.664,74.994,15.633,4.287,34.321,33.76,32.49,4.136,0.569,9.303,9.253,8.941,0.771,0.004,1.459,1.459,1.453,0.073,0,0,0,0,0,0,67.477,63.005,56.004,20.64,13.304,7.146,4.616,3.221,9.237,7.903,2.839,1.542,1.226,3.715,3.347,477.98,531.84,379.039,-593.525,-501.037,120.619,115.12,104.42,17.912,7.41,102.387,100.195,90.266,18.943,7.737,0.4108,0.1969,3460.458835,21169.57715,6.117563639
GRC,2022,Ver,18.404,22.274,25.04,10.488,9.634,8.993,12.005,14.502,2.856,2.242,13.667,17.203,19.906,6.521,5.774,68.456,63.604,62.653,76.584,79.084,48.83,43.023,41.985,59.627,62.79,508.129,283.809,245.46,432.359,320.376,5760.332,4880.185,4016.472,1625.521,857.685,2.718,2.713,2.649,2.913,2.856,0.687,0.907,1.05,0.255,0.209,8.938,12.134,13.344,1.958,0.836,73.585,68.621,57.362,4.604,0.137,25.906,25.607,24.158,1.332,0.003,3.542,3.541,3.501,0.061,0,0.089,0.089,0.089,0,0,14.997,13.185,13.017,18.995,20.101,113.517,107.925,86.462,13.684,3.044,43.032,41.412,37.99,2.004,0.459,7.896,7.581,7.325,0.326,0.051,0.843,0.842,0.838,0.005,0,0.017,0.017,0.017,0,0,113.391,87.979,65.169,10.896,4.341,36.449,19.402,7.95,2.564,1.587,20.397,8.837,2.5,0.656,0.48,-1846.769,-937.86,-323.971,-51.376,-115.535,165.038,149.53,116.71,21.081,6.12,146.449,127.827,101.652,11.588,1.826,0.4108,0.1969,3466.266485,8279.57697,2.388615245
GRC,2023,Cal,19.202,23.069,24.868,13.007,11.247,10.098,13.282,14.984,4.872,3.761,14.582,18.164,19.96,8.739,7.268,70.418,66.598,65.601,75.594,78.557,51.146,46.274,45.658,56.723,60.939,657.759,356.781,289.246,248.561,180.73,5492.284,4625.812,3822.376,1675.015,872.938,2.789,2.723,2.769,2.752,2.788,0.692,0.905,1.021,0.338,0.255,9.075,12.764,13.675,4.786,2.851,82.248,81.326,63.33,16.226,4.966,35.879,35.854,32.458,1.748,0.299,7.757,7.757,7.716,0.041,0.001,0.556,0.556,0.556,0,0,16.067,14.397,14.528,16.912,18.325,96.539,90.071,70.659,25.775,7.008,38.877,38.44,33.395,5.361,1.686,7.18,7.16,6.702,0.589,0.32,0.668,0.668,0.668,0.005,0.001,0.001,0.001,0.001,0,0,121.982,96.466,63.376,73.191,43.166,48.958,35.072,11.971,43.518,27.849,27.493,21.543,6.174,24.067,16.114,-970.859,-378.716,450.453,-2047.44,-1237.505,134.58,125.357,95.348,50.103,20.752,124.905,116.429,89.64,45.656,19.006,0.4108,0.1969,3467.344162,70253.19,20.26138356
GRC,2024,Cal,19.551,24.097,26.517,13.979,11.745,10.172,13.822,16.024,5.443,3.795,14.792,18.966,21.344,9.532,7.585,69.68,65.189,62.58,76.139,78.842,49.85,43.909,41.637,57.395,61.616,604.659,332.601,258.095,378.562,309.324,5658.789,4805.16,3982.16,1677.424,867.667,2.676,2.599,2.698,2.715,2.898,0.746,1,1.18,0.36,0.256,9.15,12.749,15.183,4.234,1.314,76.585,73.93,68.996,18.917,0.921,36.722,36.337,35.675,3.421,0.025,7.696,7.688,7.688,0.041,0,0.352,0.352,0.352,0,0,15.426,13.562,13.127,17.718,19.512,110.307,103.954,89.775,22.314,4.439,52.569,51.647,48.308,5.162,0.5,13.365,13.21,12.699,0.523,0.014,0.96,0.96,0.957,0,0,0.002,0.002,0.002,0,0,99.015,82.367,70.47,41.203,12.33,27.015,18.79,15.208,25.195,4.601,9.749,6.247,5.211,16.104,1.667,-1136.391,-478.525,-197.664,-1050.337,-389.166,142.398,128.852,109.626,35.558,5.206,127.693,117.472,102.212,34.644,8.093,0.4108,0.1969,3464.571064,12445.70082,3.59227754
HRV,1990,Cal,15.524,19.571,20.983,10.169,7.714,6.588,9.921,11.347,1.555,-0.121,10.982,14.775,16.282,5.502,3.402,75.025,71.63,70.564,77.339,78.826,55.871,51.329,50.057,58.007,60.645,979.619,688.292,485.283,289.249,165.94,4896.269,4175.035,3446.651,1545.01,788.285,1.699,1.675,1.653,1.708,1.738,0.449,0.592,0.669,0.245,0.187,2.134,3.038,3.536,0.828,0.453,9.926,9.926,9.924,0,0,0.459,0.459,0.459,0,0,0.001,0.001,0.001,0,0,0,0,0,0,0,18.443,17.429,17.336,17.57,18.411,63.239,57.926,46.306,17.299,5.825,11.447,10.478,8.906,2.549,0.977,0.838,0.7,0.7,0.138,0.138,0,0,0,0,0,0,0,0,0,0,52.249,23.651,8.114,59.973,42.659,30.405,12.561,1.219,36.984,25.319,15.035,7.485,0.139,17.684,10.345,-1178.05,-934.633,-597.31,-721.83,-383.177,21.865,21.454,12.614,9.301,0.466,22.069,22.069,21.947,0.046,0,0.0518,0.0518,2362.055482,482.15,0.204123063
HRV,1991,Cal,13.975,18.453,20.226,8.428,5.106,5.664,9.5,11.091,0.903,-1.65,9.774,14.021,15.788,4.477,1.562,76.819,75.656,74.641,80.623,81.455,58.474,55.775,54.555,64.752,67.152,1101.851,807.402,612.765,530.793,334.119,4722.727,4005.334,3347.508,1345.345,686.205,1.727,1.712,1.689,1.775,1.804,0.376,0.491,0.56,0.192,0.131,1.345,1.896,2.289,0.413,0.177,2.541,2.541,2.541,0.002,0,0.072,0.072,0.072,0,0,0,0,0,0,0,0,0,0,0,0,20.066,18.515,18.418,22.548,24.304,24.697,19.762,17.597,6.488,3.94,1.243,0.691,0.668,0.532,0.512,0.001,0.001,0.001,0,0,0,0,0,0,0,0,0,0,0,0,38.777,18.085,10.577,21.481,14.08,15.913,6.218,3.2,10.56,7.528,2.484,0.712,0.575,1.414,1.272,-125.384,11.865,170.653,-321.792,-114.332,13.957,13.239,9.935,3.95,0.581,10.946,10.946,10.895,0.077,0,0.0518,0.0518,2362.268832,1291.45,0.546698997
HRV,1992,Ver,15.653,20.072,22.539,8.022,5.937,6.818,10.374,12.502,0.455,-1.092,11.186,15.262,17.597,4.009,2.158,73.644,69.782,67.139,79.102,80.533,54.617,49.271,46.199,61.693,64.45,1004.852,725.873,356.022,501.5,261.371,4958.853,4243.293,3606.7,1396.944,716.208,1.789,1.817,1.773,1.794,1.735,0.507,0.679,0.816,0.195,0.151,3.563,5.23,6.705,0.357,0.219,31.865,31.865,31.625,0.001,0,6.97,6.97,6.97,0,0,0.071,0.071,0.071,0,0,0,0,0,0,0,18.658,16.738,15.278,21.286,22.586,78.207,74.531,68.348,9.689,4.07,22.377,22.246,22.146,0.247,0.145,3.579,3.579,3.579,0,0,0,0,0,0,0,0,0,0,0,0,85.15,73.448,58.908,24.399,14.036,37.278,35.248,30.35,5.646,3.132,11.066,11.066,9.273,0.668,0.5,-2486.842,-2398.559,-2066.213,-273.686,-109.647,47.425,47.26,43.613,2.693,0.282,59.564,59.564,56.822,0.052,0,0.0518,0.0518,2362.431422,5863.79,2.482099563
HRV,1993,Cal,14.625,19.4,21.803,7.905,6.017,5.861,9.849,11.858,0.248,-1.249,10.189,14.657,16.924,3.881,2.098,75.184,71.916,70.248,79.135,79.753,56.908,51.861,49.345,62.628,63.816,1068.202,703.94,483.716,593.136,246.17,4951.932,4251.709,3574.682,1374.703,739.322,1.836,1.803,1.703,1.903,1.843,0.459,0.62,0.728,0.192,0.155,2.584,3.735,4.73,0.457,0.28,18.577,18.574,18.574,0.241,0.002,3.066,3.066,3.066,0,0,0.112,0.112,0.112,0,0,0,0,0,0,0,20.246,17.637,16.442,22.05,21.264,59.763,55.896,51.996,8.64,4.476,16.036,15.509,15.356,0.671,0.552,1.915,1.915,1.915,0,0,0,0,0,0,0,0,0,0,0,0,53.062,25.09,22.371,39.809,32.729,25.056,10.753,9.612,18.891,15.367,7.66,3.91,3.54,5.745,3.75,-1416.048,-1159.246,-1070.375,-487.208,-275.441,23.461,21.783,20.686,4.001,1.711,33.252,33.246,33.17,2.814,0.006,0.0518,0.0518,2362.729412,14103,5.968944192
HRV,1994,Cal,15.923,20.209,22.295,8.827,5.535,7.276,10.79,12.821,1.197,-1.439,11.525,15.503,17.625,4.872,1.939,76.435,72.914,71.804,81.843,84.442,57.518,52.237,50.983,66.12,70.609,972.02,697.907,550.542,652.538,464.545,4941.658,4252.475,3519.95,1371.14,657.094,1.752,1.755,1.725,1.935,1.927,0.453,0.605,0.701,0.201,0.124,1.97,2.835,3.415,0.359,0.1,9.53,9.53,9.527,0,0,1.548,1.548,1.548,0,0,0.003,0.003,0.003,0,0,0,0,0,0,0,19.111,16.959,17.033,24.662,28.296,41.899,40.826,36.568,5.311,0.802,7.793,7.785,7.218,0.608,0.008,0.299,0.299,0.299,0,0,0,0,0,0,0,0,0,0,0,0,27.469,16.242,9.578,5.338,2.709,8.679,3.875,2.821,0.699,0.365,1.621,0.811,0.802,0.009,0,-588.247,-491.225,-213.061,-129.467,-21.529,13.931,13.747,12.853,0.524,0.117,17.445,17.445,17.385,0.01,0,0.0518,0.0518,2362.928752,4591.34,1.943071706
HRV,1995,Ver,14.42,18.6,20.47,8.789,7.431,6.15,9.436,11.301,1.223,0.36,10.261,14.043,15.982,4.808,3.672,77.716,75.675,75.305,80.508,82.534,59.381,55.198,54.827,63.684,66.795,1285.575,798.279,666.895,551.956,339.765,4747.171,4116.531,3419.223,1333.329,674.918,1.803,1.697,1.646,1.914,1.83,0.374,0.484,0.549,0.192,0.153,1.428,2.057,2.162,0.433,0.208,4.313,4.313,4.312,0.003,0,0.069,0.069,0.069,0,0,0,0,0,0,0,0,0,0,0,0,21.283,18.757,18.982,22.344,23.662,29.306,26.983,23.661,4.473,1.639,2.44,2.318,2.195,0.147,0.039,0.007,0.007,0.007,0,0,0,0,0,0,0,0,0,0,0,0,21.745,18.101,3.929,14.773,10.727,9.095,7.76,0.409,5.643,4.923,1.739,1.459,0.008,0.863,0.863,128.917,197.155,594.512,-238.434,-90.957,17.371,17.15,9.752,0.791,0.212,13.267,13.241,12.711,0.059,0,0.0518,0.0518,2363.157322,3020.71,1.278251758
HRV,1996,Cal,13.183,17.67,20.073,6.503,3.679,5.195,8.949,10.968,-0.441,-2.246,9.18,13.347,15.633,2.882,0.62,78.619,75.731,74.945,80.95,83.338,61.548,56.559,55.314,66.235,71.259,1200.807,812.093,669.328,471.511,410.891,4583.736,3911.978,3286.889,1354.9,640.065,1.73,1.708,1.693,1.73,1.809,0.35,0.466,0.545,0.171,0.117,1.21,1.75,2.232,0.674,0.1,2.627,2.627,2.627,0.001,0,0.066,0.066,0.066,0,0,0,0,0,0,0,0,0,0,0,0,23.031,19.374,18.63,25.898,29.832,29.575,29.307,27.746,3.458,1.194,2.031,2.015,1.972,0.158,0.1,0.022,0.022,0.022,0,0,0,0,0,0,0,0,0,0,0,0,8.939,8.405,8.32,15.778,1.522,2.42,2.343,2.341,8.204,0.85,0.466,0.466,0.466,1.677,0.227,366.946,368.671,303.467,-482.063,-34.758,10.431,10.407,9.861,7.994,0.094,9.935,9.935,9.935,0.555,0.026,0.0518,0.0518,2363.444812,6509.23,2.754128198
HRV,1997,Cal,14.357,18.383,20.54,8.005,5.577,5.879,8.949,10.979,0.676,-1.123,10.088,13.714,15.871,4.174,2.053,76.408,72.33,72.264,81.824,84.749,58.12,51.768,51.372,66.222,71.05,1080.634,667.631,530.448,544.962,400.297,4911.385,4248.891,3523.249,1365.15,678.621,1.769,1.791,1.751,1.775,1.757,0.397,0.527,0.597,0.185,0.131,1.421,2.05,2.417,0.329,0.151,2.239,2.239,2.228,0,0,0.037,0.037,0.037,0,0,0,0,0,0,0,0,0,0,0,0,20.356,17.301,17.621,24.989,28.687,36.212,34.755,28.502,7.163,1.427,3.688,3.608,2.904,0.781,0.08,0.019,0.019,0.019,0,0,0,0,0,0,0,0,0,0,0,0,18.807,17.047,5.76,10.077,1.158,5.606,5.378,1.237,4.116,0.083,1.567,1.567,0.085,1.481,0,96.293,139.542,397.278,-103.083,-20.534,11.045,10.975,7.916,2.72,0.055,6.018,6.018,5.868,0,0,0.0518,0.0518,2363.562522,6995.57,2.959756696
HRV,1998,Ver,14.811,19.287,21.625,8.695,7.521,6.196,10.053,12.191,1.083,0.354,10.466,14.726,17.023,4.684,3.698,75.878,73.136,72.879,78.93,82.989,57.348,52.857,52.435,62.666,68.192,1105.81,832.727,641.225,514.584,371.282,4899.512,4179.442,3457.741,1425.884,698.811,1.804,1.808,1.754,1.9,1.817,0.433,0.57,0.661,0.208,0.155,1.735,2.458,3.122,0.461,0.289,10.899,10.899,10.891,0.019,0,1.656,1.656,1.656,0,0,0.033,0.033,0.033,0,0,0,0,0,0,0,20.445,18.253,18.298,20.562,22.358,45.271,43.385,32.467,12.252,1.771,9.274,9.272,8.197,0.854,0.002,0.999,0.999,0.997,0.003,0,0,0,0,0,0,0,0,0,0,0,29.309,15.546,11.862,20.459,14.407,12.223,4.497,2.975,9.519,7.888,4.692,1.655,1.248,3.444,3.036,-196.872,-27.42,6.287,-442.092,-215.078,20.448,18.009,16.746,4.121,2.454,17.175,17.175,17.001,0.324,0,0.0518,0.0518,2363.717972,17118.9,7.242361485
HRV,1999,Cal,14.744,19.49,21.489,7.298,4.053,6.462,10.603,12.492,-0.318,-3.023,10.562,15.048,17.063,3.342,0.362,78.838,76.561,76.362,80.856,82.223,60.913,56.846,56.544,64.554,67.61,1251.601,786.355,641.905,556.65,352.183,4683.764,4024.747,3335.657,1360.12,682.659,1.8,1.745,1.668,1.866,1.806,0.371,0.492,0.555,0.181,0.126,1.151,1.661,1.914,0.21,0.095,1.602,1.602,1.602,0,0,0.078,0.078,0.078,0,0,0,0,0,0,0,0,0,0,0,0,22.254,19.103,18.98,25.898,28.718,20.816,18.757,15.461,5.622,2.153,1.22,1.078,1.051,0.377,0.142,0.01,0.01,0.01,0,0,0,0,0,0,0,0,0,0,0,0,5.196,4.636,4.17,1.158,0.986,1.001,0.993,0.993,0.068,0.068,0.144,0.144,0.144,0.001,0.001,469.38,473.61,615.183,38.254,11.839,7.103,7.067,6.716,0.294,0.04,4.4,4.399,4.215,0,0,0.0518,0.0518,2364.017292,1829.71,0.77398334
HRV,2000,Cal,16.507,20.795,23.035,8.092,5.352,7.397,10.803,12.665,0.314,-1.86,11.9,15.842,17.986,4.028,1.573,73.271,69.192,66.389,79.868,81.814,53.823,48.273,45.23,63.073,66.735,930.098,607.257,386.341,535.468,362.998,5156.501,4426.713,3750.333,1393.291,703.524,1.776,1.784,1.71,1.872,1.829,0.541,0.727,0.869,0.197,0.139,3.469,5.059,6.541,0.379,0.157,30.731,30.731,30.721,0,0,9.093,9.093,9.093,0,0,0.237,0.237,0.237,0,0,0,0,0,0,0,18.257,16.227,15.192,23.224,25.742,78.677,77.083,72.731,6.169,1.361,27.605,27.544,27.122,0.486,0.045,5.808,5.808,5.808,0,0,0.172,0.172,0.172,0,0,0,0,0,0,0,58.266,50.55,49.439,0.613,0.309,33.775,30.256,29.96,0.005,0.005,17.041,16.025,15.992,0,0,-2315.534,-2163.963,-2065.109,-121.505,-38.21,33.315,33.269,32.893,0.303,0.055,53.49,53.102,52.206,0.185,0.001,0.0518,0.0518,2364.09291,37441.93,15.83775741
HRV,2001,Ver,15.067,19.931,21.233,10.924,8.588,6.529,10.591,11.742,3.536,1.775,10.79,15.288,16.61,7.029,4.996,76.371,74.248,72.081,82.217,83.294,57.911,53.827,51.602,65.642,68.026,1147.277,785.921,624.582,686.747,420.665,4799.725,4133.026,3448.743,1303.117,660.416,1.872,1.79,1.761,1.997,1.963,0.431,0.57,0.658,0.213,0.162,1.947,2.727,3.287,0.398,0.262,11.719,11.718,11.718,0.01,0,1.444,1.444,1.444,0,0,0.019,0.019,0.019,0,0,0,0,0,0,0,20.078,18.01,17.739,22.111,22.632,39.889,38.633,37.848,2.242,1.115,7.151,7.149,7.14,0.025,0.016,0.92,0.92,0.92,0,0,0,0,0,0,0,0,0,0,0,0,30.314,14.878,8.134,12.974,11.872,10.613,2.864,1.659,5.096,4.8,2.407,0.388,0.378,1.137,1.104,-591.964,-336.626,-127.571,-253.615,-197.278,14.882,13.395,12.091,0.433,0.189,20.709,20.627,20.621,1.284,0.388,0.0518,0.0518,2363.99233,6885.78,2.912775948
HRV,2002,Cal,15.303,19.254,21.085,8.643,5.027,7.194,10.478,12.333,0.637,-2.329,11.182,14.85,16.72,4.46,1.217,79.002,76.964,77.005,79.647,80.888,61.343,57.685,57.864,62.529,65.9,1258.465,933.339,786.613,358.573,296.669,4685.66,4028.322,3326.629,1440.459,689.561,1.775,1.72,1.644,1.84,1.88,0.368,0.475,0.532,0.208,0.144,0.985,1.388,1.638,0.708,0.323,0.814,0.814,0.814,0.001,0.001,0.004,0.004,0.004,0,0,0,0,0,0,0,0,0,0,0,0,21.465,19.621,20.076,22.36,25.908,24.822,22.588,16.552,8.18,2.511,1.396,1.045,0.716,0.678,0.349,0.033,0.033,0.033,0,0,0,0,0,0,0,0,0,0,0,0,14.39,9.936,4.997,26.995,15.312,3.234,2.292,1.262,9.639,7.405,0.15,0.092,0.092,1.998,1.988,817.721,860.998,924.173,-625.428,-228.676,9.257,9.229,7.533,4.277,1.327,4.538,4.538,4.536,0.091,0.082,0.0518,0.0518,2364.064258,2414,1.021122836
HRV,2003,Cal,15.523,20.687,23.682,7.554,4.821,6.469,10.694,13.329,0.144,-1.725,10.969,15.739,18.618,3.793,1.519,72.722,67.648,65.475,80.634,83.037,53.643,46.365,43.802,65.103,69.746,820.832,532.967,370.551,490.241,361.121,5144.612,4421.925,3690.805,1405.801,676.152,1.794,1.768,1.704,1.908,1.928,0.55,0.76,0.912,0.187,0.129,3.392,4.981,6.301,0.359,0.135,26.362,26.362,26.362,0,0,2.775,2.775,2.775,0,0,0.137,0.137,0.137,0,0,0,0,0,0,0,19.446,15.891,14.733,25.34,28.557,87.169,86.34,77.722,9.097,0.523,29.59,29.587,27.355,2.238,0.006,3.626,3.626,3.626,0,0,0.03,0.03,0.03,0,0,0,0,0,0,0,62.486,59.212,53.62,6.267,0.735,32.858,32.527,30.384,2.172,0.03,15.609,15.609,15.41,0.199,0,-2616.677,-2562.106,-2392.599,-90.987,-9.868,34.13,33.544,29.585,4.514,0.56,47.399,47.399,47.238,0.049,0,0.0518,0.0518,2364.25298,15451,6.535256646
HRV,2004,Ver,14.368,18.725,20.766,7.762,6.232,6.172,9.695,11.452,0.289,-0.809,10.212,14.225,16.192,3.82,2.449,78.266,76.785,74.964,80.494,81.834,60.366,57.224,54.683,64.217,66.654,1282.292,866.024,625.223,584.518,351.113,4654.708,3993.213,3367.701,1346.449,693.148,1.741,1.684,1.663,1.882,1.853,0.371,0.486,0.573,0.18,0.137,1.334,1.927,2.473,0.307,0.143,5.727,5.727,5.727,0,0,0.4,0.4,0.4,0,0,0,0,0,0,0,0,0,0,0,0,21.451,20.084,18.873,23.063,22.818,31.064,26.869,25.101,5.115,2.906,4.75,4.081,3.682,1.012,0.612,0.204,0.204,0.204,0,0,0,0,0,0,0,0,0,0,0,0,5.949,4.309,4.308,3.667,3.606,0.654,0.635,0.635,0.305,0.305,0.111,0.111,0.111,0,0,528.836,552.701,441.332,-18.073,-49.316,9.285,9.233,9.078,0.219,0.054,11.112,11.112,11.112,0.112,0,0.0518,0.0518,2364.55675,839,0.354823372
HRV,2005,Cal,13.832,18.513,20.758,7.471,4.738,5.47,9.44,11.691,-0.036,-1.965,9.64,14.033,16.334,3.535,1.17,78.707,76.55,75.38,82.116,82.262,60.694,57.186,55.614,65.969,67.256,1199.782,822.252,676.358,556.979,332.784,4731.073,4035.101,3351.321,1356.793,693.339,1.75,1.713,1.717,1.794,1.852,0.358,0.476,0.557,0.16,0.128,1.177,1.662,2.027,0.163,0.148,2.027,2.027,2.027,0,0,0.047,0.047,0.047,0,0,0,0,0,0,0,0,0,0,0,0,22.168,20.119,18.839,25.564,25.523,30.881,29.608,29.185,3.154,2.757,3.575,3.487,3.486,0.147,0.145,0.044,0.036,0.036,0.009,0.009,0,0,0,0,0,0,0,0,0,0,22.919,12.388,11.91,3.147,3.147,7.488,4.884,4.884,0.169,0.169,1.498,1.071,1.071,0,0,491.14,702.075,698.758,105.926,-39.467,11.125,10.053,9.344,0.421,0.281,6.947,6.93,6.93,0,0,0.0518,0.0518,2367.23758,930,0.392862976
HRV,2006,Cal,15.046,19.394,21.6,6.937,4.505,6.547,10.063,12.097,-0.114,-1.983,10.742,14.774,16.942,3.265,1.092,78.182,75.891,75.11,81.742,82.758,59.636,55.733,54.591,66.367,68.278,1062.706,793.599,636.717,564.509,387.08,4856.847,4160.601,3480.337,1299.41,671.856,1.741,1.725,1.617,1.848,1.785,0.395,0.52,0.6,0.162,0.121,1.55,2.181,2.557,0.326,0.188,5.843,5.843,5.842,0,0,0.507,0.507,0.507,0,0,0.001,0.001,0.001,0,0,0,0,0,0,0,20.95,18.752,18.127,25.56,27.517,28.675,27.29,25.472,2.466,1.236,3.38,3.231,3.168,0.094,0.065,0.188,0.188,0.188,0,0,0,0,0,0,0,0,0,0,0,0,22.507,15.121,11.243,9.226,8.747,7.189,4.941,4.76,2.502,2.502,2.107,1.535,1.534,0.426,0.426,-77.202,111.876,284.464,-205.121,-190.048,13.174,13.09,12.394,1.499,0.866,14.971,14.965,14.603,0.017,0.017,0.0518,0.0518,2369.75779,2348,0.99081856
HRV,2007,Ver,15.931,20.259,22.875,11.158,9.299,7.186,10.647,12.636,3.434,2.083,11.528,15.498,17.861,7.064,5.428,75.52,71.462,68.769,82.198,84.353,56.844,51.274,47.706,64.62,67.912,1101.104,754.646,503.677,471.185,301.769,4936.79,4279.5,3666.197,1357.73,676.764,1.776,1.76,1.681,1.865,1.802,0.492,0.662,0.795,0.213,0.159,2.627,3.832,4.966,0.613,0.31,17.009,17.009,17.009,0.001,0,6.35,6.35,6.35,0,0,0.595,0.595,0.595,0,0,0,0,0,0,0,19.281,17.377,16.232,19.821,20.657,57.568,56.104,53.484,3.786,1.032,19.671,19.66,19.659,0.129,0.095,5.301,5.301,5.301,0.001,0,0.052,0.052,0.052,0,0,0,0,0,0,0,50.806,42.848,42.578,18.3,14.164,28.118,25.137,25.137,5.351,5.169,10.822,10.255,10.255,1.14,1.139,-1272.184,-1234.032,-1275.2,-445.072,-227.283,32.405,32.373,32.008,0.956,0.038,34.515,34.515,34.515,0.368,0.006,0.0518,0.0518,2373.4952,12719,5.358763734
HRV,2008,Cal,15.667,19.625,21.648,8.095,6.184,7.168,10.348,12.289,0.713,-0.896,11.325,14.992,17.039,4.177,2.377,77.121,74.675,72.989,81.541,82.099,58.108,53.968,52.267,64.964,66.604,1111.194,781.006,556.533,517.749,248.325,4868.756,4161.38,3492.87,1325.747,711.77,1.772,1.764,1.724,1.813,1.753,0.431,0.566,0.663,0.181,0.148,1.834,2.586,3.282,0.306,0.278,6.402,6.402,6.402,0,0,0.319,0.319,0.319,0,0,0,0,0,0,0,0,0,0,0,0,19.354,18.392,17.77,22.404,22.629,46.226,39.833,36.23,9.398,5.762,8.82,7.007,6.336,1.917,1.245,0.355,0.329,0.329,0.025,0.025,0,0,0,0,0,0,0,0,0,0,25.589,12.012,8.487,16.804,13.76,12.72,4.51,1.973,10.656,8.214,5.896,1.794,0.236,5.66,4.102,-441.695,-231.658,-185.712,-134.999,-170.197,14.965,12.94,12.464,2.485,2.04,15.804,15.804,15.721,0,0,0.0518,0.0518,2374.91964,3713.9,1.563800281
HRV,2009,Cal,15.586,20.392,23.076,8.358,5.706,7.07,10.855,13.077,1.223,-0.52,11.295,15.641,18.152,4.595,2.396,75.822,71.649,70.354,81.069,82.768,57.115,50.666,49.053,64.823,68.544,1116.831,623.027,422.891,657.977,469.361,4886.484,4262.469,3607.378,1314.596,643.576,1.782,1.751,1.662,1.855,1.824,0.473,0.644,0.759,0.186,0.133,2.607,3.831,4.762,0.283,0.122,16.609,16.609,16.527,0,0,1.382,1.382,1.382,0,0,0.002,0.002,0.002,0,0,0,0,0,0,0,20.315,16.953,16.351,23.443,25.896,63.201,61.65,53.848,8.437,3.029,12.868,12.859,11.9,1.517,0.577,1.663,1.663,1.663,0.001,0.001,0,0,0,0,0,0,0,0,0,0,40.516,33.227,26.837,5.024,4.53,12.116,10.909,8.409,0.611,0.516,2.34,2.302,1.742,0.009,0.009,-1610.76,-1566.939,-1339.942,-81.829,-57.461,24.77,24.617,22.805,0.525,0.155,37.288,37.288,34.434,0.084,0,0.0518,0.0518,2378.764,2095,0.880709478
HRV,2010,Ver,14.065,18.386,20.913,7.754,5.53,5.991,9.712,12.012,0.762,-0.846,10.034,14.101,16.558,4.189,2.284,79.313,76.878,75.96,82.556,85.788,61.883,57.594,56.172,67.039,72.23,1433.95,922.547,746.993,715.913,530.273,4595.656,3974.588,3342.271,1264.425,594.208,1.772,1.779,1.712,1.851,1.775,0.361,0.479,0.563,0.175,0.113,1.176,1.719,2.208,0.422,0.096,3.147,3.147,3.147,0.082,0,0.084,0.084,0.084,0,0,0.001,0.001,0.001,0,0,0,0,0,0,0,22.656,19.541,18.735,25.89,28.471,25.252,24.082,21.359,6.24,0.981,2.253,1.97,1.861,0.403,0.278,0.051,0.051,0.051,0,0,0,0,0,0,0,0,0,0,0,0,4.561,3.73,3.73,9.914,3.525,1.082,1.009,1.009,3.265,0.765,0.193,0.193,0.193,0.589,0.03,559.865,542.346,444.433,-220.265,-3.263,9.974,9.963,9.892,1.656,0.025,9.235,9.235,9.235,2.855,0,0.0518,0.0518,2383.22227,705.67,0.296099113
HRV,2011,Cal,15.917,20.676,23.454,7.949,6.206,6.795,10.608,12.98,0.423,-1.022,11.241,15.655,18.299,3.956,2.331,73.164,68.121,66.109,81.094,82.804,54.288,47.385,44.92,65.649,68.61,719.862,522.632,369.208,482.902,335.628,5144.495,4430.279,3725.321,1336.672,682.64,1.727,1.774,1.724,1.854,1.791,0.536,0.734,0.869,0.175,0.133,3.855,5.585,6.722,0.228,0.136,35.528,35.528,33.637,0,0,7.135,7.135,7.114,0,0,0.073,0.073,0.073,0,0,0,0,0,0,0,17.847,15.658,14.761,23.257,24.957,85.03,84.331,72.51,7.31,0.767,23.956,23.944,22.422,0.67,0.017,4.144,4.144,4.144,0,0,0.154,0.154,0.154,0,0,0,0,0,0,0,85.257,63.678,53.164,3.624,1.804,46.015,32.675,27.856,0.249,0.078,16.212,11.853,11,0,0,-2842.401,-2452.306,-1979.39,-64.847,-52.441,40.622,40.404,37.613,0.696,0.172,54.142,53.52,50.039,0,0,0.0518,0.0518,2389.07554,6531.75,2.734007314
HRV,2012,Cal,15.952,21.223,23.429,8.064,4.987,6.965,11.227,13.211,-0.044,-2.332,11.404,16.216,18.389,3.786,1.079,73.154,69.383,67.269,77.8,80.836,54.542,48.988,46.848,60.37,65.013,1020.36,655.607,514.591,344.649,238.774,5117.677,4412.989,3665.339,1512.5,742.772,1.834,1.779,1.811,1.809,1.821,0.552,0.755,0.895,0.224,0.138,3.971,5.865,7.374,1.258,0.311,40.801,40.801,40.793,1.897,0,16.405,16.405,16.405,0.021,0,1.403,1.403,1.403,0,0,0,0,0,0,0,19.592,16.372,16.107,20.845,23.872,80.281,78.227,67.952,17.348,2.117,28.466,28.442,27.269,2.022,0.024,7.201,7.201,7.201,0,0,0.226,0.226,0.226,0,0,0,0,0,0,0,78.925,66.827,55.716,51.432,31.754,48.05,42.386,35.977,29.983,18.926,17.482,17.305,15.094,7.6,4.537,-2055.972,-1954.318,-1634.367,-1123.336,-429.547,50.651,50.215,43.111,9.618,0.473,54.043,54.043,53.606,4.135,0.622,0.0518,0.0518,2393.85747,15512.62,6.480176951
HRV,2013,Ver,15.091,19.474,21.946,8.055,6.09,6.904,10.295,12.4,1.175,-0.168,10.941,14.915,17.272,4.45,2.82,77.596,73.525,70.916,84.297,85.536,59.979,54.076,50.797,68.927,71.458,1268.67,765.089,528.727,838.362,544.687,4736.045,4126.59,3502.243,1220.852,610.768,1.734,1.705,1.66,1.763,1.769,0.45,0.613,0.743,0.155,0.121,2.692,3.942,5.129,0.156,0.072,23.197,23.197,23.197,0.001,0,7.459,7.459,7.459,0,0,0.219,0.219,0.219,0,0,0,0,0,0,0,21.301,18.975,17.32,26.695,27.582,52.935,52.431,51.613,1.548,0.219,16.207,16.198,16.164,0.081,0,3.418,3.418,3.418,0,0,0.064,0.064,0.064,0,0,0,0,0,0,0,40.59,30.367,29.144,0.698,0.571,14.285,11.949,11.897,0,0,4.038,3.828,3.828,0,0,-761.043,-723.942,-813.631,78.866,22.709,28.17,27.949,27.863,0.281,0.016,35.086,35.086,35.086,0.404,0,0.0518,0.0518,2400.83236,625.74,0.260634608
HRV,2014,Cal,15.707,19.243,20.692,10.485,8.102,7.882,10.685,12.097,3.108,1.512,11.739,14.971,16.468,6.603,4.587,81.132,78.152,78.035,83.882,87.118,63.421,58.659,58.52,67.804,72.949,1537.147,1077.48,897.792,616.019,485.243,4576.804,3982.01,3294.721,1306.297,601.641,1.714,1.691,1.632,1.807,1.779,0.345,0.451,0.494,0.194,0.125,0.756,1.076,1.145,0.396,0.145,0.195,0.195,0.195,0,0,0.001,0.001,0.001,0,0,0,0,0,0,0,0,0,0,0,0,21.966,20.376,21.078,22.421,24.844,21.507,20.959,13.035,8.912,0.868,0.913,0.913,0.587,0.337,0.01,0,0,0,0,0,0,0,0,0,0,0,0,0,0,0,13.137,10.058,4.492,19.666,12.9,4.013,2.987,1.19,5.184,3.336,0.327,0.268,0.226,0.31,0.269,1086.456,1096.73,1244.527,-215.913,-66.187,5.846,5.823,3.701,2.245,0.214,2.243,2.243,2.243,0,0,0.0518,0.0518,2409.13554,93.82,0.038943429
HRV,2015,Cal,16.045,20.275,22.907,9.301,7.075,7.446,11.027,13.204,2.36,0.777,11.67,15.675,18.149,5.635,3.746,75.766,70.916,68.061,83.001,85.554,57.556,51.039,47.461,67.372,71.711,1033.354,763.426,482.69,573.9,388.201,4905.501,4212.514,3587.977,1299.278,627.4,1.795,1.875,1.83,1.887,1.818,0.5,0.68,0.827,0.182,0.126,2.7,3.872,5.032,0.306,0.123,18.266,18.266,18.266,0,0,2.212,2.212,2.212,0,0,0,0,0,0,0,0,0,0,0,0,19.394,17.055,15.829,23.698,25.97,64.087,63.404,60.091,3.779,0.485,21.115,21.077,20.567,0.52,0.009,1.101,1.101,1.101,0,0,0,0,0,0,0,0,0,0,0,0,53.11,34.581,33.637,1.386,0.418,20.001,12.275,12.254,0.049,0.027,5.955,2.547,2.547,0.001,0.001,-1556.131,-1364.66,-1336.137,-78.205,2.044,25.061,24.572,23.571,1.201,0.097,31.184,31.184,31.184,0,0,0.0518,0.0518,2415.27421,4221.44,1.747809827
HRV,2016,Ver,15.392,19.508,22.043,9.673,8.324,7.158,10.638,12.726,2.298,0.923,11.197,15.103,17.462,5.719,4.309,77.783,75.151,73.434,84.425,85.349,59.508,55.444,53.3,68.395,69.9,1233.179,778.434,579.372,675.979,361.424,4755.097,4099.135,3499.584,1259.655,685.562,1.772,1.782,1.741,1.722,1.631,0.409,0.541,0.641,0.168,0.142,1.431,2.047,2.576,0.314,0.309,2.413,2.413,2.413,0,0,0.011,0.011,0.011,0,0,0,0,0,0,0,0,0,0,0,0,20.169,18.525,18.015,22.851,23.609,32.403,31.303,29.328,1.221,0.439,2.771,2.737,2.737,0.051,0.051,0.008,0.006,0.006,0.002,0.002,0,0,0,0,0,0,0,0,0,0,30.495,8.686,8.558,20.531,20.531,13.551,1.855,1.855,8.144,8.144,4.137,0.083,0.083,3.435,3.435,84.09,197.009,176.693,-111.15,-203.248,11.304,10.996,10.759,0.681,0.444,6.845,6.845,6.844,0,0,0.0518,0.0518,2416.66752,3190.32,1.320131948
HRV,2017,Cal,15.981,21.049,23.019,8.181,5.297,6.879,11.067,12.997,0.417,-1.997,11.389,16.085,18.12,4.062,1.339,73.806,69.613,67.53,79.78,81.379,54.88,48.7,46.834,63.068,66.231,1173.377,707.082,556.271,495.751,337.827,5135.92,4438.635,3681.554,1410.744,719.148,1.866,1.798,1.788,1.821,1.82,0.533,0.727,0.855,0.198,0.138,2.963,4.341,5.439,0.47,0.209,25.058,25.058,25.058,0,0,3.674,3.674,3.674,0,0,0.049,0.049,0.049,0,0,0,0,0,0,0,19.425,16.416,16.438,21.709,23.806,68.667,66.818,60.985,8.963,2.522,21.363,21.27,21.134,0.239,0.104,2.066,2.066,2.066,0,0,0,0,0,0,0,0,0,0,0,0,55.25,47.046,38.34,35.755,27.489,28.483,23.487,19.533,20.163,16.21,10.172,8.053,6.935,7.264,6.146,-1669.068,-1593.574,-1353.895,-390.561,-182.328,26.342,26.21,20.811,5.693,0.374,36.955,36.955,36.608,0,0,0.0518,0.0518,2420.59025,26310.98,10.86965462
HRV,2018,Cal,15.993,20.642,23.341,8.374,6.417,7.804,11.522,13.973,1.037,-0.154,11.802,16.026,18.652,4.525,2.984,78.521,75.341,73.987,83.335,84.734,60.222,55.191,53.221,67.099,69.948,1171.15,773.815,552.416,791.914,547.735,4818.504,4197.27,3549.824,1282.704,626.952,1.702,1.658,1.585,1.927,1.973,0.421,0.565,0.66,0.169,0.128,1.736,2.425,2.688,0.245,0.108,2.363,2.363,2.193,0,0,0.068,0.068,0.068,0,0,0,0,0,0,0,0,0,0,0,0,20.712,19.116,17.808,24.165,24.709,30.3,29.74,28.313,1.318,0.613,1.903,1.903,1.751,0.001,0,0.007,0.007,0.007,0,0,0,0,0,0,0,0,0,0,0,0,33.236,19.632,8.442,1.643,1.075,18.524,9.159,2.483,0.154,0.153,8.67,3.448,0.125,0,0,-400.19,-101.808,270.895,41.691,5.355,17.426,16.135,11.557,0.219,0.04,18.623,15.845,8.651,0.347,0,0.0518,0.0518,2422.31514,362.2,0.149526374
HRV,2019,Ver,16.273,20.482,22.133,9.733,6.73,7.788,11.139,12.898,2.026,-0.056,11.955,15.791,17.578,5.671,3.128,77.083,74.668,74.761,78.433,81.317,58.337,54.161,54.49,61.343,66.129,1243.765,813.143,701.425,386.648,263.156,4903.478,4218.155,3451.023,1460.166,697.255,1.779,1.71,1.661,1.853,1.807,0.436,0.571,0.637,0.239,0.157,1.713,2.467,2.795,1.059,0.433,4.309,4.309,4.294,0.17,0,0.099,0.099,0.099,0,0,0,0,0,0,0,0,0,0,0,0,19.829,18.094,18.83,20.249,22.491,45.136,42.258,31.365,14.151,2.943,4.636,4.587,4.113,0.52,0.049,0.099,0.099,0.098,0.001,0,0,0,0,0,0,0,0,0,0,0,30.333,25.303,9.584,40.417,17.778,11.97,10.682,2.985,23.31,10.521,3.284,3.155,1.288,10.37,5.341,-324.603,-235.776,177.832,-1076.867,-386.146,14.634,14.307,12.644,7.149,1.597,13.814,13.758,12.714,10.058,2.778,0.0518,0.0518,2422.81845,989.67,0.408478811
HRV,2020,Cal,16.165,20.216,22.486,10.771,8.863,7.575,10.701,12.57,3.073,1.818,11.764,15.457,17.589,6.636,5.05,74.808,70.314,68.443,80.108,82.933,56.143,50.142,48.127,62.346,66.636,1026.088,767.48,530.814,506.753,385.406,5040.583,4347.256,3650.827,1444.705,707.866,1.816,1.877,1.808,1.887,1.838,0.474,0.634,0.741,0.228,0.165,2.329,3.343,4.21,0.619,0.221,8.704,8.704,8.675,0.027,0,0.309,0.309,0.309,0,0,0,0,0,0,0,0,0,0,0,0,18.236,17.078,16.392,19.615,20.832,69.279,64.885,58.312,11.937,4.474,17.819,17.456,17.231,0.743,0.363,0.639,0.639,0.639,0,0,0,0,0,0,0,0,0,0,0,0,54.957,41.627,36.487,20.116,10.797,25.702,22.488,21.735,5.017,2.681,10.502,10.434,10.431,0.237,0.072,-1352.297,-1211.917,-1100.289,-443.517,-119.614,31.376,31.108,28.644,3.299,0.218,23.63,23.63,23.224,1.014,0.056,0.0518,0.0518,2423.13961,12468.34,5.145531008
HRV,2021,Cal,15.635,19.647,22.196,9.479,7.588,6.917,9.95,12.233,2.206,1.1,11.248,14.854,17.354,5.617,4.095,74.486,69.927,68.205,81.598,84.714,55.719,49.214,47.402,65.088,70.21,1097.057,675.474,523.78,576.593,354.364,5064.322,4404.111,3667.798,1383.468,651.916,1.787,1.771,1.713,1.799,1.753,0.504,0.68,0.81,0.196,0.138,2.884,4.224,5.361,0.354,0.195,23.618,23.618,23.615,0.017,0,4.197,4.197,4.197,0,0,0.178,0.178,0.178,0,0,0,0,0,0,0,18.798,16.404,16.267,21.338,23.161,73.339,69.46,62.496,10.646,3.907,19.84,19.554,19.188,0.652,0.285,3.355,3.322,3.322,0.032,0.032,0.048,0.048,0.048,0,0,0,0,0,0,0,44.906,40.378,29.904,16.985,7.134,26.401,25.186,19.721,7.193,1.791,12.326,12.31,11.312,1.015,0.021,-1259.832,-1214.872,-1008.338,-224.607,-86.925,31.879,31.791,30.009,1.71,0.146,36.71,36.71,36.423,0.406,0,0.0518,0.0518,2423.52614,1821.29,0.75150417
HRV,2022,Ver,16.596,20.836,23.029,8.89,7.346,7.825,11.135,13.28,1.155,0.289,12.112,15.966,18.238,4.784,3.578,73.965,69.272,68.12,78.851,82.224,55.385,48.917,47.906,61.802,66.592,969.189,582.078,522.543,483.557,343.481,5076.618,4410.046,3604.277,1460.859,694.37,1.728,1.709,1.737,1.842,1.802,0.53,0.718,0.843,0.209,0.153,3.295,4.809,5.842,0.568,0.141,29.589,29.58,29.576,0.003,0,7.575,7.575,7.575,0,0,0.043,0.043,0.043,0,0,0,0,0,0,0,18.009,15.846,16.35,20.093,22.26,77.536,75.857,61.338,15.949,1.576,25.688,25.662,22.184,3.502,0.025,3.855,3.855,3.737,0.118,0,0.004,0.004,0.004,0,0,0,0,0,0,0,66.876,63.145,43.495,15.192,0.493,40.259,38.26,27.023,9.412,0.006,17.762,17.03,12.988,3.737,0,-2019.451,-1925.365,-1402.527,-386.893,-26.511,38.946,38.403,28.191,9.756,0.205,44.953,44.953,44.933,0.307,0,0.0518,0.0518,2423.63194,12171.98,5.022206466
HRV,2023,Cal,16.652,20.746,22.319,10.459,7.869,8.286,11.663,13.245,3.271,1.689,12.413,16.207,17.834,6.642,4.56,77.195,74.151,73.924,82.829,85.653,58.637,54.259,54.065,66.608,71.607,1336.001,851.663,650.808,614.925,514.03,4886.295,4199.568,3475.893,1334.911,618.052,1.824,1.774,1.695,1.766,1.806,0.453,0.598,0.665,0.199,0.131,1.982,2.85,3.152,0.498,0.249,7.309,7.309,7.171,0.013,0.01,0.214,0.214,0.214,0,0,0,0,0,0,0,0,0,0,0,0,19.689,18.178,18.121,21.606,23.739,34.432,33.428,26.655,5.914,0.712,5.251,5.227,4.479,0.605,0.023,0.181,0.181,0.175,0,0,0,0,0,0,0,0,0,0,0,0,29.204,19.257,11.438,16.481,10.726,9.464,6.216,4.611,6.777,4.883,0.403,0.189,0.189,1.256,0.947,-489.355,-372.54,-39.232,-347.983,-152.502,19.037,18.103,13.171,2.293,1.283,17.398,17.284,15.368,0,0,0.0518,0.0518,2424.65274,320.65,0.132245742
HRV,2024,Cal,17.321,21.856,24.015,11.988,9.396,8.77,12.621,14.461,3.95,1.891,12.949,17.238,19.298,7.786,5.442,75.726,72.398,69.94,80.45,82.55,57.101,52.481,49.64,62.518,65.898,1105.776,794.773,565.498,629.613,400.708,5027.785,4322.728,3663.703,1429.261,714.709,1.729,1.688,1.677,1.876,1.861,0.534,0.717,0.854,0.256,0.178,2.995,4.286,5.571,0.839,0.222,27.779,27.779,27.779,0.137,0,5.428,5.428,5.428,0,0,0.002,0.002,0.002,0,0,0,0,0,0,0,18.769,17.482,16.817,20.317,21.431,51.137,50.264,47.194,6.311,1.204,16.544,16.505,16.012,0.699,0.038,1.206,1.206,1.206,0.006,0,0,0,0,0,0,0,0,0,0,0,53.272,35.619,34.223,17.914,8.922,24.627,15.429,15.251,4.14,2.358,8.684,5.359,5.331,0.275,0.247,-1322.652,-1069.174,-1093.3,-463.757,-106.752,31.176,30.234,30.12,4.938,0.048,39.941,39.941,39.932,2.039,0.114,0.0518,0.0518,2425.66916,4984.31,2.054818556
ITA,1990,Cal,14.048,18.131,19.562,8.645,6.136,5.063,8.4,9.819,-0.012,-1.97,9.548,13.361,14.88,4.025,1.734,74.802,71.201,70.179,77.952,79.702,56.434,51.318,50.272,60.032,62.967,804.015,576.457,458.941,262.195,164.998,4625.072,3973.122,3280.255,1402.816,713.26,2.032,1.994,1.92,2.114,2.077,0.422,0.558,0.63,0.22,0.163,2.251,3.232,3.783,0.709,0.377,15.807,15.8,15.66,0.015,0.008,1.754,1.754,1.754,0,0,0.018,0.018,0.018,0,0,0,0,0,0,0,19.54,17.465,17.449,19.944,21.484,54.23,51.454,42.172,11.453,3.226,13.22,12.834,11.331,1.73,0.404,0.812,0.798,0.797,0.015,0.014,0,0,0,0,0,0,0,0,0,0,65.108,40.468,23.195,51.862,35.484,33.013,18.794,7.545,30.808,19.596,12.757,7.997,2.035,12.329,6.438,-1530.139,-1306.825,-890.719,-619.603,-360.732,29.289,28.8,22.95,6.21,0.68,33.722,33.715,32.069,0.429,0.012,0.1652,0.0411,7589.803479,62239.28081,8.200381074
ITA,1991,Cal,12.604,17.068,18.824,7.029,3.766,4.161,8.066,9.639,-0.689,-3.212,8.374,12.637,14.395,3.009,0.167,77.014,75.511,74.456,80.669,81.576,59.344,56.334,55.148,64.933,67.543,909.375,677.283,564.83,340.751,220.393,4462.288,3790.812,3169.3,1279.988,644.838,2.013,1.998,1.985,2.021,2.027,0.344,0.451,0.512,0.178,0.122,1.279,1.82,2.11,0.45,0.148,3.484,3.484,3.366,0.135,0,0.078,0.078,0.074,0,0,0.002,0.002,0.002,0,0,0,0,0,0,0,21.084,18.835,18.785,24.012,26.55,20.51,17.819,15.614,5.407,2.448,1.66,1.422,1.181,0.594,0.237,0.018,0.017,0.014,0.001,0,0,0,0,0,0,0,0,0,0,0,50.368,23.926,12.94,29.793,21.919,25.436,9.347,5.565,17.349,14.891,9.429,2.395,1.824,7.343,6.971,-401.508,-162.25,180.179,-421.656,-179.236,16.998,16.833,14.38,2.683,0.13,15.979,15.921,14.279,1.244,0.002,0.1652,0.0411,7667.763281,19082.24348,2.488632314
ITA,1992,Ver,13.995,18.443,20.992,6.528,4.34,5.276,8.809,10.932,-0.97,-2.662,9.643,13.721,16.125,2.61,0.656,74.25,70.363,68.255,79.798,81.883,56.345,50.623,48.148,63.859,67.69,820.971,585.269,385.388,391.594,241.33,4678.163,4034.879,3417.005,1308.089,649.359,2.102,2.092,2.013,2.196,2.156,0.452,0.609,0.725,0.178,0.129,3.02,4.424,5.625,0.425,0.167,28.992,28.992,28.75,0.118,0,4.902,4.902,4.892,0.004,0,0.359,0.359,0.359,0,0,0.005,0.005,0.005,0,0,19.961,17.368,16.074,23.856,26.029,61.687,60.384,56.294,4.821,0.982,15.028,15.006,14.899,0.15,0.009,1.619,1.619,1.618,0.004,0,0,0,0,0,0,0,0,0,0,0,73.023,66.186,56.144,19.113,9.056,36.25,34.243,30.078,5.641,2.634,15.033,14.589,12.889,0.981,0.466,-2217.586,-2143.814,-1847.048,-442.94,-128.31,44.235,43.8,41.529,2.204,0.348,56.346,56.314,52.902,1.72,0.058,0.1652,0.0411,7745.723083,28157.88294,3.635281385
ITA,1993,Cal,13.303,17.888,20.276,6.34,4.541,4.404,8.255,10.28,-1.334,-2.813,8.861,13.161,15.442,2.362,0.672,74.908,71.827,69.935,79.435,80.353,57.256,52.41,49.947,63.782,65.628,846.587,587.339,454.162,418.363,238.285,4704.688,4042.576,3389.8,1295.447,671.733,2.13,2.075,2.017,2.215,2.18,0.422,0.566,0.664,0.176,0.139,2.296,3.325,4.094,0.4,0.218,16.389,16.385,16.118,0.242,0,2.284,2.284,2.283,0.01,0,0.074,0.074,0.074,0,0,0,0,0,0,0,21.282,18.491,17.266,24.195,24.4,52.626,50.759,47.039,4.999,2.271,13.087,12.835,12.437,0.442,0.254,1.514,1.496,1.496,0.018,0.017,0.007,0.007,0.007,0,0,0,0,0,0,0,53.839,32.307,29.068,26.256,20.081,22.682,14.013,12.62,11.156,7.842,7.021,4.733,4.414,3.644,2.051,-1400.786,-1166.418,-1041.803,-405.259,-180.771,31.02,30.286,27.877,1.957,0.545,38.06,37.646,35.974,3.417,0.032,0.1652,0.0411,7823.682885,73603.11982,9.407733021
ITA,1994,Cal,14.534,18.714,20.881,7.573,4.641,5.861,9.149,11.127,0.028,-2.291,10.192,14.016,16.167,3.66,1.047,75.787,72.552,71.211,80.698,82.671,57.522,52.393,50.936,65.251,69.073,854.723,635.102,511.781,414.531,281.365,4661.977,4027.592,3371.795,1260.933,624.476,2.073,2.043,1.966,2.249,2.212,0.429,0.57,0.666,0.191,0.126,1.948,2.785,3.402,0.482,0.147,12.975,12.975,12.807,0.271,0.005,1.849,1.849,1.843,0.001,0,0.034,0.034,0.034,0,0,0,0,0,0,0,19.89,17.987,17.761,24.258,27.118,42.474,40.84,37.126,5.973,1.14,10.22,10.137,9.916,0.49,0.053,0.6,0.6,0.6,0,0,0.001,0.001,0.001,0,0,0,0,0,0,0,32.604,24.674,21.53,10.783,7.171,13.84,10.556,9.743,3.552,2.079,4.907,3.734,3.572,0.637,0.304,-947.563,-770.383,-563.697,-248.524,-99.339,23.585,23.316,21.18,3.453,0.397,27.294,26.906,25.463,2.086,0.413,0.1652,0.0411,7901.642687,29787.70335,3.769811485
ITA,1995,Ver,12.968,17.348,19.228,7.358,5.87,4.662,8.209,10.056,-0.19,-1.088,8.839,12.842,14.792,3.448,2.27,77.675,75.248,74.592,80.128,82.141,60.337,55.814,55.3,64.041,67.734,1051.784,735.778,624.704,413.393,259.108,4502.57,3906.553,3232.562,1271.758,619.331,2.119,2.023,2.001,2.292,2.268,0.353,0.463,0.529,0.183,0.146,1.204,1.734,1.851,0.426,0.22,3.588,3.588,3.584,0.168,0,0.137,0.137,0.137,0.007,0,0,0,0,0,0,0,0,0,0,0,22.526,19.66,19.935,23.24,24.793,26.033,25.145,22.002,4.376,1.324,2.218,2.208,2.032,0.213,0.048,0.053,0.053,0.053,0,0,0,0,0,0,0,0,0,0,0,0,16.786,13.446,5.682,7.662,5.97,5.541,4.722,0.884,2.979,2.759,1.049,0.962,0.02,1.167,1.155,379.681,458.114,692.416,-291.302,-162.655,16.479,16.299,10.196,1.245,0.23,11.49,11.431,10.59,1.831,0.388,0.1652,0.0411,7979.602489,13278.26136,1.664025417
ITA,1996,Cal,11.697,16.109,18.553,4.887,2.111,3.654,7.487,9.538,-2.225,-4.214,7.688,11.877,14.193,1.21,-1.142,78.918,76.699,75.565,82.035,83.659,62.381,58.352,56.745,67.782,71.649,1007.379,775.823,640.339,331.423,263.847,4372.727,3718.365,3117.103,1298.338,626.029,2.01,2.011,1.998,1.964,2.052,0.316,0.418,0.492,0.145,0.1,1.042,1.483,1.893,0.53,0.101,3.342,3.342,3.342,0.003,0,0.46,0.46,0.46,0,0,0.02,0.02,0.02,0,0,0,0,0,0,0,23.882,21.046,20.012,27.597,30.669,23.036,22.597,21.816,2.13,0.574,3.39,3.354,3.343,0.092,0.04,0.206,0.206,0.206,0,0,0,0,0,0,0,0,0,0,0,0,15.754,8.099,7.78,16.777,8.831,6.14,2.408,2.403,8.09,4.264,1.195,0.755,0.755,1.444,0.502,706.721,750.746,571.651,-325.272,-88.787,12.425,12.062,11.838,6.294,0.191,12.028,12.028,12.028,0.899,0.058,0.1652,0.0411,8057.562291,12857.0505,1.595650153
ITA,1997,Cal,12.921,16.895,19.107,6.609,4.256,4.402,7.589,9.585,-0.978,-3.043,8.672,12.336,14.511,2.688,0.476,76.782,73.288,72.578,81.652,83.335,59.301,53.774,52.782,66.542,69.747,931.835,707.057,554.045,373.639,220.636,4614.978,3978.579,3325.971,1268.47,654.448,2.054,2.09,2.067,2.035,1.996,0.362,0.478,0.548,0.168,0.128,1.359,1.939,2.327,0.279,0.19,3.922,3.922,3.861,0,0,0.456,0.456,0.456,0,0,0.019,0.019,0.019,0,0,0,0,0,0,0,21.619,18.982,18.776,25.582,28.423,32.037,30.574,26.286,4.758,1.56,4.239,3.924,3.559,0.577,0.314,0.272,0.253,0.252,0.02,0.019,0.001,0.001,0.001,0,0,0,0,0,0,0,26.128,18.699,11.776,11.194,6.338,9.133,6.05,4.492,3.422,2.307,2.002,1.173,1.046,0.414,0.355,-84.641,0.458,207.919,13.718,-52.879,15.974,15.681,13.887,1.914,0.544,15.034,14.798,13.662,0.004,0,0.1652,0.0411,8135.522093,39701.96985,4.880076459
ITA,1998,Ver,13.326,17.635,20.034,7.202,6.03,4.813,8.582,10.642,-0.367,-1.136,9.069,13.197,15.481,3.244,2.232,76.056,73.438,72.892,79.3,82.724,58.429,54.247,53.295,63.635,68.5,949.354,745.238,558.743,374.245,220.055,4525.136,3861.82,3224.351,1326.829,650.102,2.139,2.157,2.053,2.193,2.09,0.39,0.513,0.596,0.189,0.143,1.539,2.185,2.783,0.439,0.263,9.58,9.58,9.575,0.065,0,1.506,1.506,1.506,0,0,0.027,0.027,0.027,0,0,0.002,0.002,0.002,0,0,21.382,19.413,18.655,22.303,23.397,37.771,35.968,29.878,8.21,1.715,7.834,7.773,7.316,0.613,0.062,0.906,0.906,0.903,0.003,0,0.009,0.009,0.009,0,0,0,0,0,0,0,31.926,19.636,15.582,19.462,13.347,11.276,5.904,4.112,8.494,6.261,3.219,1.098,0.625,3.158,2.618,-141.394,-37.315,-111.32,-402.578,-182.17,19.092,17.918,17.336,2.278,1.165,18.77,18.77,18.706,1.385,0.237,0.1652,0.0411,8213.481894,46179.50987,5.622403564
ITA,1999,Cal,13.363,18.054,20.174,5.97,2.988,5.121,9.072,10.982,-1.368,-3.872,9.241,13.619,15.711,2.164,-0.581,78.253,76.096,75.517,81.053,82.225,60.896,56.914,56.198,65.89,68.768,1021.5,694.463,590.088,444.596,272.974,4434.813,3818.68,3184.417,1236.681,626.852,2.085,1.987,1.914,2.225,2.195,0.349,0.462,0.527,0.164,0.116,1.132,1.623,1.901,0.192,0.102,3.074,3.074,3.069,0.001,0,0.129,0.129,0.129,0,0,0,0,0,0,0,0,0,0,0,0,22.179,19.317,19.228,26.316,28.697,20.682,19.593,17.3,3.502,1.024,2.25,2.173,2.135,0.085,0.063,0.137,0.137,0.137,0,0,0,0,0,0,0,0,0,0,0,0,9.374,7.795,7.431,2.065,1.959,2.327,2.153,2.104,0.165,0.162,0.342,0.337,0.333,0.001,0.001,233.889,263.111,407.941,156.06,24.601,12.46,12.371,11.695,0.438,0.111,8.131,8.119,7.604,0.048,0.001,0.1652,0.0411,8291.441696,24894.44743,3.00242688
ITA,2000,Cal,14.654,18.992,21.217,6.428,3.906,5.725,9.257,11.045,-0.918,-2.984,10.189,14.214,16.305,2.674,0.387,74.593,70.916,68.532,80.458,82.08,56.387,51.18,48.375,64.944,68.033,825.934,598.713,419.435,448.597,294.538,4774.846,4112.303,3485.585,1265.717,640.054,2.091,2.067,1.971,2.3,2.258,0.463,0.619,0.735,0.174,0.127,2.73,3.939,5.021,0.343,0.15,21.325,21.319,21.239,0.005,0,4.928,4.928,4.924,0,0,0.24,0.24,0.24,0,0,0.006,0.006,0.006,0,0,20.155,17.816,16.53,25.386,27.671,58.293,56.532,53.576,3.769,1.1,18.861,18.76,18.505,0.254,0.047,3.896,3.896,3.896,0,0,0.205,0.205,0.205,0,0,0,0,0,0,0,50.298,42.051,40.763,2.066,1.723,24.8,20.527,20.208,0.297,0.248,10.537,9.03,8.993,0.023,0.019,-1714.625,-1508.993,-1427.323,-135.059,-46.072,34.41,34.053,33.271,0.757,0.15,44.673,43.704,42.506,0.528,0.012,0.1652,0.0411,8369.401498,36830.0201,4.400556015
ITA,2001,Ver,13.338,18.139,19.486,8.857,6.455,4.986,9.006,10.261,1.349,-0.567,9.183,13.645,15.037,4.876,2.708,77.269,75.07,73.416,81.652,82.839,59.903,55.922,54.267,65.548,67.897,997.238,731.152,610.76,395.433,228.958,4463.318,3831.681,3206.372,1233.87,639.117,2.114,2.072,2.085,2.129,2.088,0.376,0.498,0.568,0.195,0.148,1.518,2.124,2.484,0.486,0.321,6.778,6.764,6.675,0.086,0.006,0.953,0.953,0.953,0.005,0,0.029,0.029,0.029,0,0,0.001,0.001,0.001,0,0,21.592,19.259,19.117,22.616,23.413,32.264,30.963,29.121,3.853,1.845,4.963,4.908,4.739,0.307,0.089,0.394,0.394,0.394,0,0,0,0,0,0,0,0,0,0,0,0,24.515,12.86,9.725,14.514,12.679,7.483,3.606,3.074,5.977,5.516,1.549,0.878,0.83,1.668,1.627,-131.977,95.279,244.15,-345.919,-257.289,16.888,15.626,12.731,1.361,0.487,15.387,14.948,14.004,2.17,0.968,0.1652,0.0411,8447.3613,24150.6877,2.858962325
ITA,2002,Cal,14.011,18.023,20.1,7.374,3.955,5.712,9.057,11.062,-0.52,-3.24,9.846,13.602,15.693,3.29,0.245,77.443,75.056,74.44,79.796,80.999,60.146,56.053,55.241,63.845,66.796,1037.874,790.876,636.47,330.839,241.324,4481.138,3866.301,3217.272,1332.013,643.369,2.09,2.044,1.962,2.168,2.238,0.373,0.486,0.556,0.195,0.137,1.178,1.657,2.016,0.629,0.281,3.009,3.007,3.006,0.103,0.014,0.152,0.152,0.152,0,0,0.001,0.001,0.001,0,0,0,0,0,0,0,21.443,19.422,19.463,23.589,26.927,29.274,27.648,22.48,6.821,1.669,3.121,2.893,2.648,0.5,0.234,0.132,0.132,0.131,0.001,0,0,0,0,0,0,0,0,0,0,0,23.09,14.884,7.9,22.283,12.797,7.83,4.973,1.858,8.613,5.111,2.172,1.181,0.422,2.329,1.527,353.648,421.769,388.041,-518.199,-228.848,11.666,11.446,10.061,4.939,1.127,8.595,8.595,8.525,1.449,0.439,0.1652,0.0411,8525.321102,12786.84869,1.499867106
ITA,2003,Cal,14.081,19.061,22.052,6.253,3.656,4.929,9.026,11.628,-1.373,-3.208,9.541,14.177,17.045,2.375,0.166,72.968,68.324,66.153,80.245,82.591,54.639,47.902,45.382,65.185,69.752,721.551,517.043,385.519,382.517,265.461,4917.244,4240.23,3567.008,1311.116,633.041,2.036,2.005,1.957,2.108,2.102,0.498,0.684,0.822,0.173,0.119,2.918,4.279,5.441,0.314,0.14,25.446,25.446,25.437,0.002,0.002,3.977,3.977,3.977,0,0,0.122,0.122,0.122,0,0,0,0,0,0,0,20.541,17.023,16.037,25.879,28.958,73.939,73.377,66.337,7.62,0.425,23.066,23.013,21.856,1.179,0.034,2.367,2.365,2.365,0.001,0,0.002,0.002,0.002,0,0,0,0,0,0,0,65.681,61.837,56.189,7.732,3.122,33.016,32.565,29.991,2.332,0.41,13.126,13.113,12.379,0.471,0.01,-2327.663,-2273.197,-2183.295,21.056,-20.839,35.995,35.873,33.045,3.002,0.225,51.568,51.568,51.002,0.011,0,0.1652,0.0411,8603.280904,27868.22142,3.239255085
ITA,2004,Ver,13.032,17.457,19.453,6.227,4.659,4.717,8.287,10.083,-1.174,-2.335,8.909,12.978,14.95,2.409,1.001,77.318,75.201,73.534,80.532,81.821,59.826,55.915,53.766,65.059,67.5,975.616,680.474,541.506,433.873,256.323,4520.513,3895.761,3269.796,1265.497,650.403,2.074,1.995,1.966,2.25,2.246,0.36,0.475,0.553,0.167,0.13,1.387,1.996,2.501,0.286,0.151,7.675,7.675,7.663,0.009,0,0.514,0.514,0.514,0,0,0.008,0.008,0.008,0,0,0,0,0,0,0,22.02,19.756,18.76,24.98,25.755,27.944,26.362,24.635,3.466,1.4,3.936,3.839,3.656,0.338,0.142,0.274,0.274,0.274,0.001,0.001,0,0,0,0,0,0,0,0,0,0,15.949,12.351,11.464,4.607,3,5.272,4.478,4.324,0.93,0.261,1.719,1.714,1.681,0.276,0.003,116.163,137.003,81.289,0.892,-42.34,15.56,15.301,14.76,0.687,0.154,18.349,18.346,18.203,0.554,0,0.1652,0.0411,8681.240706,13196.67547,1.520137031
ITA,2005,Cal,12.675,17.436,19.644,6.268,3.636,4.188,8.126,10.369,-1.342,-3.071,8.489,12.891,15.19,2.338,0.134,77.944,75.386,74.351,81.456,82.407,60.612,56.379,55.217,65.928,68.305,1042.259,733.02,642.172,413.751,286.502,4579.975,3939.882,3245.059,1303.439,636.418,2.047,1.99,1.963,2.149,2.203,0.345,0.46,0.534,0.159,0.119,1.112,1.556,1.799,0.24,0.148,2.565,2.565,2.565,0.011,0,0.321,0.321,0.321,0,0,0.021,0.021,0.021,0,0,0,0,0,0,0,22.935,20.215,19.347,25.866,26.686,25.282,24.672,24.128,1.581,0.965,2.687,2.675,2.671,0.017,0.013,0.21,0.21,0.21,0,0,0.008,0.008,0.008,0,0,0,0,0,0,0,28.185,10.28,5.847,5.268,4.935,12.017,3.909,2.015,1.547,1.412,2.56,1.097,0.533,0.189,0.157,334.199,673.082,736.822,65.154,-26.662,14.216,12.649,11.08,0.643,0.199,6.935,6.881,6.876,0.146,0.003,0.1652,0.0411,8759.200508,13578.67451,1.550218482
ITA,2006,Cal,13.602,18.054,20.343,5.297,2.684,4.995,8.727,10.838,-2.043,-4.125,9.281,13.484,15.75,1.513,-0.82,77.578,75.001,73.764,82.137,83.372,59.652,55.391,53.864,67.139,69.899,914.869,711.122,577.594,398.161,271.863,4691.763,4027.396,3371.731,1279.69,642.445,1.997,1.991,1.928,2.045,1.987,0.378,0.503,0.584,0.147,0.105,1.47,2.072,2.369,0.41,0.202,6.036,6.036,5.944,0,0,0.408,0.408,0.408,0,0,0.001,0.001,0.001,0,0,0,0,0,0,0,22.182,19.951,19.019,27.413,29.796,27.784,26.731,25.215,1.391,0.516,4.465,4.402,4.337,0.037,0.001,0.38,0.378,0.378,0,0,0.023,0.023,0.023,0,0,0,0,0,0,0,33.339,20.686,11.928,20.936,16.488,14.401,8.544,4.006,9.434,7.539,4.925,3.017,1.169,1.878,1.314,-379.876,-105.11,183.777,-383.703,-323.505,18.916,18.803,16.215,2.917,1.519,16.059,15.961,13.518,0.06,0.054,0.1652,0.0411,8804.638957,10385.85208,1.179588639
ITA,2007,Ver,14.398,18.772,21.231,9.632,7.567,5.793,9.177,11.164,1.811,0.483,10.125,14.1,16.39,5.514,3.777,75.385,71.523,68.886,81.115,83.17,57.617,52.042,48.908,63.983,67.58,966.03,667.473,500.592,349.084,229.601,4704.298,4096.035,3489.575,1304.49,632.377,2.133,2.045,2.022,2.25,2.272,0.449,0.602,0.721,0.206,0.153,2.442,3.564,4.554,0.665,0.3,18.371,18.371,18.279,0.092,0.001,5.529,5.529,5.529,0,0,0.607,0.607,0.607,0,0,0.013,0.013,0.013,0,0,20.372,17.872,17.054,20.802,22.317,53.419,52.634,49.983,3.485,1.199,16.438,16.364,16.161,0.144,0.085,3.751,3.751,3.747,0.002,0.002,0.141,0.141,0.141,0,0,0,0,0,0,0,47.834,40.694,38.507,27.519,16.825,24.456,22.038,21.497,12.991,7.948,9.512,8.88,8.831,4.431,2.537,-1047.662,-1034.193,-1060.796,-683.72,-320.243,36.017,35.883,35.136,3.097,0.22,34.05,34.05,33.588,2.542,0.098,0.1652,0.0411,8850.077407,73744.78834,8.332671564
ITA,2008,Cal,14.195,18.121,20.19,6.829,4.865,5.708,8.81,10.739,-0.406,-1.989,9.955,13.577,15.649,3.054,1.235,76.427,73.802,72.37,80.888,82.004,58.306,54.064,52.637,65.307,67.716,886.414,678.924,528.24,406.567,222.6,4633.454,3975.258,3334.096,1258.51,655.401,2.077,2.01,1.952,2.161,2.153,0.406,0.532,0.622,0.172,0.136,1.765,2.481,3.134,0.311,0.206,9.295,9.295,9.292,0.091,0,1.558,1.558,1.558,0,0,0.055,0.055,0.055,0,0,0.001,0.001,0.001,0,0,20.064,18.534,18.11,23.627,24.809,39.722,35.928,32.228,7.892,3.523,9.443,8.607,8.177,1.446,0.869,1.237,1.228,1.228,0.013,0.009,0.002,0.002,0.002,0,0,0,0,0,0,0,26.258,14.101,11.679,14.948,12.52,8.921,3.955,2.829,6.098,4.966,2.258,0.881,0.491,1.734,1.343,-332.262,-111.87,-113.177,-42.777,-83.44,20.124,18.823,17.998,1.566,0.881,19.973,19.874,19.757,0.462,0,0.1652,0.0411,8895.515856,21179.50839,2.380919638
ITA,2009,Cal,13.844,18.457,21.22,6.715,4.274,5.506,9.269,11.443,-0.229,-1.969,9.698,13.96,16.49,3.105,1.008,76.995,73.735,72.05,81.945,83.173,59.536,54.44,52.239,66.552,69.548,1023.026,718.027,521.096,448.493,289.656,4613.877,4015.332,3432.092,1211.809,602.795,2.05,2.035,1.928,2.193,2.18,0.399,0.536,0.634,0.164,0.122,1.785,2.604,3.231,0.308,0.196,7.942,7.942,7.799,0.003,0,0.794,0.794,0.794,0,0,0.005,0.005,0.005,0,0,0,0,0,0,0,22.021,19.404,18.13,25.4,27.319,40.394,39.939,36.575,3.587,0.964,7.047,7.044,6.79,0.199,0.019,0.694,0.694,0.694,0,0,0.003,0.003,0.003,0,0,0,0,0,0,0,33.513,21.676,17.682,11.503,11.272,11.503,6.201,4.303,5.053,5.021,2.143,1.324,0.724,0.838,0.836,-722.319,-687.707,-610.215,-87.854,-142.883,24.69,24.638,23.092,1.096,0.452,28.417,28.417,25.831,0.215,0.099,0.1652,0.0411,8940.954305,20091.15752,2.247093189
ITA,2010,Ver,12.601,17.113,19.539,6.289,4.099,4.508,8.391,10.663,-0.874,-2.552,8.617,12.852,15.271,2.656,0.721,78.41,75.836,75.185,81.687,84.252,61.615,57.102,56.288,66.743,71.086,1104.999,803.285,683.278,455.282,302.067,4396.542,3782.073,3151.957,1231.966,599.566,2.068,2.058,2.01,2.101,2.017,0.347,0.46,0.536,0.167,0.114,1.125,1.629,2.042,0.342,0.091,4.643,4.643,4.637,0.143,0,0.598,0.598,0.598,0,0,0.019,0.019,0.019,0,0,0,0,0,0,0,23.197,20.072,19.519,26.368,28.295,24.47,23.695,20.859,4.173,0.581,3.377,3.315,3.25,0.219,0.056,0.354,0.354,0.354,0,0,0,0,0,0,0,0,0,0,0,0,10.248,9.256,8.227,8.144,3.288,3.393,3.216,3.136,2.665,0.688,0.98,0.979,0.977,0.622,0.019,670.371,651.656,573.288,-104.254,25.395,14.911,14.851,14.632,1.686,0.037,11.102,11.102,10.897,2.586,0,0.1652,0.0411,8986.392754,10884.32065,1.211200194
ITA,2011,Cal,14.269,18.814,21.278,6.513,4.412,5.377,9.039,11.279,-1.094,-2.68,9.769,14.014,16.458,2.525,0.677,74.984,71.212,69.853,80.689,82.453,56.891,51.413,49.888,65.448,68.814,730.676,572.114,459.022,341.882,236.266,4802.203,4125.743,3441.582,1300.638,650.42,1.981,1.999,1.98,2.055,2.062,0.439,0.592,0.692,0.168,0.127,2.506,3.534,4.239,0.27,0.157,17.338,17.338,16.699,0.006,0,3.278,3.278,3.275,0,0,0.109,0.109,0.109,0,0,0,0,0,0,0,19.318,17.259,16.896,23.893,26.449,54.766,52.929,45.707,6.067,1.151,13.141,12.9,12.077,0.651,0.148,1.655,1.653,1.647,0.001,0.001,0.016,0.016,0.016,0,0,0,0,0,0,0,71.647,42.663,30.862,10.352,2.705,39.193,20.53,13.343,5.288,0.552,15.004,7.072,4.203,1.823,0.007,-1823.276,-1265.574,-911.109,-81.638,-43.782,30.676,30.259,27.64,0.606,0.132,37.239,36.481,33.47,0.206,0,0.1652,0.0411,9031.831203,22299.71176,2.469013343
ITA,2012,Cal,14.249,19.486,21.67,6.717,3.785,5.394,9.507,11.514,-0.962,-3.039,9.86,14.6,16.77,2.693,0.162,73.986,70.095,68.241,79.019,81.364,56.21,50.304,48.428,62.736,66.888,898.189,588.579,486.207,329.792,242.062,4791.211,4156.918,3457.302,1386.461,673.992,2.084,1.993,1.997,2.182,2.243,0.484,0.662,0.777,0.195,0.126,3.205,4.72,5.776,0.943,0.39,30.059,30.059,28.966,0.824,0,10.879,10.879,10.747,0.003,0,1.292,1.292,1.292,0,0,0.014,0.014,0.014,0,0,20.775,17.386,16.953,22.723,25.265,63.374,62.383,53.94,10.828,1.87,23.516,23.494,21.644,1.426,0.119,6.325,6.325,6.203,0.012,0,0.447,0.447,0.447,0,0,0,0,0,0,0,60.553,50.777,39.796,48.057,34.952,32.58,29.087,23.365,28.635,21.561,12.886,12.465,10.947,10.719,8.346,-1543.577,-1455.728,-1141.317,-1022.476,-581.369,41.754,41.656,35.647,7.12,0.372,42.633,42.622,40.092,4.028,0.759,0.1652,0.0411,9077.269652,50174.82891,5.527524336
ITA,2013,Ver,13.589,17.923,20.288,6.53,4.474,5.421,8.781,10.907,-0.451,-1.767,9.526,13.453,15.787,2.938,1.278,77.185,73.494,71.828,82.597,84.782,60.237,54.741,52.765,67.759,71.498,988.251,681.661,541.594,505.775,339.695,4512.666,3937.742,3314.559,1181.428,572.394,2.035,2.002,1.953,2.065,2.048,0.408,0.551,0.656,0.159,0.114,2.13,3.093,3.943,0.354,0.092,16.95,16.95,16.937,0.908,0,3.618,3.618,3.617,0.133,0,0.18,0.18,0.18,0,0,0,0,0,0,0,21.914,19.338,18.209,26.737,28.351,41.067,40.608,38.252,3.479,0.211,11.89,11.835,11.659,0.919,0.004,1.561,1.56,1.56,0.115,0,0.006,0.006,0.006,0,0,0,0,0,0,0,31.429,25.807,25.67,4,1.78,12.84,11.088,11.083,1.205,0.102,4.197,4.082,4.082,0.198,0,-456.776,-395.622,-477.209,-61.976,-5.317,28.441,28.106,27.859,1.528,0.075,30.026,29.964,29.857,2.282,0.012,0.1652,0.0411,9122.708102,8038.399877,0.881141848
ITA,2014,Cal,14.674,18.349,19.847,9.192,6.71,6.509,9.389,10.888,1.445,-0.116,10.552,13.924,15.491,5.113,3.057,79.341,76.553,75.886,81.966,84.727,61.677,57.195,56.592,65.576,70.242,1085.265,864.886,734.625,326.797,224.828,4494.88,3895.064,3223.777,1307.618,609.941,1.983,1.943,1.918,2.065,2.069,0.352,0.459,0.513,0.197,0.133,0.972,1.359,1.541,0.486,0.221,3.557,3.557,3.557,0.014,0,0.098,0.098,0.098,0.001,0,0,0,0,0,0,0,0,0,0,0,21.003,19.92,20.568,21.43,23.683,25.409,24.662,18.302,8.486,0.994,2.584,2.545,2.209,0.554,0.094,0.035,0.035,0.035,0.001,0.001,0,0,0,0,0,0,0,0,0,0,30.034,22.246,12.532,22.239,12.462,14.686,11.51,5.767,10.591,4.848,4.07,3.539,1.237,2.949,0.647,578.536,633.509,717.944,-269.355,-122.968,12.061,11.933,10.162,2.098,0.331,7.643,7.643,7.637,0.174,0.062,0.1652,0.0411,9168.146551,9801.743267,1.069108485
ITA,2015,Cal,14.738,18.744,21.285,8.13,5.923,6.159,9.507,11.623,1.141,-0.371,10.446,14.244,16.66,4.447,2.58,75.173,71.185,68.461,82.482,84.178,57.435,51.978,48.816,67.078,70.505,836.934,622.712,441.768,405.75,249.316,4661.628,4009.384,3406.485,1234.565,601.643,2.051,2.043,2.016,2.164,2.179,0.465,0.623,0.754,0.172,0.128,2.51,3.566,4.582,0.298,0.162,19.303,19.303,19.264,0,0,3.267,3.267,3.267,0,0,0.065,0.065,0.065,0,0,0,0,0,0,0,19.753,17.593,16.588,23.706,25.623,55.292,53.673,51.52,2.77,0.602,15.297,15.127,14.874,0.338,0.085,1.176,1.173,1.172,0.001,0,0.001,0.001,0.001,0,0,0,0,0,0,0,55.785,41.477,37.281,3.508,1.221,24.198,18,16.783,0.543,0.105,7.749,5.894,5.664,0.004,0,-1671.83,-1467.935,-1429.355,20.767,-6.326,31.778,30.859,30.134,0.865,0.19,38.371,38.371,38.015,0.001,0,0.1652,0.0411,9213.585,15166.5217,1.64610428
ITA,2016,Ver,14.078,18.198,20.742,8.612,7.336,5.801,9.266,11.319,1.082,-0.136,9.935,13.835,16.202,4.64,3.352,77.593,75.241,73.381,82.466,83.176,59.702,55.913,53.7,66.307,67.921,1008.848,735.891,569.301,431.425,249.009,4555.87,3935.472,3359.461,1220.465,641.641,1.988,1.93,1.892,2.037,2.056,0.38,0.499,0.592,0.176,0.152,1.284,1.836,2.338,0.386,0.351,3.872,3.872,3.821,0.039,0,0.117,0.117,0.117,0,0,0.001,0.001,0.001,0,0,0,0,0,0,0,20.625,19.096,18.396,22.121,22.877,27.23,25.556,24.146,2.971,1.769,3.381,3.048,2.986,0.231,0.219,0.122,0.1,0.099,0.012,0.012,0,0,0,0,0,0,0,0,0,0,25.22,10.882,10.487,21.141,19.181,11.213,3.652,3.461,10.039,9.26,2.647,0.773,0.718,2.813,2.587,169.854,250.502,173.687,-172.073,-228.896,13.527,13.296,13.087,1.265,0.938,10.018,10.018,9.786,0.355,0,0.1652,0.0411,9398.398083,17804.87948,1.894458962
ITA,2017,Cal,14.244,19.131,21.039,6.854,4.119,5.45,9.538,11.28,-0.707,-3.137,9.867,14.44,16.338,2.887,0.233,74.836,71.294,69.638,80.317,81.307,56.89,51.521,49.886,64.361,66.727,933.042,660.823,518.933,351.113,201.292,4766.571,4118,3446.282,1288.986,672.729,2.132,2.104,2.051,2.067,2.057,0.458,0.619,0.72,0.179,0.131,2.37,3.458,4.295,0.339,0.187,17.955,17.955,17.953,0.05,0,3.434,3.434,3.434,0,0,0.148,0.148,0.148,0,0,0,0,0,0,0,20.72,17.71,17.643,23.284,25.269,50.654,49.26,43.55,6.815,2.272,13.199,13.117,12.876,0.497,0.281,2.345,2.345,2.345,0.014,0.013,0.058,0.058,0.058,0,0,0,0,0,0,0,49.016,37.789,33.861,23.231,19.641,24.747,18.029,16.983,12.183,11.006,9.44,7.07,6.784,3.844,3.503,-1110.075,-1032.346,-925.564,-209.014,-151.385,27.893,27.735,24.977,2.488,0.186,34.326,34.302,33.843,0.235,0,0.1652,0.0411,9583.211165,84728.59938,8.841357862
ITA,2018,Cal,14.911,19.656,22.346,6.965,4.874,6.563,10.242,12.724,-0.153,-1.469,10.711,14.998,17.651,3.273,1.583,76.478,72.801,71.371,81.905,83.578,58.835,53.151,51.395,66.459,69.753,939.469,654.057,515.471,492.529,321.035,4720.126,4123.425,3481.054,1218.276,593.545,2.017,1.961,1.882,2.213,2.203,0.433,0.583,0.682,0.168,0.123,2.066,2.887,3.2,0.301,0.117,11.162,11.116,10.021,0.002,0,0.563,0.563,0.547,0,0,0.002,0.002,0.002,0,0,0,0,0,0,0,21.026,18.818,17.794,25.1,26.151,39.243,38.47,35.514,2.582,0.395,4.991,4.918,4.679,0.131,0.018,0.124,0.118,0.118,0,0,0,0,0,0,0,0,0,0,0,0,59.136,44.35,29.606,4.298,1.799,29.907,21.686,13.363,1.516,0.532,11.065,6.99,4.063,0.123,0.018,-1558.245,-1206.221,-728.568,51.885,16.392,29.338,28.028,21.749,0.786,0.131,34.056,31.169,23.789,0.481,0.024,0.1652,0.0411,9768.024248,7183.151549,0.73537405
ITA,2019,Ver,14.974,19.318,21.104,8.296,5.378,6.384,9.858,11.654,0.722,-1.297,10.675,14.644,16.517,4.36,1.89,75.638,72.34,71.507,79.03,82.044,57.548,52.418,51.841,62.988,68.175,938.339,643.115,536.838,376.387,273.52,4700.132,4056.517,3357.563,1350.547,648.568,2.094,2.003,1.948,2.255,2.224,0.438,0.581,0.659,0.22,0.143,1.98,2.857,3.276,1.119,0.446,11.651,11.648,11.052,1.141,0.047,0.887,0.887,0.881,0.016,0.001,0.002,0.002,0.002,0,0,0,0,0,0,0,20.306,17.88,18.047,22.638,25.612,48.832,46.847,38.344,10.564,2.396,10.208,10.093,8.58,1.058,0.17,0.68,0.68,0.612,0.015,0.006,0.003,0.003,0.003,0,0,0,0,0,0,0,42.927,39.266,27.86,35.747,15.285,18.602,17.618,13.093,18.414,8.187,5.828,5.573,4.478,7.45,4.08,-1073.27,-972.491,-598.792,-1088.01,-387.453,28.536,28.095,24.142,9.444,1.522,25.478,25.06,23.004,10.41,2.887,0.1652,0.0411,9952.83733,11381.36626,1.143529818
ITA,2020,Cal,14.663,18.593,20.799,9.305,7.284,6.105,9.19,11.038,1.567,0.268,10.356,13.992,16.093,5.219,3.534,75.458,71.634,70.161,79.592,82.281,57.57,52.439,50.792,62.514,66.706,953.621,743.24,574.817,375.424,265.928,4720.872,4069.131,3422.894,1345.843,652.484,2.038,2.029,1.941,2.234,2.27,0.419,0.554,0.644,0.217,0.157,1.828,2.599,3.257,0.663,0.239,6.82,6.82,6.806,0.601,0.003,0.381,0.381,0.379,0.007,0,0.007,0.007,0.007,0,0,0,0,0,0,0,19.449,18.204,17.747,20.61,22.191,54.895,51.935,45.956,11.006,2.903,11.434,11.172,10.848,1.397,0.256,0.489,0.488,0.488,0.06,0,0.001,0.001,0.001,0,0,0,0,0,0,0,41.556,34.719,31.278,14.31,7.064,21.271,18.841,18.069,5.017,2.558,6.972,6.409,6.334,1.299,0.678,-707.265,-582.848,-581.619,-444.904,-146.152,32.773,31.926,30.682,4.236,0.777,22.838,22.828,22.513,2.395,0.425,0.1652,0.0411,10137.65041,19051.84436,1.879315579
ITA,2021,Cal,13.837,17.953,20.337,7.811,5.932,5.257,8.501,10.671,0.391,-0.895,9.577,13.323,15.685,3.927,2.325,75.858,71.779,70.458,81.955,84.516,57.988,52.049,50.585,65.941,70.054,968.009,654.012,537.257,414.927,246.984,4746.457,4115.699,3427.448,1295.296,638.136,1.995,1.975,1.937,1.994,1.929,0.426,0.572,0.672,0.177,0.127,2.101,3.064,3.82,0.305,0.183,14.557,14.555,14.5,0.013,0,2.657,2.657,2.657,0.001,0,0.062,0.062,0.062,0,0,0.002,0.002,0.002,0,0,20.999,18.221,18.012,23.391,24.84,48.923,47.222,42.607,6.206,1.792,11.845,11.774,11.595,0.219,0.076,1.581,1.58,1.58,0.001,0,0.004,0.004,0.004,0,0,0,0,0,0,0,34.569,31.85,24.667,9.713,3.458,15.645,15.164,12.248,3.728,0.936,5.304,5.265,4.77,0.644,0.159,-595.896,-561.66,-444.066,-41,-60.525,27.11,26.934,25.341,1.756,0.369,28.896,28.894,28.304,0.264,0.004,0.1652,0.0411,10374.43361,44213.0496,4.261731413
ITA,2022,Ver,14.89,19.084,21.134,7.493,5.646,6.231,9.453,11.514,0.038,-0.883,10.571,14.358,16.515,3.632,2.269,74.504,70.374,69.584,78.7,82.425,56.595,50.836,49.989,62.754,67.969,911.322,642.426,574.604,369.009,281.219,4795.847,4165.818,3418.867,1370.639,634.17,2.011,1.908,1.926,2.194,2.281,0.464,0.621,0.721,0.199,0.14,2.307,3.331,3.971,0.582,0.17,17.961,17.958,17.932,0.075,0.002,3.368,3.368,3.368,0,0,0.071,0.071,0.071,0,0,0,0,0,0,0,20.027,17.891,18.27,22.371,25.086,62.305,60.707,48.862,12.99,1.366,17.538,17.493,14.989,2.506,0.03,2.018,2.018,1.999,0.019,0,0.028,0.028,0.028,0,0,0,0,0,0,0,44.783,42.488,25.605,19.148,1.902,24.91,24.238,12.517,11.796,0.139,11.416,11.142,5.119,5.991,0.008,-934.667,-848.664,-554.722,-372.678,-52.386,30.757,30.039,22.884,6.515,0.172,30.576,30.482,30.023,0.825,0.001,0.1652,0.0411,10611.2168,34314.50867,3.233795832
ITA,2023,Cal,15.087,19.281,20.892,9.032,6.474,6.761,10.116,11.724,1.692,0.047,10.93,14.772,16.458,5.185,3.097,76.472,73.415,73.192,82.124,84.62,58.676,53.933,53.944,66.314,70.768,1071.074,702.869,578.219,403.627,298.895,4622.021,3996.435,3322.439,1260.787,598.967,2.108,1.998,1.907,2.073,2.077,0.428,0.564,0.627,0.189,0.131,1.897,2.726,2.979,0.424,0.215,10.491,10.46,9.778,0.011,0.003,0.789,0.785,0.78,0,0,0.029,0.029,0.029,0,0,0.005,0.005,0.005,0,0,20.633,18.468,18.697,22.394,24.718,33.412,32.81,26.623,4.657,0.62,6.01,5.995,5.521,0.323,0.028,0.316,0.316,0.316,0,0,0.002,0.002,0.002,0,0,0,0,0,0,0,41.718,35.528,23.204,6.474,4.686,22.318,19.743,13.9,2.012,1.739,11.226,10.656,7.638,0.42,0.37,-805.579,-725.306,-250.624,-135.369,-98.001,25.553,24.926,19.483,2.291,0.958,25.947,25.622,22.227,0.317,0.094,0.1652,0.0411,10848,23748.19441,2.189177214
ITA,2024,Cal,15.8,20.313,22.365,10.11,7.34,7.335,11.073,12.87,2.358,0.31,11.519,15.744,17.75,6.078,3.667,75.908,72.83,70.806,79.592,81.788,58.12,53.69,51.489,62.819,66.886,972.2,738.774,609.487,462.843,342.967,4725.264,4085.121,3445.575,1313.376,634.5,2.031,1.974,1.94,2.303,2.357,0.475,0.635,0.748,0.242,0.166,2.386,3.391,4.323,0.855,0.235,19.443,19.442,19.436,0.717,0.031,4.032,4.032,4.032,0.009,0.004,0.046,0.046,0.046,0,0,0,0,0,0,0,19.654,18.197,18.066,21.708,23.944,42.831,41.787,38.493,7.031,0.958,12.934,12.854,12.424,0.713,0.053,1.518,1.518,1.494,0.024,0,0.011,0.011,0.011,0,0,0,0,0,0,0,41.541,29.9,27.768,21.238,7.98,17.155,13.269,12.752,9.398,3.111,6.487,5.728,5.606,3.989,0.849,-876.61,-627.405,-661.059,-590.521,-97.017,29.596,27.952,27.47,5.896,0.603,30.602,30.573,30.549,3.734,0.324,0.1652,0.0411,11084.7832,13415.96896,1.210305039
LTU,1990,Cal,11.12,14.926,16.917,5.084,2.988,4.97,7.447,8.954,0.36,-1.233,8.157,11.332,13.122,2.81,0.97,80.112,76.389,75.374,84.187,86.49,66.769,60.196,58.465,74.124,78.337,900.113,644.892,508.167,402.783,242.617,3533.714,3281.453,2846.297,686.439,265.585,3.354,3.169,2.832,3.809,3.658,0.271,0.36,0.415,0.128,0.091,0.892,1.293,1.615,0.151,0.082,4.267,4.267,4.267,0,0,0,0,0,0,0,0,0,0,0,0,0,0,0,0,0,22.491,19.657,19.304,26.402,28.999,17.746,17.746,16.162,1.588,0,0.785,0.785,0.785,0,0,0,0,0,0,0,0,0,0,0,0,0,0,0,0,0,33.815,30.831,25.098,9.039,3.592,11.558,10.482,9.693,1.898,1.114,3.35,3.343,3.343,0.006,0.006,-225.287,-208.779,-146.522,-125.578,-50.777,9.321,9.321,9.318,0.002,0,7.592,7.592,7.592,0,0,0.69,0.451,2053.75486,134,0.065246346
LTU,1991,Cal,10.361,14.808,17.315,3.184,0.949,4.004,7.348,9.149,-1.132,-2.743,7.322,11.217,13.461,1.102,-0.76,79.842,77.008,75.342,85.361,86.707,66.006,60.32,57.641,75.892,79.019,671.872,459.746,388.473,327.985,227.995,3553.013,3282.324,2879.849,650.952,268.219,3.096,2.888,2.864,3.394,3.441,0.276,0.372,0.442,0.1,0.072,1.044,1.508,1.872,0.138,0.075,5.749,5.749,5.749,0,0,0,0,0,0,0,0,0,0,0,0,0,0,0,0,0,22.998,19.859,18.718,28.214,30.38,6.517,6.493,6.445,0.072,0.025,0,0,0,0,0,0,0,0,0,0,0,0,0,0,0,0,0,0,0,0,22.948,5.307,2.349,16.843,16.444,10.486,0.346,0.091,9.786,9.781,0.826,0,0,0.749,0.749,-723.825,-597.578,-384.311,-77.5,-82.567,6.417,6.417,6.415,0.001,0,3.666,3.666,3.666,0,0,0.69,0.451,2060.942802,64,0.031053749
LTU,1992,Ver,10.714,15.094,18.164,4.266,2.349,4.16,7.31,9.733,-0.546,-1.839,7.613,11.4,14.218,1.894,0.375,77.373,72.799,70.031,84.34,85.943,63.23,55.849,52.314,73.51,77.33,692.063,469.383,339.586,324.308,220.463,3708.705,3436.112,3010.248,709.007,265.147,3.196,3.024,2.96,3.481,3.652,0.351,0.485,0.596,0.115,0.084,2.803,4.153,5.441,0.205,0.086,51.455,51.455,51.45,0,0,8.536,8.536,8.536,0,0,0,0,0,0,0,0,0,0,0,0,21.903,18.294,16.857,26.092,28.612,40.425,40.417,40.344,0.081,0.008,5.709,5.709,5.709,0,0,0,0,0,0,0,0,0,0,0,0,0,0,0,0,0,71.009,66.017,65.015,8.817,5.488,43.838,42.484,42.479,1.954,1.699,18.119,18.088,18.088,0.109,0.109,-2629.21,-2581.703,-2519.858,-279.206,-78.247,43.385,43.385,43.371,0.002,0,68.592,68.592,68.592,0,0,0.69,0.451,2066.533424,971,0.469869003
LTU,1993,Cal,9.417,13.969,16.659,2.572,1.515,3.003,6.483,8.675,-2.129,-2.603,6.341,10.374,12.867,0.304,-0.433,78.388,76.279,74.073,84.612,85.815,64.848,60.343,57.146,74.302,77.145,806.227,578.713,467.418,368.209,244.768,3568.945,3262.242,2827.784,716.888,287.896,3.314,3.029,2.914,3.562,3.745,0.278,0.372,0.449,0.101,0.083,1.244,1.774,2.275,0.163,0.086,14.148,14.148,14.148,0.004,0,0.499,0.499,0.499,0,0,0,0,0,0,0,0,0,0,0,0,23.478,20.224,18.596,28.246,29.441,22.8,22.527,22.527,0.069,0.069,2.325,2.325,2.325,0,0,0,0,0,0,0,0,0,0,0,0,0,0,0,0,0,59.188,31.514,25.711,13.194,6.869,34.098,16.849,14.289,3.91,1.343,13.672,5.124,5.099,0.028,0.004,-703.401,-478.663,-436.692,-144.509,-60.227,21.381,21.381,21.381,0.014,0,25.221,25.221,25.221,0,0,0.69,0.451,2071.724716,355,0.171354812
LTU,1994,Cal,10.177,15.035,18.171,1.329,-1.09,3.559,7.341,9.78,-3.459,-5.441,7.037,11.387,14.256,-0.99,-3.159,78.254,74.211,71.899,84.028,84.957,64.779,57.694,54.26,75.061,78.068,806.978,559.741,410.889,370.268,224.498,3643.452,3345.257,2923.385,735.356,307.315,3.193,3.123,2.942,3.484,3.398,0.328,0.455,0.558,0.094,0.067,2.207,3.263,4.274,0.156,0.102,31.66,31.66,31.66,0,0,11.305,11.305,11.305,0,0,0,0,0,0,0,0,0,0,0,0,23.65,20.35,18.05,30.316,31.961,29.972,29.157,29.157,0.204,0.204,4.676,4.676,4.676,0,0,0.019,0.019,0.019,0,0,0,0,0,0,0,0,0,0,0,0,38.562,37.112,36.994,21.67,21.67,28.256,28.234,28.234,15.933,15.933,15.127,15.127,15.127,8.545,8.545,-1277.721,-1250.187,-1263.462,-175.292,-175.737,36.298,36.298,36.298,0,0,37.628,37.628,37.628,0,0,0.69,0.451,2074.520027,355,0.17112392
LTU,1995,Ver,10.373,15.551,17.988,3.304,1.557,3.735,7.955,9.708,-1.368,-2.762,7.185,11.883,14.06,0.99,-0.509,78.708,75.876,74.055,83.402,85.339,64.732,59.414,56.518,73.471,76.919,777.604,565.589,445.945,394.646,254.593,3610.59,3312.166,2901.446,678.55,289.515,3.197,3.1,2.954,3.651,3.689,0.301,0.41,0.491,0.111,0.084,1.318,1.924,2.444,0.154,0.069,14.902,14.902,14.902,0,0,0.016,0.016,0.016,0,0,0,0,0,0,0,0,0,0,0,0,22.866,19.289,18.575,26.51,28.807,12.862,12.862,12.151,1.526,0.815,0.566,0.566,0.566,0,0,0,0,0,0,0,0,0,0,0,0,0,0,0,0,0,45.268,20.137,18.63,2.822,1.542,23.752,5.978,5.978,0.009,0.009,1.639,0.354,0.354,0,0,-1026.235,-860.9,-750.513,-49.38,-40.166,11.791,11.791,11.791,0,0,21.162,21.162,21.162,0,0,0.69,0.451,2076.916008,355,0.170926508
LTU,1996,Cal,8.693,14.131,17.107,-0.278,-3.434,1.973,6.423,8.78,-5.502,-8.172,5.494,10.415,13.109,-2.754,-5.613,79.785,76.564,74.174,83.942,84.591,67.051,60.755,57.426,74.374,77.134,634.188,439.97,365.562,233.135,169.911,3688.419,3368.806,2889.592,833.422,329.418,2.993,2.933,2.918,3.068,3.002,0.275,0.38,0.464,0.09,0.062,1.415,2.089,2.675,0.196,0.087,14.318,14.318,14.318,0,0,0.679,0.679,0.679,0,0,0,0,0,0,0,0,0,0,0,0,24.766,21.237,18.916,30.267,31.936,14.34,14.34,14.34,0,0,1.674,1.674,1.674,0,0,0,0,0,0,0,0,0,0,0,0,0,0,0,0,0,46.446,35.01,25.545,28.761,28.415,15.018,11.843,10.214,19.287,19.287,2.56,2.194,1.847,1.644,1.644,-1563.84,-1491.655,-1130.025,-282.749,-179.962,12.532,12.532,12.532,0,0,14.718,14.718,14.718,0,0,0.69,0.451,2080.909309,355,0.170598497
LTU,1997,Cal,9.882,14.506,17.316,2.923,0.456,3.37,6.891,9.188,-2.363,-4.361,6.793,10.871,13.48,0.416,-1.734,78.373,74.752,73.43,83.4,85.868,64.949,58.07,56.284,73.49,78.456,761.591,571.448,432.642,273.684,186.187,3687.718,3413.421,2992.038,739.253,292.997,3.186,3.07,2.974,3.415,3.545,0.29,0.395,0.475,0.111,0.077,1.201,1.761,2.267,0.197,0.055,13.734,13.734,13.734,0,0,0.543,0.543,0.543,0,0,0,0,0,0,0,0,0,0,0,0,24.023,19.976,18.614,28.557,31.759,15.376,15.371,13.916,1.455,0,0.069,0.069,0.007,0.063,0,0,0,0,0,0,0,0,0,0,0,0,0,0,0,0,35.838,26.268,13.47,38.824,16.577,16.013,11.067,5.626,13.642,6.571,2.444,0.957,0.522,2.277,1.494,-652.558,-578.485,-478.649,-592.906,-102.504,11.226,11.226,11.218,0.007,0,14.147,14.147,14.147,0,0,0.69,0.451,2084.50328,355,0.170304361
LTU,1998,Ver,9.589,14.309,17.107,2.804,1.422,3.41,7.198,9.648,-1.846,-2.384,6.635,10.892,13.541,0.569,-0.391,79.832,76.958,77.035,84.285,86.92,66.633,61.172,60.665,74.627,79.974,920.806,687.459,557.523,393.367,242.739,3433.606,3156.791,2697.286,677.452,245.376,3.236,3.16,3.027,3.245,3.304,0.256,0.348,0.405,0.099,0.071,0.645,0.933,1.135,0.085,0.049,0.444,0.444,0.444,0,0,0,0,0,0,0,0,0,0,0,0,0,0,0,0,0,25.297,21.719,20.017,30.129,31.275,7.659,7.619,7.57,0.095,0.045,0.073,0.073,0.071,0.003,0,0,0,0,0,0,0,0,0,0,0,0,0,0,0,0,16.747,5.701,0.001,8.851,3.174,2.534,0.586,0,1.19,0.604,0.176,0,0,0,0,887.669,967.106,1045.837,-83.022,-30.716,1.565,1.565,1.552,0,0,0.207,0.207,0.207,0,0,0.69,0.451,2087.697921,54,0.025865811
LTU,1999,Cal,11.011,16.071,18.967,1.614,-1.353,4.203,8.068,10.282,-3.621,-6.169,7.768,12.245,14.875,-0.936,-3.628,77.764,73.751,71.101,83.899,85.613,64.074,57.281,53.541,74.174,77.598,723.956,480.906,357.381,347.61,228.97,3719.886,3420.796,2981.528,761.359,311.79,3.084,2.855,2.73,3.28,3.179,0.34,0.468,0.569,0.101,0.063,1.798,2.638,3.446,0.148,0.04,20.839,20.839,20.839,0,0,2.11,2.11,2.11,0,0,0,0,0,0,0,0,0,0,0,0,23.56,19.507,17.346,30.944,33.627,30.322,30.322,30.139,0.183,0,3.197,3.197,3.197,0,0,0,0,0,0,0,0,0,0,0,0,0,0,0,0,0,33.736,27.045,26.527,9.021,8.883,11.492,9.719,9.571,1.379,1.379,2.457,2.334,2.334,0.176,0.176,-1870.679,-1795.381,-1771.824,-88.259,-71.377,11.887,11.887,11.885,0.015,0,18.967,18.967,18.967,0,0,0.69,0.451,2090.493232,342.92,0.164037843
LTU,2000,Cal,11.129,15.282,17.517,3.276,1.376,4.713,7.469,9.094,-1.202,-2.629,8.075,11.558,13.561,1.159,-0.468,78.843,74.541,73.312,83.644,85.566,65.209,58.043,56.141,73.419,77.326,721.122,502.037,410.247,367.218,214.536,3637.089,3369.864,2917.327,700.238,297.402,3.112,3.004,2.758,3.67,3.653,0.295,0.401,0.464,0.115,0.086,1.599,2.352,2.428,0.158,0.106,12.491,12.491,11.166,0,0,0.747,0.747,0.747,0,0,0,0,0,0,0,0,0,0,0,0,23.073,19.291,18.07,29.699,31.954,21.808,21.808,21.56,0.248,0,1.005,1.005,1.003,0.002,0,0,0,0,0,0,0,0,0,0,0,0,0,0,0,0,53.938,46.537,17.302,9.893,9.476,36.511,34.342,9.956,2.247,2.099,20.09,19.593,4.944,0.125,0.125,-1459.445,-1351.998,-482.3,-114.666,-101.608,26.549,26.549,20.891,0,0,13.21,13.21,13.035,0,0,0.69,0.451,2095.285194,327.07,0.156098082
LTU,2001,Ver,10.217,15.227,17.922,4.19,2.239,3.723,7.853,10.098,-0.372,-1.25,7.112,11.696,14.193,1.953,0.56,79.434,77.467,76.534,83.335,86.379,65.941,61.623,59.783,73.847,78.866,821.891,619.69,510.944,276.081,204.409,3546.215,3237.42,2803.183,762.151,267.732,3.023,2.875,2.808,3.167,3.116,0.271,0.362,0.43,0.124,0.081,0.718,1.027,1.267,0.777,0.084,0.823,0.823,0.823,1.325,0,0,0,0,0,0,0,0,0,0,0,0,0,0,0,0,24.94,21.479,19.781,28.351,30.477,4.086,4.086,3.478,0.608,0,0.001,0.001,0,0.001,0,0,0,0,0,0,0,0,0,0,0,0,0,0,0,0,15.561,4.222,0.258,43.031,9.832,3.513,1.662,0,29.051,3.003,0.337,0.299,0,15.48,0.532,542.188,635.065,671.376,-1038.148,-118.375,4.389,4.389,4.388,5.659,0,0.354,0.354,0.354,0.175,0,0.69,0.451,2097.681174,111.14,0.052982313
LTU,2002,Cal,11.227,16.507,19.848,3.802,1.149,4.262,8.348,11.001,-1.517,-3.811,7.883,12.589,15.647,1.191,-1.238,75.067,70.495,67.019,83.79,85.194,61.044,53.492,48.947,73.347,76.572,698.129,476.46,298.452,384.548,270.978,3921.469,3635.044,3210.759,728.518,292.662,3.166,2.969,2.794,3.705,3.837,0.398,0.553,0.686,0.117,0.084,3.033,4.479,5.895,0.151,0.064,47.906,47.906,47.906,0,0,7.292,7.292,7.292,0,0,0,0,0,0,0,0,0,0,0,0,21.652,17.166,15.144,27.748,30.777,57.42,56.415,55.251,0.872,0.022,1.647,1.647,1.647,0,0,0,0,0,0,0,0,0,0,0,0,0,0,0,0,0,115.894,85.07,79.814,7.416,6.861,81.635,54.379,50.78,0.828,0.71,47.134,31.386,28.698,0,0,-4292.418,-4074.386,-3874.717,-61.947,-51.912,36.79,36.79,36.79,0.001,0,59.266,59.266,58.919,0,0,0.69,0.451,2102.073806,746.41,0.35508268
LTU,2003,Cal,10.127,14.827,17.85,0.691,-1.942,3.457,6.997,9.586,-4.795,-6.838,6.932,11.065,13.925,-1.952,-4.219,78.456,74.258,72.652,82.179,83.645,64.27,56.861,54.422,72.252,76.19,660.685,485.58,399.673,275.776,133.078,3718.33,3445.296,2974.979,745.616,294.617,3.08,3.043,3.007,3.107,3.057,0.304,0.419,0.505,0.102,0.071,1.629,2.385,3.029,0.269,0.09,15.213,15.213,15.213,0,0,0.109,0.109,0.109,0,0,0,0,0,0,0,0,0,0,0,0,23.529,19.651,17.993,29.889,32.28,21.442,21.295,17.943,4.648,0.983,1.022,1.021,0.573,0.448,0,0,0,0,0,0,0,0,0,0,0,0,0,0,0,0,42.776,24.754,14.998,61.344,46.887,19.935,7.194,2.773,47.881,39.977,9.268,1.117,0.008,27.696,23.899,-1425.31,-1265.297,-1162.969,-617.234,-350.413,12.551,12.551,12.517,0.034,0,14.991,14.991,14.991,0.347,0,0.69,0.451,2106.865767,436.17,0.207023156
LTU,2004,Ver,9.795,14.623,17.035,2.221,0.445,3.475,7.298,9.174,-2.228,-3.427,6.802,11.117,13.306,0.091,-1.397,80.105,76.568,74.008,85.869,87.008,66.897,60.551,57.015,76.147,79.123,810.634,602.595,467.602,336.451,211.124,3603.455,3311.988,2915.24,667.39,279.373,3.057,3.01,2.939,3.19,3.154,0.265,0.362,0.436,0.09,0.068,0.783,1.138,1.466,0.096,0.08,1.569,1.569,1.569,0,0,0,0,0,0,0,0,0,0,0,0,0,0,0,0,0,24.367,20.73,18.841,29.74,31.379,20.528,20.528,20.291,0.384,0.147,0.237,0.237,0.237,0.001,0.001,0,0,0,0,0,0,0,0,0,0,0,0,0,0,0,9.529,4.131,0.444,10.184,6.497,2.84,1.645,0.024,2.817,1.196,0.226,0.205,0.002,0.224,0.021,192.404,243.603,253.14,-90.708,-65.579,1.189,1.189,1.188,0.001,0,0.494,0.494,0.494,0,0,0.69,0.451,2114.05371,253.2,0.119769899
LTU,2005,Cal,10.072,14.74,17.866,2.377,0.937,3.334,6.668,9.428,-2.584,-3.265,6.867,10.917,13.91,0.014,-1.055,79.191,75.671,73.929,85.577,87.102,65.345,58.86,56.054,76.007,79.293,730.215,540.537,460.518,326.862,197.965,3788.67,3483.279,2989.433,759.713,304.392,2.968,2.787,2.682,3.266,3.334,0.292,0.397,0.48,0.095,0.075,1.323,1.909,2.23,0.105,0.071,6.372,6.372,6.372,0,0,0.002,0.002,0.002,0,0,0,0,0,0,0,0,0,0,0,0,23.716,20.476,18.439,29.754,30.235,10.867,10.605,10.605,0,0,0.074,0.074,0.074,0,0,0,0,0,0,0,0,0,0,0,0,0,0,0,0,0,52.457,37.091,17.494,1.62,1.02,19.193,11.862,2.585,0.149,0.016,2.225,1.631,0.398,0,0,-1530.871,-1324.369,-741.788,-22.523,-34.865,5.593,5.593,5.561,0,0,7.709,7.709,7.709,0,0,0.69,0.451,2121.640982,50.84,0.023962584
LTU,2006,Cal,10.783,15.714,18.896,1.185,-1.227,3.868,7.547,10.122,-4.003,-5.512,7.499,11.819,14.745,-1.311,-3.212,78.659,74.413,71.506,84.541,86.145,65.124,57.57,53.514,75.18,79.261,647.442,496.269,400.047,210.611,147.937,3819.981,3529.932,3074.524,792.622,303.094,2.969,2.838,2.762,3.007,3.025,0.333,0.464,0.572,0.096,0.066,2.141,3.154,4.123,0.415,0.136,35.86,35.86,35.86,0,0,4.784,4.784,4.784,0,0,0.069,0.069,0.069,0,0,0,0,0,0,0,23.754,20.353,17.653,30.059,31.9,38.905,38.905,38.905,0.262,0.262,7.979,7.979,7.979,0,0,0.001,0.001,0.001,0,0,0,0,0,0,0,0,0,0,0,0,57.041,43.314,42.82,47.49,28.002,30.563,23.399,23.128,23.895,14.48,6.222,4.739,4.668,3.381,2.078,-1826.336,-1730.002,-1695.445,-865.741,-269.241,32.069,32.069,32.069,0.032,0,39.458,39.458,39.458,0,0,0.69,0.451,2129.228255,1199.3,0.563255723
LTU,2007,Ver,10.982,15.931,18.152,5.413,2.717,4.39,8.261,10.028,0.086,-1.973,7.857,12.258,14.301,2.858,0.551,79.334,75.819,73.606,85.524,87.317,65.909,59.482,56.611,75.565,79.739,822.145,575.321,478.218,350.612,248.475,3692.492,3391.751,2972.001,731.589,296.876,3.216,3.063,3.06,3.55,3.741,0.301,0.412,0.489,0.12,0.076,1.06,1.553,1.932,0.206,0.049,5.178,5.178,5.178,0,0,0,0,0,0,0,0,0,0,0,0,0,0,0,0,0,23.157,19.513,18.596,27.091,29.663,17.512,17.51,14.428,3.084,0.001,0.161,0.161,0.161,0,0,0,0,0,0,0,0,0,0,0,0,0,0,0,0,0,32.999,27.635,22.046,7.981,2.552,13.477,12.559,10.277,2.699,0.417,1.747,1.741,1.682,0.065,0.005,-751.268,-701.663,-589.997,-136.184,-35.593,6.788,6.788,6.732,0.056,0,5.293,5.293,5.293,0,0,0.69,0.451,2136.815527,38,0.017783472
LTU,2008,Cal,11.112,15.289,17.688,3.997,2.205,4.998,7.895,9.687,-0.084,-1.148,8.206,11.767,13.936,2.007,0.61,78.654,74.893,72.493,85.093,86.59,64.835,58.402,55.203,75.039,78.509,766.327,547.271,390.906,357.59,221.931,3576.512,3303.65,2889.411,673.487,259.268,3.277,3.04,2.886,3.527,3.685,0.307,0.417,0.5,0.108,0.081,1.386,2.031,2.608,0.122,0.076,13.816,13.816,13.816,0,0,0.951,0.951,0.951,0,0,0,0,0,0,0,0,0,0,0,0,22.499,19.519,17.934,27.746,29.48,23.527,23.309,23.133,0.393,0.218,1.578,1.578,1.578,0,0,0,0,0,0,0,0,0,0,0,0,0,0,0,0,0,19.066,9.416,9.416,12.423,12.261,10.27,5.501,5.501,5.27,5.27,2.837,2.502,2.502,0.335,0.335,-1018.627,-947.845,-914.73,-95.618,-71.348,12.626,12.626,12.626,0,0,10.6,10.6,10.6,0,0,0.69,0.451,2143.604139,112.4,0.052435055
LTU,2009,Cal,10.079,14.817,18.027,3.088,0.999,3.748,7.221,9.638,-1.397,-3.013,7.071,11.216,14.069,0.953,-0.878,78.86,75.418,72.539,85.911,87.043,65.446,58.951,54.862,76.593,79.463,756.369,539.93,380.692,321.855,181.676,3657.271,3389.132,3016.705,668.696,287.048,2.947,2.917,2.866,3.146,3.126,0.29,0.397,0.488,0.099,0.073,1.276,1.869,2.462,0.145,0.062,9.413,9.413,9.413,0,0,0,0,0,0,0,0,0,0,0,0,0,0,0,0,0,23.707,20.257,17.344,29.766,30.586,19.247,18.624,18.624,0,0,2.257,2.257,2.257,0,0,0,0,0,0,0,0,0,0,0,0,0,0,0,0,0,33.515,15.882,15.882,13.433,13.433,8.907,4.156,4.156,4.208,4.208,0.461,0.411,0.411,0.032,0.032,-886.543,-790.958,-825.18,-122.824,-92.61,12.962,12.962,12.962,0,0,7.394,7.394,7.394,0,0,0.69,0.451,2146.79878,315.3,0.146869843
LTU,2010,Ver,9.409,15.47,18.736,0.653,-1.967,2.833,7.801,10.891,-4.111,-5.928,6.279,11.795,15.011,-1.617,-3.827,80.952,78.514,77.327,84.671,85.264,68.1,62.366,60.65,75.936,79.056,874.098,651.878,562.789,352.564,203.073,3611.524,3323.643,2846.149,696.074,278.841,2.979,2.935,2.82,3.168,3.071,0.271,0.374,0.451,0.088,0.064,0.601,0.875,1.029,0.085,0.064,1.206,1.206,1.206,0,0,0.001,0.001,0.001,0,0,0,0,0,0,0,0,0,0,0,0,25.236,21.643,20.428,29.61,30.842,5.209,5.209,5.209,0.623,0.623,0,0,0,0,0,0,0,0,0,0,0,0,0,0,0,0,0,0,0,0,11.93,0.998,0.492,13.457,13.013,3.585,0.051,0.046,4.02,4.014,0.348,0,0,0.367,0.367,993.569,1076.489,1159.06,-54.003,-78.007,0.986,0.986,0.948,0,0,0.675,0.675,0.675,0,0,0.69,0.451,2153.188062,21.5,0.009985194
LTU,2011,Cal,10.761,15.745,18.834,0.81,-1.551,4.195,7.976,10.545,-4.328,-5.906,7.625,12.038,14.915,-1.691,-3.636,79.845,75.991,74.726,84.195,86.624,66.257,59.362,57.044,74.905,80.065,683.531,500.547,448.067,303.263,243.403,3755.719,3440.1,2954.611,824.309,314.593,3.206,3.053,2.915,3.338,3.305,0.297,0.41,0.491,0.094,0.06,1.063,1.5,1.807,0.204,0.039,5.138,5.138,5.138,0,0,0.059,0.059,0.059,0,0,0,0,0,0,0,0,0,0,0,0,23.823,20.838,19.092,30.316,32.571,17.791,17.791,17.117,0.675,0.001,0.938,0.938,0.713,0.225,0,0,0,0,0,0,0,0,0,0,0,0,0,0,0,0,35.115,10.649,5.185,4.488,2.5,19.801,1.914,1.014,0.186,0.063,8.042,0.02,0.006,0.004,0,-660.85,-360.511,-132.021,-151.233,-30.041,8.366,8.366,8.366,0.038,0,6.724,6.724,6.724,0,0,0.69,0.451,2161.174665,292.8,0.135481877
LTU,2012,Cal,9.855,15.341,17.978,2.685,0.087,3.392,7.828,9.917,-2.17,-4.17,6.784,11.763,14.193,0.33,-1.908,79.691,76.367,74.46,84.692,87.01,66.681,60.29,57.839,74.887,79.443,854.254,585.851,461.223,284.665,213.602,3646.497,3350.971,2934.498,735.118,303.679,3.127,3.039,2.92,3.437,3.426,0.282,0.389,0.467,0.106,0.069,0.673,0.981,1.238,0.317,0.167,1.46,1.46,1.46,0,0,0,0,0,0,0,0,0,0,0,0,0,0,0,0,0,24.674,21.252,19.588,27.469,29.176,9.017,9.017,9.006,0.012,0,0.027,0.027,0.027,0,0,0,0,0,0,0,0,0,0,0,0,0,0,0,0,0,14.32,0.37,0.044,41.301,37.439,7.072,0.005,0,25.734,24.951,1.005,0,0,9.037,9.028,631.997,721.334,695.35,-572.558,-367.86,1.207,1.207,1.207,0,0,0.218,0.218,0.218,0,0,0.69,0.451,2172.355909,20.29,0.00934009
LTU,2013,Ver,10.463,14.99,18.449,1.129,-0.465,3.986,7.261,10.244,-3.526,-4.242,7.415,11.321,14.574,-1.1,-2.239,79.995,76.189,75.417,84.733,87.491,66.48,59.763,58.03,75.516,80.745,689.01,490.708,428.688,344.022,238.233,3716.926,3430.784,2942.252,789.787,283.931,2.97,2.849,2.734,3.157,3.103,0.296,0.404,0.489,0.09,0.065,1.184,1.737,2.18,0.104,0.05,5.755,5.755,5.755,0,0,0,0,0,0,0,0,0,0,0,0,0,0,0,0,0,24.402,21.313,19.251,31.22,32.362,8.071,8.071,8.071,0,0,0.013,0.013,0.013,0,0,0,0,0,0,0,0,0,0,0,0,0,0,0,0,0,11.475,11.144,2.501,9.59,0.952,3.642,3.641,0.107,3.536,0.001,0.703,0.703,0.002,0.701,0,-627.637,-619.162,-439.031,-102.95,-21.057,4.089,4.089,3.862,0.224,0,3.032,3.032,3.032,0,0,0.69,0.451,2178.345861,24.7,0.011338879
LTU,2014,Cal,11.157,16.296,18.696,4.557,1.925,4.677,8.452,10.411,-0.051,-1.884,7.981,12.473,14.721,2.273,0.076,77.443,73.861,72.424,83.864,85.663,63.97,57.284,55.036,73.756,77.799,704.556,521.881,419.515,284.367,193.728,3780.817,3495.688,3037.399,699.624,275.95,3.022,2.905,2.816,3.371,3.493,0.332,0.456,0.54,0.123,0.083,1.536,2.211,2.707,0.261,0.116,10.786,10.786,10.786,0,0,0.601,0.601,0.601,0,0,0,0,0,0,0,0,0,0,0,0,21.527,18.167,17.785,25.548,28.681,26.345,26.31,24.801,1.544,0.035,2.445,2.445,2.445,0,0,0,0,0,0,0,0,0,0,0,0,0,0,0,0,0,41.86,15.442,6.721,22.218,14.704,15.357,4.884,0.207,13.81,9.175,3.925,1.312,0.002,3.892,2.584,-1176.423,-968.013,-688.593,-232.782,-99.922,13.891,13.888,13.88,0.01,0.003,6.128,6.128,6.128,0,0,0.69,0.451,2186.332463,161.5,0.073867997
LTU,2015,Cal,11.629,15.664,18.176,4.327,1.984,5.004,7.631,9.619,-0.27,-1.713,8.44,11.813,14.16,2.02,0.154,77.706,73.114,71.65,83.208,86.344,63.453,56.031,53.739,73.431,78.505,668.889,445.157,381.413,286.696,185.194,3783.507,3515.105,3064.403,710.033,273.571,3.184,3.012,2.993,3.25,3.262,0.339,0.462,0.547,0.127,0.082,1.925,2.793,3.275,0.377,0.13,23.115,23.115,23.057,0,0,1.759,1.759,1.759,0,0,0.001,0.001,0.001,0,0,0,0,0,0,0,21.388,17.755,17.599,25.645,28.867,23.474,23.465,21.859,1.615,0.009,1.798,1.797,1.797,0.001,0.001,0,0,0,0,0,0,0,0,0,0,0,0,0,0,0,75.811,61.492,25.514,32.151,16.01,38.886,29.266,7.059,15.002,3.17,12.671,7.124,1.292,3.697,0.082,-2396.764,-2163.445,-1372.897,-512.77,-143.064,19.686,19.682,19.489,0.061,0,22.456,22.456,22.129,0,0,0.69,0.451,2195.517056,70.85,0.032270303
LTU,2016,Ver,10.733,15.595,18.75,3.862,2.222,4.344,8.178,10.542,-0.936,-1.888,7.68,12.038,14.88,1.449,0.218,79.919,75.984,74.319,84.303,87,66.625,59.932,57.117,74.024,79.001,851.553,597.266,464.517,308.222,252.882,3602.163,3322.892,2939.899,717.346,277.557,3.039,2.872,2.747,3.234,3.495,0.299,0.412,0.498,0.117,0.084,1.256,1.858,2.366,0.467,0.128,10.723,10.723,10.72,0.058,0,0.13,0.13,0.13,0,0,0,0,0,0,0,0,0,0,0,0,23.415,19.572,18.524,25.517,28.464,20.763,20.763,19.363,1.399,0,0.701,0.701,0.701,0,0,0,0,0,0,0,0,0,0,0,0,0,0,0,0,0,36.511,19.127,17.956,48.975,27.678,16.682,6.003,5.791,28.851,18.429,1.876,0.36,0.36,9.229,7.011,-594.693,-505.002,-369.999,-958.194,-298.157,12.222,12.222,12.222,0.14,0.003,12.141,12.141,12.141,0.327,0,0.69,0.451,2200.708348,25.95,0.011791658
LTU,2017,Cal,10.567,14.947,17.265,2.931,0.841,4.252,7.493,9.205,-1.732,-3.487,7.562,11.418,13.489,0.703,-1.157,80.565,76.727,74.332,86.146,88.033,67.255,60.414,57.183,76.838,80.764,906.676,698.404,526.788,370.989,213.437,3546.397,3287.492,2914.617,642.946,269.848,3.123,3.072,2.974,3.325,3.308,0.271,0.371,0.445,0.095,0.063,0.796,1.161,1.487,0.137,0.05,0.508,0.508,0.508,0.003,0,0,0,0,0,0,0,0,0,0,0,0,0,0,0,0,23.818,20.45,19.13,29.646,32.995,9.208,9.208,8.395,0.813,0,0.018,0.018,0.018,0,0,0,0,0,0,0,0,0,0,0,0,0,0,0,0,0,12.958,3.911,3.911,9.97,9.046,4.951,0.273,0.273,4.885,4.678,0.543,0,0,0.543,0.543,218.268,269.79,237.277,-160.225,-56.078,6.412,6.412,6.406,0,0,4.112,4.112,4.112,0,0,0.69,0.451,2209.094281,52.86,0.023928359
LTU,2018,Cal,11.617,17.116,20.578,2.751,1.227,4.828,8.799,11.796,-1.712,-2.499,8.354,13.118,16.43,0.554,-0.593,76.554,71.774,69.88,84.516,87.349,63.064,55.195,52.432,75.059,79.622,595.824,414.009,333.399,350.053,216.605,3967.761,3681.75,3189.782,709.102,283.047,2.931,2.968,2.904,3.204,3.104,0.38,0.532,0.649,0.098,0.07,2.512,3.697,4.763,0.123,0.054,35.197,35.197,35.197,0,0,3.76,3.76,3.76,0,0,0,0,0,0,0,0,0,0,0,0,22.326,18.795,16.236,28.995,29.077,34.389,34.295,33.015,1.28,0,3.369,3.369,2.711,0.658,0,0,0,0,0,0,0,0,0,0,0,0,0,0,0,0,96.419,74.73,53.128,21.774,12.764,46.382,41.053,32.496,7.375,2.866,20.719,20.393,18.321,0.996,0.122,-3607.288,-3434.421,-2908.147,-122.178,-70.364,30.191,30.191,30.181,0.007,0,43.056,43.056,43.05,0,0,0.69,0.451,2209.892941,110.3,0.04991192
LTU,2019,Ver,12.153,16.717,19.29,4.064,1.425,5.406,8.624,10.516,-0.802,-2.507,8.96,12.878,15.157,1.684,-0.444,76.189,70.987,67.369,84.935,87.345,62.364,54.013,49.838,75.153,80.397,651.715,434.691,320.2,313.76,204.801,3882.515,3608.356,3184.443,740.395,281.108,3.259,3.115,2.967,3.29,3.129,0.38,0.524,0.641,0.115,0.073,2.455,3.608,4.735,0.257,0.094,30.854,30.854,30.854,0,0,1.851,1.851,1.851,0,0,0,0,0,0,0,0,0,0,0,0,21.055,17.134,15.836,27.039,30.576,45.183,44.853,43.692,1.586,0.424,6.755,6.755,6.755,0,0,0,0,0,0,0,0,0,0,0,0,0,0,0,0,0,86.491,77.232,76.593,23.967,10.759,51.616,49.295,48.999,7.182,2.838,12.732,12.732,12.686,1.447,0.204,-3483.475,-3429.555,-3414.133,-561.113,-106.023,32.002,32.002,32.002,0.01,0,45.405,45.405,45.405,0.006,0,0.69,0.451,2213.486912,200.18,0.090436496
LTU,2020,Cal,12.339,16.358,18.593,6.295,4.721,6.047,8.644,10.224,1.795,1.167,9.303,12.64,14.603,4.088,3.009,77.106,72.181,70.359,83.759,86.662,62.593,54.974,52.311,72.455,77.579,706.481,496.429,369.532,333.823,227.531,3768.531,3509.38,3070.933,723.567,260.518,3.316,3.113,3.048,3.589,3.769,0.348,0.473,0.558,0.136,0.1,1.811,2.632,3.26,0.247,0.135,15.855,15.855,15.656,0,0,0.25,0.25,0.25,0,0,0,0,0,0,0,0,0,0,0,0,19.934,17.771,17.028,22.355,23.897,34.705,34.705,26.883,7.822,0,1.435,1.435,1.268,0.167,0,0,0,0,0,0,0,0,0,0,0,0,0,0,0,0,56.518,47.053,33.464,14.619,7.88,19.691,17.188,12.816,3.961,1.947,1.05,1.041,0.917,0,0,-2189.657,-2127.784,-1812.752,-151.413,-57.823,11.374,11.374,11.129,0.029,0,14.255,14.255,14.249,0,0,0.69,0.451,2221.074185,64.23,0.02891844
LTU,2021,Cal,10.35,15.556,18.107,3.56,0.806,3.844,8.145,10.376,-1.036,-3.193,7.239,11.969,14.409,1.353,-1.053,78.863,74.691,73.636,85.166,87.621,65.539,58.232,56.729,75.585,80.704,832.952,597.525,520.196,298.517,181.06,3738.811,3424.612,2952.302,710.24,295.923,3.147,3.111,2.968,3.306,3.286,0.314,0.437,0.516,0.111,0.07,1.176,1.731,2.068,0.263,0.095,9.603,9.603,9.582,0.198,0,0.081,0.081,0.081,0,0,0,0,0,0,0,0,0,0,0,0,23.917,19.725,19.202,27.533,29.757,14.658,14.658,13.825,0.833,0,0.125,0.125,0.092,0.033,0,0,0,0,0,0,0,0,0,0,0,0,0,0,0,0,15.425,13.711,10.51,19.325,9.977,2.232,2.203,1.692,5.352,2.526,0.067,0.067,0.067,0.133,0.01,-249.496,-215.573,-55.059,-317.796,-69.69,3.851,3.851,3.78,0.216,0,8.954,8.954,8.954,0.005,0,0.69,0.451,2230.258778,11.00987683,0.004936592
LTU,2022,Ver,10.96,15.466,17.676,4.157,2.018,4.43,7.628,9.529,-1.19,-2.351,7.813,11.687,13.839,1.522,-0.033,77.476,73.032,72.265,81.622,86.239,63.467,55.954,54.727,70.772,77.776,779.074,504.77,455.673,349.959,305.81,3788.733,3507.157,2984.314,855.42,294.547,3.042,2.834,2.817,3.527,3.724,0.318,0.434,0.507,0.137,0.083,1.434,2.104,2.513,0.433,0.059,12.111,12.111,12.111,0.022,0,0.067,0.067,0.067,0,0,0,0,0,0,0,0,0,0,0,0,22.655,17.895,17.633,27.462,32.248,23.988,23.988,19.572,4.415,0,0.558,0.558,0.156,0.402,0,0,0,0,0,0,0,0,0,0,0,0,0,0,0,0,76.111,63.771,34.926,22.771,0.877,41.67,34.469,18.011,15.321,0.005,17.143,14.339,5.827,8.457,0,-1763.459,-1630.666,-1092.747,-395.703,-13.982,16.801,16.801,15.621,1.25,0,13.224,13.224,13.217,0.006,0,0.69,0.451,2240.641361,53.26,0.02376998
LTU,2023,Cal,11.892,16.736,19.629,4.077,1.53,5.197,8.584,10.759,-0.458,-2.187,8.731,12.869,15.461,1.887,-0.209,76.239,71.11,68.376,84.882,87.025,62.47,54.243,50.449,75.457,80.229,809.118,523.084,338.444,365.817,259.243,3856.805,3594.984,3182.972,670.372,250.016,3.131,2.994,2.7,3.263,3.201,0.374,0.517,0.625,0.113,0.076,2.295,3.393,4.435,0.181,0.051,29.575,29.575,29.575,0,0,6.112,6.112,6.112,0,0,0.035,0.035,0.035,0,0,0,0,0,0,0,22.677,18.633,16.136,29.044,31.925,44.283,44.283,44.034,0.249,0,9.292,9.292,9.292,0,0,0,0,0,0,0,0,0,0,0,0,0,0,0,0,0,48.321,47.13,44.591,20.531,12.417,29.269,29.234,28.454,8.459,7.201,16.496,16.496,16.383,2.866,2.804,-2517.723,-2484.05,-2330.767,-440.033,-144.29,28.18,28.18,28.18,0.001,0,36.641,36.641,36.641,0,0,0.69,0.451,2247.829303,59.55,0.026492225
LTU,2024,Cal,12.73,17.75,20.497,4.268,1.702,6.113,9.809,11.913,-0.432,-2.338,9.539,13.91,16.416,1.971,-0.21,77.857,73.607,71.495,84.199,86.883,64.193,56.998,53.988,75.01,79.701,742.391,501.995,428.561,426.693,276.54,3799.015,3556.302,3117.437,685.384,252.399,3.035,2.806,2.742,3.468,3.388,0.372,0.513,0.616,0.126,0.077,1.546,2.26,2.859,0.165,0.036,9.974,9.974,9.974,0,0,0.652,0.652,0.652,0,0,0.003,0.003,0.003,0,0,0,0,0,0,0,21.587,17.833,17.539,27.897,31.339,19.815,19.376,19.292,0.083,0,1.267,1.267,1.267,0,0,0,0,0,0,0,0,0,0,0,0,0,0,0,0,0,54.685,41.415,18.923,22.007,3.932,26.514,19.929,6.649,12.998,0.35,8.144,5.917,1.452,4.178,0.001,-2211.046,-2039.703,-1587.624,-335.063,-43.77,5.613,5.613,5.601,0.012,0,8.605,8.605,8.543,0,0,0.69,0.451,2252.621265,49.47,0.021961082
LVA,1990,Cal,10.387,14.159,16.284,4.121,2.213,4.463,7.059,8.659,-0.451,-1.989,7.547,10.774,12.672,1.924,0.198,80.724,77.145,76.028,84.962,87.155,67.887,61.541,59.588,75.43,79.461,944.074,663.351,503.674,432.658,264.968,3506.025,3294.702,2872.448,636.212,222.971,3.364,3.172,2.835,3.837,3.695,0.252,0.336,0.39,0.113,0.081,0.889,1.295,1.639,0.112,0.065,4.599,4.599,4.598,0,0,0,0,0,0,0,0,0,0,0,0,0,0,0,0,0,23.339,20.292,19.421,28.008,30.366,16.85,16.85,16.115,0.754,0,0.659,0.659,0.659,0,0,0,0,0,0,0,0,0,0,0,0,0,0,0,0,0,29.468,28.059,26.97,3.86,3.341,10.384,10.33,10.325,0.152,0.149,4.33,4.33,4.33,0,0,-368.607,-353.833,-326.314,-74.445,-45.916,11.381,11.381,11.381,0,0,6.158,6.158,6.158,0,0,0.5747,0.5006,3163.68,258,0.081550599
LVA,1991,Cal,9.787,13.98,16.403,2.691,0.664,3.775,6.951,8.738,-1.53,-3.064,6.903,10.597,12.787,0.633,-1.087,81.439,79.031,77.498,85.987,87.2,68.402,63.196,60.616,77.273,80.196,768.908,543.698,455.014,345.068,221.126,3455.905,3228.784,2842.671,597.276,227.348,3.171,2.904,2.88,3.431,3.492,0.241,0.323,0.384,0.091,0.068,0.695,0.993,1.253,0.12,0.067,1.8,1.8,1.8,0.001,0,0,0,0,0,0,0,0,0,0,0,0,0,0,0,0,24,21.093,19.796,29.227,31.02,2.9,2.9,2.889,0.012,0,0,0,0,0,0,0,0,0,0,0,0,0,0,0,0,0,0,0,0,0,19.106,1.651,0.937,18.615,17.328,9.095,0.184,0.115,8.981,8.911,0.35,0,0,0.35,0.35,232.746,334.319,385.445,-103.733,-88.935,2.245,2.245,2.245,0,0,0.877,0.877,0.877,0,0,0.5747,0.5006,3168.177908,69,0.02177908
LVA,1992,Ver,9.994,14.255,17.306,3.954,2.141,3.758,6.972,9.431,-0.637,-1.947,7.043,10.783,13.601,1.711,0.232,78.385,73.936,71.58,85.544,87.122,64.951,57.628,54.562,75.398,79.234,686.898,445.718,335.257,362.575,258.904,3630.49,3397.824,2997.49,644.219,227.427,3.28,3.097,3.033,3.616,3.812,0.319,0.44,0.539,0.104,0.076,2.21,3.27,4.304,0.132,0.072,39.719,39.719,39.704,0,0,2.997,2.997,2.997,0,0,0,0,0,0,0,0,0,0,0,0,23.306,19.36,17.71,27.494,29.704,33.876,33.876,33.867,0.009,0,1.885,1.885,1.885,0,0,0,0,0,0,0,0,0,0,0,0,0,0,0,0,0,66.936,64.55,64.465,0.771,0.749,39.612,39.435,39.435,0.047,0.047,10.833,10.833,10.833,0,0,-2640.867,-2600.694,-2580.211,-76.958,-34.525,27.126,27.126,27.126,0,0,58.374,58.374,58.374,0,0,0.5747,0.5006,3172.467908,8412,2.651563465
LVA,1993,Cal,8.642,13.105,15.809,1.992,1.017,2.561,5.966,8.163,-2.496,-2.886,5.751,9.701,12.187,-0.146,-0.808,78.614,76.89,74.728,84.628,85.822,65.531,61.432,58.235,74.92,77.751,792.799,574.589,461.414,355.761,251.868,3553.704,3282.744,2876.336,652.188,250.926,3.334,3.051,2.896,3.684,3.888,0.259,0.343,0.415,0.097,0.08,1.077,1.498,1.925,0.126,0.098,9.943,9.943,9.942,0.015,0,0.375,0.375,0.375,0,0,0,0,0,0,0,0,0,0,0,0,24.044,20.997,19.209,29.786,31.243,18.188,16.848,16.848,0.03,0.03,1.716,1.716,1.716,0,0,0,0,0,0,0,0,0,0,0,0,0,0,0,0,0,54.764,19.581,19.142,10.156,9.661,33.132,8.257,8.236,2.426,2.405,15.61,2.703,2.703,0.085,0.085,-786.936,-514.035,-476.867,-92.598,-70.626,14.476,14.455,14.45,0,0,15.932,15.932,15.932,0,0,0.5747,0.5006,3176.757908,570,0.179428215
LVA,1994,Cal,9.165,14.078,17.225,0.136,-2.268,2.83,6.758,9.25,-4.62,-6.65,6.186,10.614,13.508,-2.117,-4.308,79.087,75.676,73.951,83.201,83.733,65.964,59.52,56.827,74.411,77.01,780.791,560.258,425.164,311.214,168.834,3605.517,3336.421,2929.856,694.552,284.636,3.243,3.182,2.975,3.488,3.361,0.289,0.398,0.484,0.091,0.069,1.717,2.533,3.315,0.177,0.159,24.5,24.5,24.5,0.001,0,3.017,3.017,3.017,0,0,0,0,0,0,0,0,0,0,0,0,24.271,20.599,18.184,30.36,31.55,21.431,20.556,20.556,1.31,1.31,1.635,1.633,1.633,0,0,0,0,0,0,0,0,0,0,0,0,0,0,0,0,0,33.757,31.437,30.916,28.841,28.834,19.879,19.773,19.773,22.708,22.708,9.863,9.863,9.863,12.822,12.822,-1255.616,-1214.905,-1211.537,-263.04,-240.55,29.192,29.192,29.192,0.026,0.021,27.529,27.529,27.529,0,0,0.5747,0.5006,3181.047908,26,0.008173407
LVA,1995,Ver,9.767,14.867,17.311,2.633,0.895,3.413,7.597,9.313,-1.657,-3.04,6.75,11.387,13.518,0.541,-0.949,78.79,76.334,74.496,83.269,85.076,65.194,60.168,57.262,73.727,77.194,740.171,538.468,407.656,397.095,268.273,3611.417,3350.472,2972.905,617.757,244.838,3.327,3.21,3.026,3.784,3.807,0.287,0.389,0.466,0.107,0.081,1.215,1.764,2.268,0.136,0.068,10.976,10.976,10.976,0,0,0.035,0.035,0.035,0,0,0,0,0,0,0,0,0,0,0,0,23.623,19.906,18.97,28.213,31.006,12.235,12.235,10.365,2.744,0.875,0.206,0.206,0.193,0.015,0.002,0,0,0,0,0,0,0,0,0,0,0,0,0,0,0,53.684,20.45,17.578,6.158,2.813,24.898,5.023,4.119,1.236,0.333,4.822,0.018,0.017,0.001,0,-1198.717,-976.296,-920.599,-76.333,-45.201,3.957,3.957,3.957,0,0,8.626,8.626,8.626,0,0,0.5747,0.5006,3185.337908,535,0.167957063
LVA,1996,Cal,8.227,13.609,16.516,-0.691,-3.929,1.715,6.086,8.367,-5.868,-8.643,5.115,9.991,12.615,-3.121,-6.091,79.824,76.876,74.433,83.474,83.778,67.189,61.188,57.749,74.097,76.732,618.798,417.602,334.554,221.216,142.702,3707.951,3427.37,2983.041,767.283,292.592,3.064,2.975,2.988,3.144,3.071,0.263,0.362,0.444,0.089,0.064,1.4,2.066,2.668,0.165,0.095,13.423,13.423,13.423,0,0,2.345,2.345,2.345,0,0,0,0,0,0,0,0,0,0,0,0,24.83,21.336,18.767,30.56,32.05,11.315,11.315,11.315,0,0,1.901,1.901,1.901,0,0,0,0,0,0,0,0,0,0,0,0,0,0,0,0,0,59.429,39.547,31.779,42.862,40.953,23.338,14.727,13.494,25.895,25.632,4.576,2.738,2.681,6.648,6.642,-1597.038,-1475.254,-1212.655,-347.714,-267.724,8.732,8.732,8.732,0,0,11.387,11.387,11.387,0,0,0.5747,0.5006,3193.967908,927,0.290234601
LVA,1997,Cal,9.26,13.81,16.697,2.482,0.265,2.911,6.541,8.93,-2.532,-4.416,6.276,10.343,13.034,0.133,-1.832,78.754,75.023,73.436,83.785,86.076,65.507,58.562,56.34,74.3,78.891,800.488,588.316,440.413,314.528,217.393,3677.402,3430.437,3017.468,668.512,256.506,3.269,3.141,3.062,3.628,3.796,0.283,0.388,0.471,0.103,0.074,1.461,2.152,2.799,0.17,0.049,18.231,18.231,18.231,0,0,3.202,3.202,3.202,0,0,0.001,0.001,0.001,0,0,0,0,0,0,0,24.528,20.604,18.611,29.429,31.863,16.2,16.2,16.081,0.119,0,0.143,0.143,0.143,0,0,0,0,0,0,0,0,0,0,0,0,0,0,0,0,0,43.33,36.212,21.777,37.075,16.781,26.481,21.441,12.326,17.646,7.562,6.885,5.966,2.341,4.595,0.919,-1062.387,-997.485,-871.04,-462.43,-98.39,12.354,12.354,12.34,0.013,0,17.994,17.994,17.994,0,0,0.5747,0.5006,3202.597908,448,0.139886434
LVA,1998,Ver,8.891,13.617,16.323,2.082,0.696,2.83,6.756,9.215,-2.666,-3.375,5.993,10.294,12.921,-0.178,-1.175,80.219,77.429,77.644,85.011,87.708,67.384,61.978,62.068,75.648,80.981,905.846,694.88,578.645,393.617,244.746,3416.548,3168.946,2710.726,643.355,221.873,3.221,3.14,3.039,3.195,3.294,0.237,0.321,0.371,0.089,0.064,0.554,0.795,0.881,0.077,0.041,0.166,0.166,0.165,0,0,0,0,0,0,0,0,0,0,0,0,0,0,0,0,0,25.947,22.659,21.078,31.125,31.944,9.209,9.206,9.145,0.058,0.003,0.266,0.266,0.266,0,0,0,0,0,0,0,0,0,0,0,0,0,0,0,0,0,24.05,5.587,0.013,5.818,0.599,7.816,0.917,0,0.913,0,1.287,0.036,0,0.036,0,1116.47,1234.065,1361.601,-65.546,-23.539,0.409,0.409,0.371,0.007,0,0,0,0,0,0,0.5747,0.5006,3211.227908,211,0.065706953
LVA,1999,Cal,10.299,15.278,18.233,0.811,-2.098,3.746,7.696,9.951,-4.379,-6.939,7.197,11.68,14.372,-1.726,-4.39,78.067,74.448,71.532,84.294,85.479,64.626,58.097,53.919,74.931,78.263,706.43,453.81,327.331,340.93,228.725,3693.322,3443.905,3036.375,701.885,265.011,3.136,2.899,2.79,3.261,3.172,0.323,0.443,0.544,0.092,0.06,1.942,2.834,3.736,0.206,0.052,23.203,23.203,23.203,0.001,0,0.82,0.82,0.82,0,0,0,0,0,0,0,0,0,0,0,0,23.417,19.496,16.698,31.086,33.119,29.381,29.381,29.236,0.15,0,1.752,1.752,1.752,0,0,0,0,0,0,0,0,0,0,0,0,0,0,0,0,0,53.417,37.35,37.2,18.785,18.339,24.789,16.482,16.469,6.904,6.899,5.283,3.096,3.096,1.251,1.251,-2716.489,-2596.113,-2597.538,-187.146,-117.266,8.223,8.223,8.223,0.032,0,20.478,20.478,20.478,0,0,0.5747,0.5006,3219.857908,1544,0.479524266
LVA,2000,Cal,10.413,14.486,16.787,2.813,1.066,4.344,7.155,8.884,-1.53,-2.904,7.514,10.965,13.031,0.754,-0.755,79.561,75.893,74.504,83.324,84.581,66.393,59.795,57.471,73.428,76.307,702.505,507.86,395.223,359.077,194.133,3551.78,3320.301,2890.337,657.323,260.131,3.166,3.029,2.793,3.766,3.818,0.271,0.365,0.427,0.112,0.09,1.499,2.204,2.449,0.161,0.152,11.589,11.589,10.369,0,0,0.564,0.564,0.551,0,0,0,0,0,0,0,0,0,0,0,0,23.616,20.072,18.103,30.266,31.584,20.918,20.918,20.911,0.007,0,0.6,0.6,0.6,0,0,0,0,0,0,0,0,0,0,0,0,0,0,0,0,0,59.542,50.767,23.536,23.099,22.952,33.53,32.497,10.924,9.147,9.134,13.228,13.182,3.958,2.187,2.187,-1562.929,-1487.267,-827.257,-168.852,-166.893,21.604,21.604,20.321,0,0,10.19,10.19,10.19,0,0,0.5747,0.5006,3228.487908,1316,0.407621164
LVA,2001,Ver,9.549,14.629,17.397,3.477,1.595,3.235,7.569,9.805,-0.911,-1.954,6.534,11.241,13.783,1.355,-0.08,79.843,77.336,76.596,83.943,87.068,66.663,61.507,59.793,74.827,80.099,821.125,591.72,486.715,279.722,204.216,3562.435,3300.397,2891.239,676.672,231.868,3.041,2.893,2.831,3.2,3.183,0.263,0.355,0.423,0.113,0.074,0.686,0.991,1.222,0.563,0.062,0.263,0.263,0.263,1.221,0,0,0,0,0.013,0,0,0,0,0,0,0,0,0,0,0,25.165,21.27,19.527,28.554,30.639,3.841,3.841,2.231,1.61,0,0.097,0.097,0,0.097,0,0,0,0,0,0,0,0,0,0,0,0,0,0,0,0,18.107,6.806,1.815,38.742,6.673,1.708,0.417,0.074,22.94,1.024,0.002,0,0,9.272,0.048,72.118,165.27,263.007,-796.987,-66.493,1.441,1.441,1.438,1.285,0,0.016,0.016,0.016,0,0,0.5747,0.5006,3228.57,270,0.083628356
LVA,2002,Cal,10.325,15.534,19.051,2.92,0.296,3.643,7.687,10.483,-2.193,-4.59,7.134,11.782,15.013,0.438,-1.996,75.625,71.237,68.085,84.638,85.946,61.9,54.427,50.308,75.118,78.296,678.804,424.807,297.782,416.463,293.64,3926.864,3679.814,3256.796,657.855,249.964,3.183,2.961,2.773,3.754,3.879,0.37,0.516,0.639,0.103,0.075,3.145,4.651,6.094,0.119,0.048,53.361,53.361,53.361,0,0,12.234,12.234,12.234,0,0,0,0,0,0,0,0,0,0,0,0,22.306,17.924,15.716,29.887,32.622,47.753,46.61,45.843,0.712,0.014,2.337,2.265,2.265,0,0,0,0,0,0,0,0,0,0,0,0,0,0,0,0,0,132.39,101.148,86.897,7.508,7.351,96.072,69.231,59.905,0.495,0.495,47.493,38.745,35.106,0,0,-4709.04,-4495.983,-4079.865,-96.038,-55.688,45.847,45.847,45.844,0,0,57.41,57.41,57.41,0,0,0.5747,0.5006,3228.86,2364,0.73214695
LVA,2003,Cal,9.363,13.885,16.821,-0.219,-2.528,3.025,6.571,9.155,-5.507,-7.304,6.334,10.379,13.189,-2.794,-4.793,80.283,76.679,75.456,82.546,84.065,67.058,60.417,58.483,73.226,77.303,710.925,524.496,443.303,250.794,156.829,3609.124,3371.848,2917.681,715.937,254.38,3.145,3.063,3.028,3.214,3.189,0.261,0.358,0.428,0.093,0.065,1.117,1.629,2.055,0.256,0.085,7.631,7.631,7.631,0,0,0.111,0.111,0.111,0,0,0,0,0,0,0,0,0,0,0,0,24.496,21.009,19.296,30.186,31.886,9.78,9.771,8.86,2.108,1.129,0.159,0.159,0.159,0.072,0.072,0,0,0,0,0,0,0,0,0,0,0,0,0,0,0,29.424,16.322,5.16,68.617,43.252,16.676,8.747,1.355,51.466,34.747,5.565,1.71,0.005,17.947,12.604,-612.816,-499.105,-384.839,-785.164,-304.61,4.844,4.844,4.843,0.004,0,5.914,5.914,5.914,0,0,0.5747,0.5006,3229.15,648,0.200672003
LVA,2004,Ver,9.249,14.035,16.609,1.843,0.105,3.064,6.995,9.032,-2.651,-3.864,6.323,10.659,13.005,-0.269,-1.719,80.198,76.748,74.035,86.121,87.04,67.147,60.773,56.906,76.585,79.375,772.48,580.191,439.026,320.178,204.692,3572.227,3312.15,2936.848,616.647,242.307,3.097,3.048,3.001,3.166,3.174,0.257,0.352,0.426,0.085,0.066,0.875,1.276,1.644,0.099,0.081,4.249,4.249,4.249,0,0,0.158,0.158,0.158,0,0,0,0,0,0,0,0,0,0,0,0,24.517,20.676,18.698,29.424,31.214,22.898,22.898,22.7,0.207,0.01,1.775,1.775,1.775,0,0,0,0,0,0,0,0,0,0,0,0,0,0,0,0,0,22.552,13.738,11.417,11.398,9.072,5.493,3.688,2.518,2.975,1.805,0.815,0.797,0.497,0.318,0.018,-601.372,-533.023,-505.217,-126.255,-76.353,4.906,4.906,4.906,0,0,1.765,1.765,1.765,0,0,0.5747,0.5006,3229.44,485,0.150180836
LVA,2005,Cal,9.379,13.987,17.193,1.508,0.348,2.863,6.183,9.15,-3.535,-4.015,6.302,10.314,13.441,-0.875,-1.71,79.426,76.216,74.712,85.341,86.915,65.805,59.557,56.979,76.195,79.534,681.395,504.52,433.99,310.09,188.827,3742.243,3467.474,2986.381,717.857,278.861,3.1,2.911,2.841,3.344,3.447,0.277,0.375,0.452,0.09,0.072,1.271,1.838,2.18,0.115,0.067,6.191,6.191,6.137,0,0,0.003,0.003,0.003,0,0,0,0,0,0,0,0,0,0,0,0,24.016,20.702,18.609,30.341,31.155,11.395,11.04,11.04,0,0,0.087,0.087,0.087,0,0,0,0,0,0,0,0,0,0,0,0,0,0,0,0,0,55.938,39.233,14.391,13.637,8.113,21.719,16.265,2.002,3.603,1.286,5.918,5.129,0.224,0.282,0.016,-1387.323,-1254.081,-729.968,-107.877,-62.924,2.675,2.675,2.651,0,0,3.288,3.288,3.288,0,0,0.5747,0.5006,3229.73,120,0.037154809
LVA,2006,Cal,10.279,15.144,18.384,0.72,-1.604,3.7,7.355,9.955,-4.233,-5.618,7.171,11.449,14.406,-1.665,-3.477,78.44,74.121,70.991,84.523,86.165,65.043,57.466,53.069,75.373,79.582,614.061,449.305,329.911,219.195,143.054,3819.807,3560.399,3126.528,754.671,267.873,3.072,2.933,2.832,3.147,3.17,0.33,0.46,0.57,0.094,0.066,2.551,3.764,4.976,0.346,0.106,44.58,44.58,44.58,0.054,0,7.912,7.912,7.912,0,0,0.007,0.007,0.007,0,0,0,0,0,0,0,23.569,19.949,16.764,30.476,32.331,44.156,44.156,44.156,0.355,0.355,9.01,9.01,9.01,0,0,0.033,0.033,0.033,0,0,0,0,0,0,0,0,0,0,0,0,71.527,56.04,55.301,43.486,23.908,43.137,35.717,35.599,23.621,11.588,16.318,15.661,15.642,6.088,1.43,-2838.104,-2729.852,-2660.331,-678.201,-178.226,34.033,34.033,34.033,0.024,0,41.437,41.437,41.437,0,0,0.5747,0.5006,3230.02,3368,1.042718002
LVA,2007,Ver,10.357,15.288,17.486,4.573,1.831,4.005,7.956,9.655,-0.503,-2.793,7.332,11.77,13.774,2.122,-0.332,79.769,76.513,74.097,85.617,86.798,66.56,60.471,57.256,76.015,79.215,803.885,558.425,442.112,369.424,250.671,3678.601,3410.948,3001.069,681.396,272.507,3.264,3.114,3.131,3.561,3.717,0.287,0.393,0.469,0.111,0.073,1.072,1.57,1.988,0.162,0.055,7.995,7.995,7.995,0,0,0,0,0,0,0,0,0,0,0,0,0,0,0,0,0,23.702,20.128,18.876,27.869,29.978,14.399,14.36,13.175,1.224,0.039,0.77,0.77,0.77,0,0,0,0,0,0,0,0,0,0,0,0,0,0,0,0,0,36.877,27.954,20.803,15.365,8.287,21.552,20.458,16.566,5.017,1.094,4.481,4.472,4.096,0.386,0.009,-722.548,-654.732,-566.67,-203.494,-63.915,5.557,5.557,5.548,0.01,0,2.092,2.092,2.092,0,0,0.5747,0.5006,3230.31,271,0.083892877
LVA,2008,Cal,10.416,14.459,16.892,3.587,2.034,4.656,7.48,9.231,-0.097,-1.036,7.696,11.161,13.306,1.821,0.594,79.251,75.65,73.062,85.708,86.698,65.991,59.928,56.37,76.005,78.544,829.267,597.542,421.515,392.513,228.786,3534.284,3297.606,2913.509,599.704,220.928,3.388,3.141,2.951,3.664,3.884,0.286,0.386,0.464,0.1,0.08,1.411,2.069,2.697,0.104,0.086,17.199,17.199,17.199,0,0,2.132,2.132,2.132,0,0,0,0,0,0,0,0,0,0,0,0,23.651,20.407,18.503,29.005,30.281,22.552,22.373,22.361,0.191,0.179,3.042,3.042,3.042,0,0,0,0,0,0,0,0,0,0,0,0,0,0,0,0,0,20.522,14.815,14.815,7.024,6.472,9.99,9.284,9.284,0.706,0.706,3.993,3.992,3.992,0,0,-1032.332,-985.311,-972.246,-53.759,-49.957,14.649,14.649,14.649,0,0,14.057,14.057,14.057,0,0,0.5747,0.5006,3230.6,364,0.112672569
LVA,2009,Cal,9.297,13.913,17.12,2.567,0.633,3.307,6.815,9.307,-1.703,-3.278,6.47,10.555,13.442,0.561,-1.171,79.898,76.665,73.853,86.443,87.428,66.983,60.693,56.625,77.715,80.444,823.907,581.613,404.956,358.085,209.801,3574.239,3347.08,2976.125,621.506,243.497,3.033,3.025,2.998,3.287,3.233,0.266,0.365,0.45,0.093,0.07,1.184,1.738,2.308,0.108,0.056,8.31,8.31,8.31,0,0,0,0,0,0,0,0,0,0,0,0,0,0,0,0,0,24.54,21.133,18.117,30.835,31.835,17.262,17.202,17.202,0.001,0.001,2.495,2.495,2.495,0,0,0,0,0,0,0,0,0,0,0,0,0,0,0,0,0,21.905,18.247,18.247,2.245,2.245,3.616,3.263,3.263,0.341,0.341,0,0,0,0,0,-697.001,-641.082,-674.163,-59.209,-47.434,14.934,14.934,14.934,0,0,3.545,3.545,3.545,0,0,0.5747,0.5006,3230.066806,646,0.199995863
LVA,2010,Ver,8.703,14.865,18.308,-0.363,-2.847,2.423,7.59,10.653,-4.716,-6.645,5.71,11.372,14.651,-2.442,-4.639,81.324,78.866,77.183,85.553,85.698,68.75,62.97,60.562,77.259,79.644,860.576,621.517,516.139,390.396,218.843,3582.982,3327.781,2883.927,645.819,245.311,2.991,2.976,2.844,3.141,2.99,0.267,0.371,0.454,0.077,0.058,0.715,1.047,1.283,0.057,0.056,2.734,2.734,2.732,0,0,0.015,0.015,0.015,0,0,0,0,0,0,0,0,0,0,0,0,25.572,21.643,19.787,30.786,31.581,7.059,7.059,7.059,0.059,0.059,0.138,0.138,0.138,0,0,0,0,0,0,0,0,0,0,0,0,0,0,0,0,0,2.31,1.531,1.527,1.856,1.856,0.138,0.086,0.086,0.064,0.064,0,0,0,0,0,501.852,526.863,589.072,10.791,-29.376,1.377,1.377,1.367,0,0,1.195,1.195,1.195,0,0,0.5747,0.5006,3228.356806,317,0.098192368
LVA,2011,Cal,10.167,15.085,18.214,-0.095,-2.507,4.007,7.796,10.383,-4.974,-6.742,7.238,11.634,14.516,-2.412,-4.504,80.346,76.952,75.336,85.054,87.049,67.155,61.015,58.21,76.31,80.834,710.861,502.161,425.879,355.592,276.084,3724.074,3446.708,2977.527,768.002,279.639,3.328,3.162,2.98,3.423,3.329,0.285,0.391,0.473,0.083,0.054,1.125,1.603,2.034,0.171,0.031,7.441,7.441,7.441,0.002,0,0.418,0.418,0.418,0,0,0,0,0,0,0,0,0,0,0,0,24.099,21.249,19.004,31.647,33.594,16.541,16.541,16.541,0,0,0.701,0.701,0.701,0,0,0,0,0,0,0,0,0,0,0,0,0,0,0,0,0,26.419,9.54,7.678,2.006,0.382,9.492,1.827,1.744,0.083,0,1.152,0.018,0.017,0.001,0,-754.352,-647.578,-579.235,-135.068,-13.863,12.691,12.691,12.686,0.01,0,5.803,5.803,5.803,0,0,0.5747,0.5006,3226.646806,121.883,0.03777389
LVA,2012,Cal,8.939,14.299,16.969,2.232,-0.132,2.819,7.264,9.43,-2.363,-4.217,6.035,10.957,13.425,0.011,-2.074,80.674,77.673,75.336,85.582,86.923,68.329,62.369,59.292,76.164,79.357,925.152,636.136,495.409,338.244,235.875,3560.492,3294.018,2899.148,676.428,269.04,3.194,3.103,3.035,3.552,3.568,0.253,0.348,0.422,0.096,0.07,0.546,0.791,1.017,0.195,0.148,0.525,0.525,0.525,0,0,0,0,0,0,0,0,0,0,0,0,0,0,0,0,0,25.772,22.448,20.407,28.568,29.647,4.858,4.858,4.858,0,0,0.125,0.125,0.125,0,0,0,0,0,0,0,0,0,0,0,0,0,0,0,0,0,9.119,0.127,0.028,25.432,25.092,2.648,0,0,10.313,10.313,0.099,0,0,1.233,1.233,1001.863,1066.838,1045.311,-178.449,-160.777,0.316,0.316,0.316,0.005,0.001,0.032,0.032,0.032,0,0,0.5747,0.5006,3224.936806,90.27,0.027991246
LVA,2013,Ver,9.91,14.33,17.845,0.444,-1.065,3.569,6.808,10.023,-4.373,-5.001,6.921,10.765,14.14,-1.863,-2.926,80.72,77.15,76.229,85.569,87.79,67.369,60.809,59.095,76.747,81.479,679.764,473.375,417.218,348.971,243.602,3716.315,3462.969,2988.923,734.448,255.441,3.019,2.894,2.788,3.109,3.154,0.275,0.376,0.457,0.081,0.06,1.038,1.522,1.92,0.084,0.041,3.413,3.413,3.413,0,0,0,0,0,0,0,0,0,0,0,0,0,0,0,0,0,24.796,21.787,19.746,31.811,32.79,5.666,5.666,5.666,0,0,0.058,0.058,0.058,0,0,0,0,0,0,0,0,0,0,0,0,0,0,0,0,0,13.673,13.402,4.954,9.204,1.046,2.435,2.435,0.253,2.16,0,0.57,0.57,0.033,0.538,0,-516.383,-502.578,-338.937,-116.374,-21.634,0.745,0.745,0.669,0.076,0,1.067,1.067,1.067,0,0,0.5747,0.5006,3223.226806,216.8,0.067261789
LVA,2014,Cal,10.426,15.369,17.915,4.023,1.666,4.329,7.987,10.066,-0.325,-1.859,7.441,11.771,14.134,1.874,-0.051,78.435,75.274,74.219,83.707,85.391,65.331,59.184,57.188,73.83,77.637,777.57,602.091,465.314,297.894,206.84,3678.252,3437.594,3012.059,650.753,232.002,3.057,2.962,2.829,3.479,3.522,0.299,0.409,0.483,0.117,0.082,1.222,1.752,2.12,0.247,0.109,6.39,6.39,6.379,0,0,0.079,0.079,0.079,0,0,0,0,0,0,0,0,0,0,0,0,22.513,19.29,18.855,26.125,28.91,21.582,21.397,20.091,1.45,0.185,1.941,1.941,1.941,0,0,0,0,0,0,0,0,0,0,0,0,0,0,0,0,0,50.116,20.975,8.442,27.357,18.356,19.056,5.715,0.715,15.345,10.689,4.222,1.502,0,4.163,2.661,-889.284,-692.922,-499.915,-236.445,-113.418,7.608,7.608,7.599,0,0,2.281,2.281,2.281,0,0,0.5747,0.5006,3226.58,645.746,0.200133268
LVA,2015,Cal,10.824,14.671,17.096,3.62,1.477,4.656,7.236,9.288,-0.745,-2.117,7.842,11.079,13.395,1.469,-0.261,79.598,75.623,74.647,83.979,87.177,65.787,58.875,57.287,74.741,79.933,689.61,469.748,416.115,319.876,190.621,3677.215,3443.608,3014.774,622.41,233.833,3.246,3.029,3.008,3.412,3.403,0.288,0.39,0.457,0.114,0.074,1.347,1.934,2.205,0.288,0.112,11.122,11.122,11.119,0.011,0,0.082,0.082,0.082,0,0,0,0,0,0,0,0,0,0,0,0,22.198,18.875,18.733,26.889,29.937,12.991,12.735,10.254,2.777,0.256,0.158,0.155,0.155,0.003,0.003,0,0,0,0,0,0,0,0,0,0,0,0,0,0,0,51.938,41.598,10.723,27.086,11.77,27.057,18.606,0.99,10.26,2.657,9.932,3.219,0.014,1.813,0.058,-1221.243,-1058.266,-533.418,-339.92,-106.611,6.686,6.679,6.591,0.01,0,5.293,5.293,5.293,0,0,0.5747,0.5006,3231.11,436.9822,0.13524213
LVA,2016,Ver,9.979,14.843,18.082,3.178,1.663,3.862,7.645,10.157,-1.408,-2.138,7.068,11.398,14.343,0.916,-0.15,80.424,76.768,75.281,85.094,87.588,67.465,60.975,58.134,75.307,80.088,824.268,576.513,472.418,290.114,244.826,3594.061,3354.985,2972.978,672.403,243.345,3.108,2.953,2.86,3.249,3.562,0.277,0.382,0.461,0.105,0.076,1.215,1.798,2.258,0.425,0.124,12.004,12.004,11.918,0.003,0,0.409,0.409,0.409,0,0,0,0,0,0,0,0,0,0,0,0,24.232,20.375,18.799,26.895,29.092,16.14,16.14,15.12,1.02,0,1.413,1.413,1.41,0.003,0,0,0,0,0,0,0,0,0,0,0,0,0,0,0,0,45.404,24.027,17.575,52.603,30.732,21.692,7.379,6.759,33.276,22.758,4.301,2.001,1.97,10.464,9.013,-590.189,-471.052,-267.138,-721.361,-258.199,14.399,14.399,14.395,0.094,0.007,10.582,10.582,10.582,0,0,0.5747,0.5006,3235.64,412.4599,0.127473977
LVA,2017,Cal,9.676,13.791,16.181,2.312,0.506,3.727,6.87,8.672,-2.07,-3.619,6.83,10.468,12.621,0.215,-1.394,81.214,77.649,75.421,85.794,87.582,68.211,61.774,58.7,76.498,80.225,897.544,686.031,527.267,332.594,200.891,3510.356,3278.635,2912.939,610.33,233.885,3.187,3.13,3.039,3.41,3.362,0.244,0.333,0.4,0.092,0.064,0.642,0.929,1.179,0.174,0.064,0.23,0.23,0.23,0.086,0,0,0,0,0,0,0,0,0,0,0,0,0,0,0,0,24.683,21.244,19.533,30.138,32.997,8.313,8.313,7.932,0.381,0,0.069,0.069,0.069,0,0,0,0,0,0,0,0,0,0,0,0,0,0,0,0,0,13.844,0.066,0.052,17.754,13.778,5.725,0,0,6.206,5.725,1.601,0,0,1.632,1.601,127.149,206.776,214.397,-255.034,-89.768,1.479,1.479,1.476,0.005,0,0.233,0.233,0.233,0,0,0.5747,0.5006,3240.17,265,0.081785832
LVA,2018,Cal,10.882,16.273,19.774,1.986,0.611,4.425,8.303,11.303,-2.322,-2.979,7.79,12.453,15.765,-0.121,-1.12,76.823,72.338,70.212,85.102,87.644,63.473,55.935,52.895,76.075,80.369,561.012,402.573,316.323,334.902,215.688,3892.354,3642.572,3194.108,655.672,252.571,3.033,3.096,3.03,3.245,3.172,0.364,0.507,0.622,0.089,0.065,2.387,3.497,4.536,0.12,0.055,33.742,33.742,33.742,0,0,3.033,3.033,3.033,0,0,0.015,0.015,0.015,0,0,0,0,0,0,0,22.867,19.365,16.509,30.287,30.545,32.29,31.704,31.411,0.293,0,4.008,4.008,3.801,0.207,0,0,0,0,0,0,0,0,0,0,0,0,0,0,0,0,89.342,67.919,53.048,21.457,12.228,35.62,31.197,26.726,5.474,2.165,12.644,12.551,11.76,0.355,0,-3528.274,-3378.738,-3110.396,-156.821,-65.58,23.853,23.853,23.848,0.006,0,36.398,36.398,36.398,0,0,0.5747,0.5006,3244.7,2863.9,0.882639381
LVA,2019,Ver,11.148,15.553,18.147,3.349,0.864,4.695,7.879,9.835,-1.315,-2.963,8.13,11.946,14.265,1.122,-0.887,77.947,73.2,69.991,85.395,87.36,64.618,56.731,52.713,76.059,80.613,766.692,513.781,368.43,316.52,185.012,3756.652,3521.439,3128.487,666.056,244.926,3.272,3.104,2.915,3.394,3.221,0.33,0.455,0.557,0.106,0.072,1.841,2.704,3.57,0.198,0.1,21.497,21.497,21.497,0,0,0.146,0.146,0.146,0,0,0,0,0,0,0,0,0,0,0,0,22.354,18.676,16.894,28.242,30.963,37.365,37.286,36.661,1.291,0.666,5.937,5.937,5.937,0,0,0,0,0,0,0,0,0,0,0,0,0,0,0,0,0,64.422,58.306,57.872,16.623,10.548,30.444,30.302,30.27,3.493,2.3,10.643,10.643,10.643,0.528,0.093,-2311.737,-2276.142,-2279.927,-279.933,-92.506,16.74,16.74,16.74,0.001,0,18.772,18.772,18.772,0,0,0.5747,0.5006,3253.46,822,0.252654097
LVA,2020,Cal,11.515,15.28,17.438,5.583,4.219,5.746,8.256,9.805,1.455,0.932,8.735,11.9,13.804,3.554,2.617,78.55,74.508,73.257,84.477,87.235,64.713,58.079,55.947,74.032,78.719,745.321,547.868,402.84,382.625,249.026,3640.171,3412.596,2995.184,644.259,218.472,3.464,3.221,3.147,3.736,3.923,0.306,0.409,0.477,0.123,0.092,1.231,1.754,2.19,0.17,0.128,8.951,8.951,8.896,0,0,0.001,0.001,0.001,0,0,0,0,0,0,0,0,0,0,0,0,21.024,19.082,18.347,23.406,24.788,24.785,24.739,17.721,7.064,0.046,1.106,1.106,0.443,0.663,0,0,0,0,0,0,0,0,0,0,0,0,0,0,0,0,29.424,20.52,12.782,9.831,4.963,5.613,4.095,2.183,1.9,0.101,0.035,0.032,0.026,0.006,0,-1113.141,-1044.669,-832.313,-85.228,-34.564,2.431,2.431,2.387,0.007,0,1.071,1.071,1.071,0,0,0.5747,0.5006,3262.22,309.03,0.094729969
LVA,2021,Cal,9.81,14.966,17.517,3.102,0.541,3.647,7.947,10.149,-1.166,-3.207,6.879,11.61,14.043,1.065,-1.207,78.752,74.975,73.7,84.754,86.647,65.815,59.229,57.418,75.518,79.806,788.247,578.209,483.395,297.504,163.525,3649.89,3384.613,2950.126,645.763,254.747,3.27,3.268,3.105,3.419,3.382,0.306,0.424,0.504,0.11,0.075,1.427,2.1,2.532,0.214,0.121,15.537,15.537,15.383,0.055,0,0.322,0.322,0.322,0,0,0,0,0,0,0,0,0,0,0,0,24.159,20.144,18.761,28.779,30.055,15.349,15.349,15.106,0.243,0,0.591,0.591,0.586,0.006,0,0,0,0,0,0,0,0,0,0,0,0,0,0,0,0,28.577,25.644,18.147,16.987,11.057,6.255,6.048,4.878,2.354,1.72,0.524,0.517,0.517,0.009,0.009,-845.386,-799.508,-587.779,-256.929,-87.607,4.303,4.303,4.268,0.037,0,11.211,11.211,11.211,0,0,0.5747,0.5006,3270.98,505,0.154387982
LVA,2022,Ver,10.248,14.783,17.123,3.413,1.23,3.89,7.263,9.292,-1.869,-3.144,7.216,11.172,13.426,0.843,-0.799,78.446,74.153,72.898,82.609,86.472,64.892,57.379,55.301,72.347,78.571,745.03,477.067,407.299,351.111,294.617,3766.215,3519.519,3037.155,780.2,254.607,3.125,2.932,2.879,3.593,3.737,0.3,0.411,0.486,0.123,0.076,1.36,2,2.485,0.382,0.051,8.971,8.971,8.971,0.153,0,0.112,0.112,0.112,0,0,0,0,0,0,0,0,0,0,0,0,23.53,18.924,17.451,29.092,32.547,20.57,20.57,18.05,2.52,0,0.866,0.866,0.555,0.311,0,0,0,0,0,0,0,0,0,0,0,0,0,0,0,0,40.12,32.014,17.207,18.403,0.78,13.335,11.548,4.54,7.423,0.009,3.935,3.925,1.227,2.69,0,-1368.846,-1310.19,-1089.903,-326.78,-19.693,6.76,6.76,6.52,0.272,0,1.973,1.973,1.973,0,0,0.5747,0.5006,3279.74,229.47,0.069965912
LVA,2023,Cal,10.83,15.686,18.807,3.059,0.744,4.485,8.046,10.413,-1.283,-3.035,7.835,12.081,14.849,0.996,-1.023,77.651,72.655,69.644,86.009,87.631,64.52,56.356,52.101,77.512,81.331,844.019,553.779,358.226,383.008,256.973,3804.904,3570.874,3193.997,604.481,226.57,3.169,3.103,2.819,3.426,3.355,0.337,0.468,0.573,0.098,0.068,2.13,3.158,4.185,0.132,0.045,30.296,30.296,30.296,0,0,4.455,4.455,4.455,0,0,0,0,0,0,0,0,0,0,0,0,23.582,19.619,16.625,30.152,32.322,43.925,43.925,43.901,0.024,0,10.66,10.66,10.66,0,0,0,0,0,0,0,0,0,0,0,0,0,0,0,0,0,62.086,61.704,61.673,9.688,8.068,40.44,40.44,40.44,2.026,1.783,19.442,19.442,19.442,0.018,0.011,-2669.083,-2648.601,-2657.971,-154.374,-63.75,28.54,28.54,28.54,0.003,0,45.978,45.978,45.978,0,0,0.5747,0.5006,3288.5,637,0.193705337
LVA,2024,Cal,11.827,16.835,19.524,2.849,0.269,5.519,9.274,11.399,-1.637,-3.647,8.786,13.179,15.666,0.651,-1.603,78.953,75.382,73.58,84.837,87.104,65.456,58.919,56.205,76.044,80.331,721.648,498.825,431.633,417.481,260.237,3701.05,3487.2,3075.473,620.43,222.934,3.091,2.817,2.753,3.345,3.219,0.332,0.455,0.545,0.107,0.068,1.314,1.899,2.403,0.096,0.029,8.55,8.534,8.533,0,0,0.245,0.245,0.245,0,0,0,0,0,0,0,0,0,0,0,0,22.105,18.37,18.047,28.887,32.015,16.461,16.239,15.813,0.426,0,0.585,0.585,0.585,0,0,0,0,0,0,0,0,0,0,0,0,0,0,0,0,0,49.379,39.043,19.574,17.739,3.783,19.355,15.682,5.663,9.078,0.585,4.623,3.064,0.515,2.455,0.003,-1560.47,-1475.774,-1226.62,-139.82,-31.716,8.466,8.466,8.464,0,0,8.006,8.006,8.006,0,0,0.5747,0.5006,3293.07,63,0.019131084
NOR,1990,Cal,6.084,9.808,11.928,-0.061,-1.731,-0.014,3.008,4.662,-4.939,-6.337,3.164,6.567,8.496,-2.441,-3.962,81.135,77.94,75.961,85.956,86.887,68.314,62.163,58.939,77.123,79.655,1342.385,840.895,572.254,739.219,491.51,3228.719,3078.433,2731.424,498.829,146.473,2.372,2.318,2.19,2.509,2.467,0.203,0.274,0.328,0.078,0.061,0.749,1.108,1.436,0.102,0.046,8.679,8.679,8.676,0.033,0,0.226,0.226,0.226,0,0,0.001,0.001,0.001,0,0,0,0,0,0,0,27.352,24.186,22.7,31.716,32.854,24.659,24.659,23.828,1.308,0.22,6.677,6.677,6.669,0.005,0.001,0.131,0.131,0.131,0,0,0,0,0,0,0,0,0,0,0,0,33.052,30.961,26.214,11.087,7.072,16.778,15.764,13.34,3.532,1.666,5.09,4.997,4.19,0.748,0.121,-1213.796,-1186.541,-1115.299,-87.859,-37.563,7.78,7.78,7.756,0.054,0.001,0.988,0.988,0.988,0,0,0.7342,0.2912,12200.97008,936.0173873,0.076716637
NOR,1991,Cal,5.154,9.178,11.353,-1.233,-3.418,-0.915,2.521,4.14,-6.202,-8.306,2.245,6.004,7.951,-3.686,-5.826,81.661,79.472,76.89,85.87,85.614,69.028,64.102,59.929,77.585,78.697,1105.818,711.584,553.475,556.422,349.619,3229.68,3058.432,2736.952,497.401,174.939,2.184,2.114,2.141,2.26,2.286,0.183,0.246,0.3,0.069,0.056,0.736,1.081,1.422,0.057,0.035,8.488,8.488,8.488,0.003,0,0.367,0.367,0.367,0,0,0.001,0.001,0.001,0,0,0,0,0,0,0,27.902,24.898,23.118,32.575,33.983,20.346,20.328,20.051,0.122,0.01,4.533,4.533,4.526,0.011,0,0.097,0.097,0.097,0,0,0,0,0,0,0,0,0,0,0,0,33.337,32.304,30.135,6.479,2.997,18.895,18.572,18.435,3.403,1.335,5.503,5.489,5.482,0.897,0.106,-1122.179,-1108.512,-1088.59,-90.486,-32.278,7.491,7.491,7.491,0,0,3.341,3.341,3.341,0,0,0.7342,0.2912,12198.86412,1574.174949,0.129042748
NOR,1992,Ver,5.404,8.966,11.747,0.247,-1.136,-0.853,2.118,4.358,-4.815,-6.222,2.443,5.758,8.309,-2.223,-3.61,80.63,77.621,75.715,86.636,87.031,67.695,62.054,58.791,77.773,79.307,1244.24,735.844,568.73,662.05,487.429,3262.402,3101.043,2765.681,489.885,163.245,2.243,2.12,2.103,2.375,2.485,0.21,0.283,0.346,0.071,0.062,1.184,1.756,2.295,0.042,0.028,20.449,20.449,20.448,0.001,0,6.929,6.929,6.929,0,0,0.182,0.182,0.182,0,0,0.003,0.003,0.003,0,0,27.999,25.073,23.399,32.197,33.556,30.114,30.082,29.168,0.935,0.039,11.744,11.744,11.545,0.199,0,1.698,1.698,1.698,0,0,0,0,0,0,0,0,0,0,0,0,38.562,36.857,30.441,2.97,0.506,24.371,24.203,22.95,0.191,0.062,13.405,13.402,13.314,0.005,0.001,-1417.471,-1400.087,-1344.555,-37.715,-14.613,20.299,20.299,20.287,0,0,16.298,16.298,16.298,0,0,0.7342,0.2912,12196.75815,1444.578202,0.118439522
NOR,1993,Cal,4.437,8.291,10.64,-1.472,-2.36,-1.66,1.517,3.501,-6.657,-7.17,1.496,5.037,7.248,-3.996,-4.68,80.406,78.502,76.965,84.218,85.663,67.494,63.013,60.243,74.812,77.808,1101.445,703.257,497.186,652.691,502.233,3257.011,3096.743,2729.182,543.284,161.62,2.25,2.099,2.033,2.483,2.627,0.182,0.239,0.287,0.078,0.064,0.539,0.776,1.002,0.093,0.033,4.656,4.656,4.654,0,0,0.392,0.392,0.392,0,0,0.006,0.006,0.006,0,0,0,0,0,0,0,28.012,25.167,23.202,32.746,34.08,18.618,18.541,17.934,0.863,0.07,3.969,3.969,3.957,0.012,0,0.036,0.036,0.036,0,0,0,0,0,0,0,0,0,0,0,0,23.383,20.515,17.49,9.135,1.887,6.71,6.26,5.639,1.652,0.179,1.171,1.156,1.144,0.09,0.002,-890.885,-865.497,-830.333,-80.949,-16.351,3.387,3.387,3.367,0.031,0,2.234,2.234,2.234,0,0,0.7342,0.2912,12194.65219,223.8,0.018352307
NOR,1994,Cal,4.502,8.866,11.572,-3.776,-6.074,-1.66,2.004,4.198,-8.729,-10.863,1.548,5.612,8.107,-6.23,-8.461,80.363,77.6,75.659,84.125,84.156,67.404,61.727,58.469,75.682,77.397,1120.616,751.521,541.129,531.513,301.362,3345.79,3173.142,2807.714,518.288,171.906,2.199,2.196,2.118,2.265,2.199,0.203,0.278,0.34,0.064,0.053,0.944,1.392,1.807,0.056,0.049,14.062,14.062,14.052,0.002,0.001,2.486,2.486,2.486,0,0,0.005,0.005,0.005,0,0,0,0,0,0,0,27.782,24.657,22.512,33.488,34.291,25.597,25.597,24.729,0.033,0.008,7.353,7.353,7.351,0,0,0.236,0.236,0.236,0,0,0,0,0,0,0,0,0,0,0,0,42.716,40.809,33.825,4.044,2.352,22.102,20.979,16.694,0.768,0.398,7.655,6.992,5.554,0.03,0.015,-1762.68,-1734.067,-1648.925,-41.066,-20.466,7.509,7.509,7.45,0.001,0,8.864,8.864,8.864,0,0,0.7342,0.2912,12192.54622,231.7,0.019003414
NOR,1995,Ver,4.577,8.943,11.047,-1.166,-2.419,-1.476,2.329,3.878,-5.945,-7.113,1.675,5.791,7.644,-3.485,-4.67,80.887,79.138,77.189,85.722,86.893,68.279,63.945,60.671,77.163,79.778,1189.571,824.158,580.13,675.099,469.811,3237.178,3064.831,2737.311,514.911,161.622,2.279,2.245,2.126,2.487,2.465,0.188,0.252,0.304,0.071,0.057,0.713,1.044,1.372,0.076,0.024,10.8,10.8,10.8,0.01,0,1.259,1.259,1.259,0,0,0.019,0.019,0.019,0,0,0,0,0,0,0,28.643,26.175,24.507,32.945,34.032,22.039,21.502,21.249,1.01,0.022,5.341,5.281,5.23,0.053,0,0.256,0.256,0.256,0,0,0,0,0,0,0,0,0,0,0,0,30.345,21.891,21.215,8.972,1.998,14.94,12.752,12.671,5.406,1.128,5.903,5.9,5.887,2.097,0.662,-880.868,-835.251,-823.171,-114.862,-29.937,5.824,5.824,5.823,0.061,0,3.978,3.978,3.978,0,0,0.7342,0.2912,12189.82742,113.1,0.009278228
NOR,1996,Cal,3.941,8.781,11.069,-3.029,-5.79,-2.387,1.881,3.654,-8.249,-10.771,0.915,5.503,7.571,-5.592,-8.252,80.907,78.961,76.964,83.831,83.629,68.198,63.223,59.815,75.184,76.583,963.709,675.02,514.878,413.046,240.755,3256.937,3083.818,2722.049,543.719,179.833,2.119,2.107,2.067,2.192,2.14,0.181,0.247,0.3,0.069,0.054,0.709,1.045,1.366,0.07,0.049,8.937,8.937,8.937,0,0,0.967,0.967,0.967,0,0,0,0,0,0,0,0,0,0,0,0,28.14,24.922,22.804,32.913,33.772,18.311,18.301,18.252,0.655,0.522,2.023,2.022,2.022,0.062,0.061,0,0,0,0,0,0,0,0,0,0,0,0,0,0,0,36.708,31.287,25.513,19.399,13.41,16.049,14.087,12.561,5.604,4.095,5.078,5.018,4.973,0.121,0.062,-912.51,-880.267,-837.552,-112.042,-68.001,6.098,6.098,6.089,0.009,0,2.878,2.878,2.878,0,0,0.7342,0.2912,12186.92536,513.5,0.04213532
NOR,1997,Cal,5.235,9.482,12.153,-2.106,-4.599,-0.943,2.56,4.769,-7.428,-9.925,2.303,6.218,8.721,-4.698,-7.184,79.43,76.279,74.976,84.654,85.286,66.471,60.255,57.869,75.82,78.124,1178.062,797.36,569.507,648.824,401.621,3398.246,3242.543,2863.93,520.017,164.334,2.241,2.212,2.116,2.395,2.334,0.218,0.296,0.356,0.071,0.053,0.887,1.302,1.674,0.062,0.022,10.792,10.792,10.792,0,0,0.215,0.215,0.215,0,0,0,0,0,0,0,0,0,0,0,0,27.725,24.587,23.068,33.052,34.619,27.07,26.819,24.692,1.167,0.019,4.614,4.576,4.279,0.282,0.007,0.031,0.031,0.031,0,0,0,0,0,0,0,0,0,0,0,0,43.509,38.984,32.261,4.231,0.914,19.845,18.274,15.47,2.039,0.198,6.245,5.853,5.56,0.276,0,-1424.31,-1384.89,-1329.652,-47.782,-15.977,7.814,7.812,7.754,0.054,0,1.975,1.975,1.975,0,0,0.7342,0.2912,12183.39501,866.4,0.071113183
NOR,1998,Ver,4.309,8.153,10.571,-1.673,-2.937,-1.451,1.873,4.057,-6.511,-7.347,1.562,5.168,7.487,-4.009,-5.052,82.13,80.453,79.635,84.682,86.602,69.951,65.703,64.032,76.286,80.262,1223.079,834.173,627.274,582.327,389.542,2985.984,2827.104,2479.512,501.274,149.242,2.147,2.088,2.03,2.222,2.176,0.161,0.211,0.25,0.073,0.056,0.298,0.426,0.537,0.07,0.037,1.196,1.196,1.196,0,0,0.005,0.005,0.005,0,0,0,0,0,0,0,0,0,0,0,0,28.739,26.146,24.715,32.479,33.915,10.004,9.879,9.555,1.626,0.278,1.394,1.366,1.248,0.176,0.035,0.022,0.022,0,0.022,0,0,0,0,0,0,0,0,0,0,0,16.22,14.478,10.125,10.98,4.222,5.174,4.934,3.172,3.859,1.442,0.996,0.965,0.757,0.586,0.393,-193.359,-170.085,-138.893,-83.841,-34.751,2.624,2.624,2.623,0.007,0.002,0.002,0.002,0.002,0,0,0.7342,0.2912,12180.22065,275,0.022577588
NOR,1999,Cal,5.084,9.283,11.754,-2.52,-4.517,-0.948,2.779,4.613,-7.304,-9.333,2.203,6.194,8.385,-4.847,-6.861,82.213,80.632,78.716,85.359,85.252,69.445,65.186,61.704,77.203,78.542,1251.98,837.285,628.699,570.598,345.097,3145.889,2981.912,2658.935,493.688,167.365,2.185,2.109,2.082,2.207,2.193,0.179,0.239,0.29,0.066,0.055,0.472,0.691,0.901,0.047,0.031,3.643,3.643,3.642,0.001,0,0.016,0.016,0.016,0,0,0,0,0,0,0,0,0,0,0,0,28.052,25.465,23.789,32.954,34.081,16.946,16.793,16.793,0.217,0.212,2.272,2.272,2.272,0.024,0.024,0.001,0.001,0.001,0,0,0,0,0,0,0,0,0,0,0,0,17.575,16.81,16.092,3.652,2.025,7.463,7.37,7.22,0.718,0.291,2.434,2.432,2.417,0.067,0.032,-541.88,-528.731,-518.193,-39.854,-24.336,1.933,1.933,1.93,0.001,0,0.005,0.005,0.005,0,0,0.7342,0.2912,12176.92212,86.1,0.007070752
NOR,2000,Cal,5.603,9.19,11.166,-0.749,-2.291,-0.074,2.883,4.41,-6.024,-7.546,2.888,6.179,7.95,-3.291,-4.807,83.317,81.26,80.243,84.435,85.171,71.299,66.562,64.325,74.986,77.135,1385.726,898.976,640.763,662.639,455.718,3037.565,2880.126,2542.232,534.534,169.82,2.249,2.183,2.084,2.446,2.538,0.163,0.215,0.254,0.08,0.066,0.306,0.439,0.547,0.056,0.026,0.46,0.453,0.441,0,0,0.001,0.001,0,0,0,0,0,0,0,0,0,0,0,0,0,28.551,26.106,24.699,32.121,33.295,11.338,11.258,10.794,0.566,0.101,1.514,1.513,1.446,0.069,0.002,0,0,0,0,0,0,0,0,0,0,0,0,0,0,0,13.587,10.581,7.159,1.525,0.476,5.543,4.798,2.723,0.179,0.043,1.651,1.557,0.514,0.012,0,-128.96,-100.945,-66.56,-33.82,-12.573,2.207,2.198,2.162,0.026,0,0,0,0,0,0,0.7342,0.2912,12173.71371,171.9,0.014120588
NOR,2001,Ver,4.36,8.686,11.114,-1.556,-3.292,-1.68,2.079,4.235,-6.146,-7.474,1.473,5.554,7.887,-3.791,-5.329,81.757,80.572,79.009,86.528,87.236,69.315,65.428,62.628,79.04,81.542,1169.508,807.448,623.835,632.407,423.129,3108.706,2929.2,2573.987,502.589,158.324,2.117,1.996,2.019,2.173,2.196,0.17,0.224,0.272,0.061,0.049,0.369,0.523,0.681,0.062,0.042,2.004,2.004,2.004,0.02,0.008,0.014,0.014,0.014,0.001,0,0,0,0,0,0,0,0,0,0,0,28.485,25.978,24.171,32.767,33.723,13.512,13.296,13.287,0.012,0.006,1.413,1.402,1.402,0,0,0.004,0.004,0.004,0,0,0,0,0,0,0,0,0,0,0,0,9.655,5.695,3.974,8.24,3.728,2.209,1.595,1.084,3.487,0.918,0.297,0.212,0.123,1.259,0.127,-145.066,-114.268,-94.729,-72.377,-32.142,1.639,1.638,1.606,0.052,0.009,0.011,0.011,0.011,0,0,0.7342,0.2912,12170.54135,89.5,0.007353822
NOR,2002,Cal,5.357,10.332,13.532,-0.976,-3.193,-0.802,3.453,6.199,-6.054,-8.053,2.429,7.066,10.083,-3.43,-5.516,80.935,78.62,77.52,85.485,85.402,67.897,62.304,60.056,76.509,78.106,1068.775,723.184,548.816,638.274,419.185,3323.563,3161.742,2784.808,522.495,168.607,2.067,2.012,1.96,2.294,2.371,0.207,0.283,0.343,0.073,0.062,0.618,0.905,1.166,0.051,0.045,4.973,4.973,4.971,0,0,0.16,0.16,0.16,0,0,0.004,0.004,0.004,0,0,0,0,0,0,0,27.605,24.231,22.059,32.575,33.523,16.532,16.46,16.269,0.46,0.282,1.548,1.548,1.539,0.02,0.011,0.008,0.008,0.008,0,0,0,0,0,0,0,0,0,0,0,0,43.111,34.656,26.172,6.074,5.772,19.612,16.875,13.325,0.992,0.979,6.626,6.348,5.321,0.128,0.128,-1003.574,-951.514,-880.898,-43.589,-34.181,5.371,5.367,5.344,0.009,0.001,0.097,0.097,0.097,0,0,0.7342,0.2912,12168.01789,220.5,0.018121275
NOR,2003,Cal,5.631,9.803,12.33,-3.025,-5.421,-0.688,2.877,5.051,-8.14,-10.359,2.599,6.491,8.911,-5.555,-7.834,81.57,79.11,77.399,84.349,84.964,68.213,62.791,59.993,75.992,78.583,1144.705,774.17,612.994,459.211,282.292,3331.883,3164.657,2783.614,533.372,171.135,2.113,2.072,2.051,2.154,2.121,0.195,0.263,0.318,0.07,0.052,0.486,0.708,0.895,0.085,0.043,2.579,2.579,2.579,0.003,0,0.15,0.15,0.15,0,0,0.001,0.001,0.001,0,0,0,0,0,0,0,27.57,24.363,22.752,33.099,34.59,13.62,13.465,13.254,0.135,0.001,1.395,1.392,1.391,0,0,0.094,0.094,0.094,0,0,0,0,0,0,0,0,0,0,0,0,27.527,25.758,20.346,16.555,6.291,10.58,10.365,8.947,6.447,2.275,2.367,2.366,2.303,1.289,0.204,-667.95,-646.651,-601.535,-128.378,-46.26,4.427,4.427,4.408,0.037,0.004,0.351,0.351,0.351,0,0,0.7342,0.2912,12164.62923,942.4,0.077470507
NOR,2004,Ver,5.525,9.753,12.146,-1.365,-3.029,-0.541,3.165,5.11,-6.532,-7.807,2.628,6.618,8.831,-3.892,-5.333,82.206,80.011,78.003,85.937,87.051,69.435,64.499,61.19,76.851,80.063,1241.189,823.332,653.603,508.717,369.349,3238.923,3068.641,2711.913,561.733,168.319,2.159,2.116,2.103,2.123,2.158,0.185,0.25,0.304,0.069,0.053,0.448,0.66,0.854,0.059,0.026,3.038,3.038,3.038,0,0,0.013,0.013,0.013,0,0,0,0,0,0,0,0,0,0,0,0,27.836,24.733,22.931,32.625,34.131,16.149,16.149,16.14,0.256,0.155,3.426,3.426,3.426,0.003,0.003,0.065,0.065,0.065,0,0,0,0,0,0,0,0,0,0,0,0,12.435,12.288,10.955,5.442,1.176,3.843,3.84,3.715,0.956,0.102,0.581,0.581,0.58,0.004,0,-449.414,-441.062,-424.546,-51.656,-17.145,2.057,2.057,2.055,0.001,0,0.047,0.047,0.047,0,0,0.7342,0.2912,12161.38477,116.9,0.009612392
NOR,2005,Cal,5.818,9.495,11.773,-0.546,-1.749,-0.272,2.638,4.718,-5.762,-6.68,2.92,6.251,8.455,-3.065,-4.126,82.143,80.075,78.545,85.538,85.816,69.266,64.284,61.583,76.404,78.085,1235.484,801.299,635.056,617.807,462.121,3190.044,3025.438,2656.808,530.086,169.084,2.215,2.115,2.144,2.328,2.501,0.183,0.241,0.29,0.073,0.065,0.459,0.665,0.862,0.048,0.032,4.064,4.064,4.064,0,0,0.216,0.216,0.216,0,0,0,0,0,0,0,0,0,0,0,0,28.062,25.433,23.746,32.568,33.744,15.857,15.823,15.815,0.039,0.034,2.478,2.46,2.46,0.018,0.018,0.005,0.005,0.005,0,0,0,0,0,0,0,0,0,0,0,0,11.034,9.055,7.715,3.084,1.432,3.187,2.741,2.005,1.221,0.43,0.311,0.287,0.188,0.124,0.024,-376.64,-356.163,-335.314,-34.377,-16.02,2.423,2.423,2.421,0.004,0,0.221,0.221,0.221,0,0,0.7342,0.2912,12157.7618,345.6,0.028426285
NOR,2006,Cal,6.147,9.927,13.096,-1.339,-2.58,0.033,2.983,5.742,-6.323,-6.943,3.218,6.622,9.616,-3.762,-4.693,82.031,79.106,77.587,85.697,87.178,69.218,63.21,60.391,77.372,81.014,1246.739,754.859,564.456,584.789,421.942,3301.813,3141.458,2781.871,528.475,153.758,2.171,2.013,2.034,2.251,2.322,0.202,0.274,0.338,0.068,0.055,0.675,0.992,1.305,0.052,0.027,7.576,7.574,7.574,0.002,0.002,0.06,0.06,0.06,0,0,0,0,0,0,0,0,0,0,0,0,28.13,25.261,23.129,32.721,33.788,20.937,20.839,20.838,0.009,0.004,4.379,4.318,4.318,0.001,0.001,0.11,0.11,0.11,0,0,0,0,0,0,0,0,0,0,0,0,23.033,21.654,20.626,1.959,0.976,8.627,8.415,7.997,0.518,0.101,2.511,2.499,2.347,0.164,0.012,-1139.021,-1123.69,-1109.944,-32.334,-14.522,5.483,5.483,5.447,0.034,0,0.677,0.677,0.677,0,0,0.7342,0.2912,12153.92252,3828.9,0.315034096
NOR,2007,Ver,5.529,9.863,11.746,0.115,-1.968,-0.522,3.222,4.776,-4.801,-6.686,2.634,6.693,8.463,-2.29,-4.27,81.565,79.399,77.45,87.094,87.498,68.888,64.046,61.079,78.476,80.424,1268.47,847.25,676.657,731.711,507.022,3175.857,3017.983,2653.976,497.121,153.723,2.231,2.198,2.193,2.352,2.484,0.19,0.254,0.304,0.07,0.055,0.531,0.778,0.997,0.04,0.023,4.442,4.442,4.442,0,0,0.209,0.209,0.209,0,0,0.002,0.002,0.002,0,0,0,0,0,0,0,27.765,24.816,23.415,32.743,33.789,19.487,19.478,19.276,0.267,0.094,4.943,4.943,4.943,0.06,0.06,0.041,0.041,0.041,0,0,0,0,0,0,0,0,0,0,0,0,21.304,20.039,16.913,2.42,1.522,6.736,6.554,5.81,0.449,0.232,1.733,1.724,1.646,0.03,0.009,-621.929,-605.722,-572.822,-31.695,-16.056,3.438,3.438,3.43,0.007,0,0.11,0.11,0.11,0,0,0.7342,0.2912,12150.67605,128.3,0.010559083
NOR,2008,Cal,5.567,9.266,11.805,-0.326,-1.69,-0.495,2.503,4.582,-5.197,-6.23,2.711,6.094,8.444,-2.68,-3.862,81.837,79.169,77.382,86.167,87.045,69.109,63.536,60.614,77.307,80.001,1223.947,762.7,526.821,667.62,480.205,3328.711,3164.372,2808.122,525.311,166.852,2.153,2.011,1.903,2.343,2.422,0.196,0.264,0.322,0.073,0.061,0.592,0.868,1.146,0.057,0.035,6.406,6.406,6.405,0.001,0.001,0.984,0.984,0.984,0,0,0.073,0.073,0.073,0,0,0.004,0.004,0.004,0,0,28.069,25.2,23.393,32.21,33.742,19.262,19.139,18.805,0.373,0.009,4.835,4.835,4.788,0.047,0,0.409,0.409,0.409,0,0,0,0,0,0,0,0,0,0,0,0,17.605,16.64,16.112,4.143,1.28,6.575,6.293,6.231,0.85,0.259,1.506,1.48,1.479,0.079,0.02,-674.247,-659.675,-650.109,-47.119,-15.673,6.575,6.575,6.575,0.003,0,1.222,1.222,1.222,0,0,0.7342,0.2912,12147.8081,3173.8,0.26126524
NOR,2009,Cal,4.981,9.463,12.243,-1.711,-3.776,-0.869,2.865,5.167,-6.586,-8.538,2.183,6.323,8.915,-4.084,-6.08,81.964,79.923,78.239,85.855,86.054,69.553,64.385,61.395,77.422,79.323,1214.482,833.256,670.735,596.121,373.593,3218.357,3064.948,2701.487,514.318,166.022,2.154,2.121,2.106,2.299,2.255,0.185,0.25,0.305,0.068,0.055,0.46,0.668,0.859,0.043,0.034,3.699,3.699,3.686,0.001,0,0.023,0.023,0.023,0,0,0,0,0,0,0,0,0,0,0,0,28.238,25.38,23.258,32.968,34.003,15.386,15.374,15.337,0.14,0.131,3.01,3.01,3.01,0,0,0.039,0.039,0.039,0,0,0,0,0,0,0,0,0,0,0,0,19.167,16.794,14.514,1.23,0.851,7.991,7.466,6.483,0.18,0.17,2.321,2.304,1.94,0.006,0.006,-590.03,-565.877,-534.874,-21.402,-16.186,4.179,4.178,4.154,0,0,0.036,0.036,0.036,0,0,0.7342,0.2912,12146.05768,1328.7,0.10939352
NOR,2010,Ver,3.08,8.944,11.431,-3.841,-6.226,-3.098,2.264,4.387,-8.749,-10.728,0.114,5.759,8.107,-6.242,-8.407,81.317,80.493,78.891,85.162,85.25,68.855,64.873,62.098,77.296,79.612,1030.053,838.895,629.041,450.55,291.599,3164.467,2988.169,2644.749,516.562,156.899,2.083,2.079,2.041,2.097,2.147,0.166,0.225,0.272,0.059,0.046,0.336,0.486,0.611,0.057,0.033,2.293,2.293,2.291,0.013,0.001,0.063,0.063,0.063,0,0,0,0,0,0,0,0,0,0,0,0,28.267,25.189,23.426,33.395,34.255,13.473,13.472,13.301,0.031,0.004,2.331,2.331,2.331,0,0,0.004,0.004,0.004,0,0,0,0,0,0,0,0,0,0,0,0,17.815,11.315,7.192,5.05,2.24,3.329,2.695,2.449,1.525,0.511,0.41,0.36,0.353,0.383,0.02,-226.427,-190.553,-161.19,-55.338,-22.693,1.606,1.606,1.604,0.024,0,0.86,0.86,0.86,0,0,0.7342,0.2912,12143.56825,768.7,0.063300999
NOR,2011,Cal,5.855,9.995,12.48,-4.08,-7.163,-0.09,3.45,5.617,-9.338,-12.238,2.999,6.869,9.211,-6.638,-9.635,83.608,82.026,81.369,83.881,84.063,70.919,66.721,65.032,75.471,77.714,1445.639,1035.088,814.547,512.899,284.464,3052.376,2890.095,2517.089,544.848,175.122,2.242,2.185,2.069,2.291,2.189,0.162,0.214,0.252,0.066,0.049,0.235,0.339,0.415,0.061,0.027,0.581,0.581,0.581,0.002,0,0.006,0.006,0.006,0,0,0,0,0,0,0,0,0,0,0,0,28.651,26.244,24.657,33.123,34.541,6.885,6.879,6.859,0.19,0.002,0.411,0.41,0.408,0.002,0,0,0,0,0,0,0,0,0,0,0,0,0,0,0,0,14.933,14.687,13.487,10.587,6.401,8.636,8.566,8.422,0.974,0.636,3.067,3.058,3.058,0.059,0.053,-46.749,-39.191,-18.981,-65.304,-33.348,2.753,2.753,2.73,0.002,0,0.003,0.003,0.003,0,0,0.7342,0.2912,12144.36005,121.2,0.009979941
NOR,2012,Cal,4.326,8.651,10.51,0.172,-2.013,-1.403,2.327,3.91,-4.772,-6.681,1.592,5.629,7.397,-2.234,-4.266,82.655,80.999,79.628,86.277,86.86,70.604,65.91,63.367,77.549,79.56,1294.198,916.546,690.778,638.83,407.705,3098.513,2939.203,2584.306,519.115,162.778,2.195,2.135,2.078,2.441,2.409,0.158,0.21,0.246,0.078,0.059,0.265,0.376,0.444,0.095,0.033,0.727,0.727,0.723,0.005,0,0.003,0.003,0.003,0,0,0,0,0,0,0,0,0,0,0,0,28.854,26.066,25.118,31.92,33.498,10.901,10.899,9.723,0.872,0.005,2.346,2.346,2.248,0.099,0.001,0.006,0.006,0.006,0,0,0,0,0,0,0,0,0,0,0,0,11.398,8.531,4.92,4.863,1.057,6.505,5.808,3.779,2.284,0.243,3.333,3.255,2.54,0.748,0.033,23.013,46.245,87.911,-62.796,-13.677,1.638,1.635,1.489,0.171,0.003,0,0,0,0,0,0.7342,0.2912,12145.38818,60,0.004940147
NOR,2013,Ver,5.394,9.424,12.329,-3.251,-4.832,-0.912,2.452,5.07,-8.417,-9.518,2.366,6.086,8.896,-5.787,-7.113,81.705,79.43,78.661,84.361,86.091,68.368,63.292,61.36,75.973,80.089,1226.598,826.532,663.67,472.645,315.2,3237.462,3066.498,2670.461,566.669,163.815,2.168,2.116,2.125,2.089,2.099,0.185,0.247,0.299,0.063,0.048,0.454,0.662,0.839,0.058,0.032,4.415,4.415,4.414,0,0,0.079,0.079,0.079,0,0,0,0,0,0,0,0,0,0,0,0,28.207,25.512,23.713,33.331,34.55,12.283,12.204,12.166,0.35,0.002,1.485,1.485,1.475,0.01,0,0.047,0.047,0.047,0,0,0,0,0,0,0,0,0,0,0,0,27.745,26.376,18.834,8.14,2.363,11.3,11.139,8.851,2.558,0.579,3.588,3.588,3.45,0.176,0.048,-603.393,-585.799,-524.159,-61.723,-20.096,4.055,4.055,4.019,0.036,0,0.247,0.247,0.247,0,0,0.7342,0.2912,12146.39829,46.4,0.003820062
NOR,2014,Cal,6.391,10.705,12.949,0.114,-1.789,0.733,4.064,5.711,-4.334,-5.78,3.69,7.543,9.532,-2.049,-3.687,82.123,79.236,77.009,86.472,86.98,69.861,63.575,59.887,78.028,80.397,1279.405,856.625,565.019,735.539,499.083,3253.067,3130.024,2801.544,475.15,133.109,2.227,2.13,1.987,2.533,2.641,0.205,0.28,0.34,0.074,0.06,0.59,0.857,1.115,0.071,0.053,4.619,4.618,4.613,0.002,0.001,0.103,0.103,0.103,0,0,0.002,0.002,0.002,0,0,0,0,0,0,0,27.686,24.666,22.735,32.342,33.614,17.067,17.067,16.683,0.464,0.08,3.081,3.081,3,0.081,0,0.003,0.003,0.003,0,0,0,0,0,0,0,0,0,0,0,0,23.084,19.543,16.983,6.308,4.102,9.96,7.887,7.309,2.472,2.108,3.448,2.475,2.432,0.99,0.973,-799.482,-763.714,-738.47,-69.957,-37.96,4.914,4.849,4.842,0.067,0.065,0.149,0.149,0.149,0,0,0.7342,0.2912,12145.85828,769.4,0.063346697
NOR,2015,Cal,5.948,9.387,11.284,0.001,-2.034,0.121,2.981,4.486,-4.597,-6.441,3.151,6.312,8.048,-2.219,-4.154,83.049,80.582,78.923,87.249,87.921,70.488,65.254,62.484,79.19,81.607,1437.771,929.528,750.469,713.365,437.656,3145.353,2993.462,2650.386,472.039,143.905,2.33,2.235,2.226,2.433,2.401,0.173,0.23,0.272,0.069,0.054,0.353,0.514,0.635,0.045,0.023,1.015,1.015,1.014,0.006,0,0.003,0.003,0.003,0,0,0,0,0,0,0,0,0,0,0,0,28.249,25.551,24.449,32.66,33.822,13.221,13.221,13,0.216,0,1.4,1.4,1.4,0,0,0.033,0.033,0.033,0,0,0,0,0,0,0,0,0,0,0,0,11.278,10.51,5.068,3.511,0.424,3.038,2.748,1.672,0.667,0.022,0.275,0.243,0.236,0.035,0,-120.954,-111.282,-63.801,-38.758,-12.713,1.45,1.45,1.446,0.006,0,0.001,0.001,0.001,0,0,0.7342,0.2912,12143.80437,143.6,0.01182496
NOR,2016,Ver,5.726,10.138,12.511,-0.427,-2.483,-0.224,3.597,5.517,-5.328,-7.277,2.859,6.993,9.204,-2.837,-4.812,82.393,80.617,79.221,87.045,87.261,69.6,64.939,62.296,78.643,80.34,1158.797,758.162,619.372,591.618,433.806,3161.069,2987.322,2634.185,505.113,171.525,2.122,2.045,2,2.255,2.303,0.18,0.24,0.285,0.068,0.054,0.377,0.545,0.634,0.074,0.026,1.194,1.194,1.137,0,0,0.002,0.002,0.002,0,0,0,0,0,0,0,0,0,0,0,0,27.758,24.752,23.688,32.22,33.811,12.657,12.632,12.293,0.133,0.024,2.049,2.049,2.009,0,0,0.002,0.002,0.002,0,0,0,0,0,0,0,0,0,0,0,0,19.079,16.819,6.332,7.03,1.822,5.799,5.326,1.351,1.652,0.66,0.736,0.694,0.131,0.079,0.073,-295.428,-270.333,-197.559,-62.892,-16.833,1.667,1.666,1.599,0.005,0.001,0,0,0,0,0,0.7342,0.2912,12140.28973,515.7,0.042478393
NOR,2017,Cal,5.236,9.065,11.192,-0.254,-1.74,-0.61,2.756,4.547,-5.29,-6.532,2.424,6.048,8.036,-2.733,-4.07,82.592,80.542,79.031,85.469,86.42,70.313,65.665,63.011,76.388,78.995,1337.273,916.79,676.402,574.901,427.382,3108.755,2944.913,2598.089,529.663,163.242,2.203,2.196,2.129,2.276,2.293,0.17,0.226,0.268,0.078,0.061,0.308,0.445,0.562,0.119,0.04,1.212,1.212,1.199,0.057,0,0.02,0.02,0.019,0,0,0,0,0,0,0,0,0,0,0,0,28.606,26.047,24.678,31.586,33.478,13.101,13.021,12.851,0.486,0.081,1.813,1.804,1.804,0.05,0.009,0.001,0.001,0.001,0,0,0,0,0,0,0,0,0,0,0,0,8.286,7.167,5.267,12.329,2.178,2.869,2.646,1.48,4.307,0.316,0.644,0.636,0.164,0.572,0.01,-73.298,-56.619,-33.531,-100.872,-27.279,1.155,1.155,1.123,0.068,0,0.03,0.03,0.03,0,0,0.7342,0.2912,12137.26175,428.5,0.035304503
NOR,2018,Cal,6.016,10.49,13.819,-2.476,-4.088,-0.29,3.169,5.982,-7.432,-8.778,3.009,7.003,10.123,-4.892,-6.344,80.216,76.625,74.688,85.439,86.739,67.42,60.472,57.283,77.247,80.425,1120.676,766.449,603.824,594.119,395.009,3432.149,3275.428,2889.178,544.59,166.736,2.167,2.158,2.165,2.201,2.218,0.243,0.337,0.419,0.066,0.051,1.29,1.907,2.513,0.051,0.024,22.922,22.92,22.92,0.014,0.001,4.909,4.909,4.909,0,0,0.028,0.028,0.028,0,0,0,0,0,0,0,27.312,24.131,21.975,33.035,34.249,33.048,33.042,33.038,0.005,0.001,12.683,12.683,12.683,0,0,0.619,0.619,0.619,0,0,0,0,0,0,0,0,0,0,0,0,48.089,47.235,46.288,2.435,0.444,31.76,31.58,31.208,1.399,0.131,13.962,13.929,13.846,0.539,0.024,-2005.632,-1989.242,-1969.717,-30.978,-9.883,18.58,18.576,18.537,0.057,0.004,14.764,14.764,14.764,0,0,0.7342,0.2912,12134.50274,1996.2,0.164506123
NOR,2019,Ver,5.5,9.619,12.349,-0.584,-2.148,-0.473,2.863,5.119,-5.311,-6.438,2.645,6.391,8.91,-2.86,-4.209,82.297,79.634,77.768,86.695,87.979,69.772,64.064,60.891,78.479,81.818,1302.98,891.279,654.854,618.656,378.725,3171.485,3019.725,2666.525,504.679,146.549,2.134,2.118,2.105,2.266,2.21,0.183,0.247,0.301,0.07,0.054,0.389,0.569,0.739,0.057,0.025,2.05,2.05,2.05,0,0,0.007,0.007,0.007,0,0,0,0,0,0,0,0,0,0,0,0,28.46,25.71,23.838,32.467,33.67,14.046,14.037,13.893,0.15,0.011,1.366,1.366,1.332,0.034,0,0,0,0,0,0,0,0,0,0,0,0,0,0,0,0,16.296,15.518,15.14,1.711,0.888,7.953,7.905,7.845,0.318,0.059,3.161,3.16,3.155,0.049,0.009,-394.578,-381.893,-375.608,-32.625,-14.922,4.445,4.445,4.438,0.017,0,0.006,0.006,0.006,0,0,0.7342,0.2912,12132.19435,2278.4,0.187797849
NOR,2020,Cal,6.58,9.79,12.021,-0.285,-1.476,0.785,3.152,4.792,-4.898,-5.772,3.835,6.655,8.645,-2.518,-3.53,82.252,79.049,76.721,86.964,87.984,69.714,63.655,59.977,78.333,81.097,1456.344,868.152,617.625,759.791,536.018,3338.495,3183.106,2838.901,520.28,160.995,2.333,2.225,2.178,2.333,2.376,0.198,0.266,0.324,0.069,0.057,0.568,0.837,1.081,0.047,0.023,4.017,4.017,4.017,0,0,0.146,0.146,0.146,0,0,0,0,0,0,0,0,0,0,0,0,27.992,25.428,23.748,32.546,33.569,22.482,22.434,21.664,0.777,0.004,5.384,5.384,5.364,0.02,0,0.035,0.035,0.035,0,0,0,0,0,0,0,0,0,0,0,0,15.391,14.903,12.514,1.801,0.675,6.604,6.576,6.176,0.231,0.047,1.8,1.8,1.799,0.006,0,-577.502,-568.629,-544.241,-31.037,-13.231,3.936,3.936,3.913,0.029,0,0.12,0.12,0.12,0,0,0.7342,0.2912,12131.94059,363,0.029921017
NOR,2021,Cal,5.219,10.2,12.365,-0.789,-3.05,-0.768,3.54,5.272,-5.336,-7.268,2.355,7.04,9.023,-3.033,-5.132,81.394,79.192,76.922,87.202,87.562,69.012,63.8,60.2,79.632,81.868,1158.293,853.08,578.17,648.533,401.63,3251.872,3084.542,2750.399,493.18,159.982,2.171,2.188,2.085,2.28,2.267,0.197,0.269,0.327,0.064,0.05,0.654,0.958,1.251,0.051,0.028,5.42,5.42,5.419,0,0,0.211,0.211,0.211,0,0,0.011,0.011,0.011,0,0,0,0,0,0,0,27.801,24.842,22.862,32.683,33.766,19.458,19.452,19.262,0.239,0.05,3.96,3.96,3.956,0.005,0,0.024,0.024,0.024,0,0,0,0,0,0,0,0,0,0,0,0,28.854,26.575,25.039,4.248,1.681,11.345,10.919,10.625,0.86,0.407,2.39,2.356,2.315,0.062,0.031,-945.2,-917.873,-901.696,-37.763,-18.491,4.347,4.347,4.347,0,0,0.08,0.08,0.08,0,0,0.7342,0.2912,12132.4172,653.2,0.05383923
NOR,2022,Ver,6.009,10.19,12.225,-0.403,-2.76,-0.163,3.256,4.944,-5.499,-7.521,3.058,6.877,8.787,-2.875,-5.027,81.194,78.839,76.848,85.297,86.054,68.213,62.974,59.809,76.118,78.477,1248.615,794.415,600.29,661.576,431.083,3237.379,3078.818,2705.3,538.094,166.383,2.23,2.141,2.124,2.379,2.393,0.197,0.263,0.317,0.078,0.06,0.587,0.855,1.105,0.069,0.031,3.223,3.223,3.222,0.001,0,0.015,0.015,0.015,0,0,0,0,0,0,0,0,0,0,0,0,27.525,24.671,22.838,32.531,33.751,20.637,20.613,19.975,0.654,0.016,3.543,3.542,3.445,0.097,0,0.123,0.123,0.123,0,0,0,0,0,0,0,0,0,0,0,0,30.737,26.796,23.951,3.869,0.909,15.873,15.276,14.677,0.693,0.067,6.039,5.935,5.917,0.035,0.007,-870.762,-838.531,-814.37,-47.951,-17.611,3.59,3.585,3.559,0.027,0,0.196,0.196,0.196,0,0,0.7342,0.2912,12132.65048,2457,0.202511397
NOR,2023,Cal,5.156,9.598,12.738,-0.884,-2.297,-0.884,2.816,5.556,-5.717,-6.698,2.279,6.373,9.355,-3.224,-4.422,81.383,79.091,78.518,86.152,86.931,68.847,63.607,62.147,77.689,80.425,1319.083,902.615,727.356,660.292,446.193,3238.437,3076.076,2704.152,503.528,154.913,2.113,2.053,2.007,2.229,2.293,0.191,0.257,0.308,0.067,0.058,0.592,0.869,1.12,0.043,0.035,8.307,8.306,8.305,0,0,1.083,1.083,1.083,0,0,0,0,0,0,0,0,0,0,0,0,28.659,25.855,24.434,32.628,33.417,16.496,16.455,16.168,0.322,0.052,5.047,5.047,4.964,0.084,0.001,0.352,0.352,0.34,0.011,0,0,0,0,0,0,0,0,0,0,0,22.999,20.598,18.758,5.38,3.85,11.253,11.009,10.229,1.266,0.567,4.234,4.171,3.903,0.35,0.1,-778.346,-757.348,-734.628,-38.077,-29.63,9.869,9.869,9.866,0.008,0.005,4.117,4.117,4.117,0,0,0.7342,0.2912,12132.74927,1761.7,0.145202045
NOR,2024,Cal,6.342,10.761,13.179,-2.753,-5.277,0.339,4.145,6.003,-7.438,-9.857,3.487,7.635,9.818,-5.017,-7.458,82.539,80.851,78.507,84.785,85.043,69.712,65.326,61.43,76.614,78.542,1420.954,947.02,717.17,576.62,401.989,3155.15,2997.762,2685.029,490.58,154.868,2.221,2.105,2.088,2.26,2.297,0.192,0.257,0.316,0.07,0.054,0.424,0.618,0.807,0.055,0.028,4.559,4.559,4.559,0.002,0.001,0.453,0.453,0.453,0,0,0.001,0.001,0.001,0,0,0,0,0,0,0,28.146,25.564,23.719,32.966,34.506,12.085,11.959,11.953,0.025,0.002,2.285,2.285,2.285,0,0,0.069,0.069,0.069,0,0,0,0,0,0,0,0,0,0,0,0,17.764,16.909,16.328,3.476,2.548,9.187,9.095,9.046,0.475,0.306,3.419,3.41,3.409,0.09,0.072,-382.488,-371.137,-361.055,-38.938,-21.29,4.6,4.6,4.6,0.001,0.001,0.344,0.344,0.344,0,0,0.7342,0.2912,12132.62275,426.6,0.0351614
POL,1990,Cal,12.624,16.445,18.084,7.201,4.892,5.615,8.239,9.596,1.585,-0.275,9.195,12.46,14.022,4.384,2.311,78.079,74.679,73.944,82.003,84.158,63.162,57.37,55.956,69.931,73.531,735.79,543.078,457.587,289.094,186.545,3799.139,3418.28,2906.805,874.967,405.398,3.374,3.208,2.955,3.834,3.732,0.328,0.431,0.485,0.172,0.126,1.411,1.997,2.218,0.533,0.222,6.348,6.348,6.348,0.041,0,0.29,0.29,0.29,0,0,0.001,0.001,0.001,0,0,0,0,0,0,0,20.33,18.524,18.758,22.457,24.323,18.533,18.445,17.754,0.951,0.088,1.487,1.487,1.416,0.072,0,0.045,0.045,0.045,0,0,0,0,0,0,0,0,0,0,0,0,35.518,25.827,13.722,22.601,10.32,14.182,11.575,6.431,7.845,2.648,1.679,1.3,0.886,0.793,0.379,-439.239,-351.739,-79.963,-391.968,-109.784,18.773,18.773,15.308,1.843,0,12.986,12.986,12.867,0.873,0.005,0.8997,0.8637,8690.724,7341,0.844693722
POL,1991,Cal,11.379,15.901,17.902,5.203,2.291,4.371,7.914,9.54,-0.362,-2.331,7.971,12.011,13.906,2.405,0.039,79.016,76.4,75.372,83.342,85.083,64.256,59.305,57.808,71.902,75.653,695.548,507.052,432.754,256.142,188.979,3755.036,3352.559,2859.168,883.476,390.395,3.164,3.02,2.968,3.378,3.424,0.298,0.398,0.457,0.136,0.092,1.232,1.757,2.013,0.426,0.132,5.312,5.312,5.253,0,0,0.058,0.058,0.058,0,0,0,0,0,0,0,0,0,0,0,0,21.608,19.05,18.735,24.482,26.93,6.127,5.743,5.661,0.468,0.384,0.133,0.13,0.13,0.003,0.003,0,0,0,0,0,0,0,0,0,0,0,0,0,0,0,28.627,12.834,6.149,16.033,13.858,10.922,3.614,2.233,6.876,6.715,2.392,0.817,0.734,1.464,1.463,-409.442,-238.75,94.293,-239.006,-103.059,11.064,11.063,10.876,1.779,0,19.52,19.433,17.742,0.119,0,0.8997,0.8637,8703.124,2567,0.29495156
POL,1992,Ver,12.262,16.732,19.576,5.274,3.15,4.957,8.153,10.432,-0.296,-1.663,8.713,12.601,15.247,2.474,0.778,76.371,71.835,69.228,83.128,85.569,60.851,53.887,50.879,70.594,75.122,680.421,483.243,341.988,329.166,204.324,3928.974,3547.559,3066.313,898,378.398,3.307,3.17,3.04,3.538,3.563,0.392,0.538,0.654,0.139,0.095,2.918,4.305,5.408,0.402,0.137,38.796,38.796,38.051,0.059,0,8.063,8.063,8.063,0,0,0.468,0.468,0.468,0,0,0.001,0.001,0.001,0,0,20.446,17.31,16.149,25.245,27.809,37.495,37.491,37.05,0.166,0.002,8.473,8.473,8.473,0,0,0.785,0.785,0.785,0,0,0,0,0,0,0,0,0,0,0,0,50.976,49.699,40.591,9.384,2.856,25.933,25.778,22.273,2.082,0.726,9.233,9.233,8.69,0.195,0.112,-1606.814,-1599.549,-1339.443,-382.175,-87.408,43.155,43.155,41.059,0.185,0.001,58.09,58.09,55.01,1.779,0.087,0.8997,0.8637,8715.024,43755,5.020640219
POL,1993,Cal,11.143,15.59,18.146,4.184,2.793,4.051,7.532,9.615,-1.344,-2.19,7.709,11.69,14.056,1.455,0.357,78.034,75.054,72.812,83.361,84.508,63.912,58.551,55.42,71.609,74.356,741.897,513.999,430.424,338.262,224.82,3823.418,3420.82,2919.661,878.748,394.866,3.347,3.119,3.058,3.67,3.794,0.321,0.43,0.513,0.126,0.102,1.477,2.134,2.674,0.419,0.124,13.721,13.721,13.711,0.745,0,0.272,0.272,0.272,0,0,0,0,0,0,0,0,0,0,0,0,22.921,19.719,18.373,26.026,27.077,24.225,23.964,23.821,0.526,0.062,3.91,3.876,3.868,0.011,0.003,0.088,0.088,0.088,0,0,0,0,0,0,0,0,0,0,0,0,32.552,21.9,20.121,14.41,5.146,13.763,11.115,10.828,4.552,0.916,4.291,4.102,4.088,0.575,0.019,-335.144,-180.654,-136.958,-297.949,-29.364,25.647,25.647,25.415,2.09,0,26.074,26.074,26.014,3.08,0,0.8997,0.8637,8715.024,8290,0.951230886
POL,1994,Cal,12.367,16.668,19.316,4.699,2.236,5.115,8.236,10.338,-0.748,-2.597,8.893,12.682,15.144,1.969,-0.177,76.658,73.067,70.79,83.18,84.466,61.934,55.78,52.856,72.162,75.513,767.876,549.53,390.88,345.493,219.708,3896.199,3498.563,3013.681,874.695,396.471,3.316,3.161,2.964,3.544,3.508,0.383,0.518,0.628,0.13,0.092,2.356,3.425,4.426,0.245,0.108,29.99,29.99,29.99,0.01,0,7.611,7.611,7.611,0,0,0.116,0.116,0.116,0,0,0,0,0,0,0,20.77,18.374,17.085,26.252,28.452,33.892,32.427,31.831,2.198,1.633,10.326,10.261,10.261,0.093,0.093,1.78,1.78,1.78,0,0,0,0,0,0,0,0,0,0,0,0,41.288,35.48,35.131,11.594,10.935,25.243,24.181,24.17,2.841,2.761,12.298,12.253,12.253,0.215,0.214,-824.828,-730.034,-794.116,-160.339,-160.414,39.986,39.985,39.937,0.233,0.001,43.171,43.121,42.989,0.061,0,0.8997,0.8637,8724.217,9171,1.051211816
POL,1995,Ver,11.62,16.475,18.559,5.515,4.012,4.427,8.287,9.987,-0.14,-1.002,8.134,12.509,14.498,2.692,1.564,77.697,75.199,73.753,81.515,83.426,62.624,57.885,56.16,69.258,73.208,757.514,566.864,485.623,351.567,227.259,3852.498,3451.985,2945.158,894.244,390.872,3.249,3.093,3.033,3.837,3.954,0.333,0.446,0.525,0.147,0.119,1.614,2.342,2.877,0.318,0.176,17.299,17.299,17.299,0,0,0.971,0.971,0.971,0,0,0,0,0,0,0,0,0,0,0,0,21.5,18.645,18.556,23.156,25.001,19.603,19.582,18.854,0.783,0.053,3.187,3.187,3.186,0.004,0.004,0.105,0.105,0.105,0,0,0,0,0,0,0,0,0,0,0,0,35.781,20.707,18.544,2.917,1.318,17.305,8.694,8.375,0.242,0.083,4.336,1.995,1.991,0.001,0.001,-252.546,-136.837,-69.581,-47.034,-55.622,28.699,28.699,28.431,0.052,0,29.605,29.605,29.605,0.182,0.05,0.8997,0.8637,8741.53,5306,0.606987564
POL,1996,Cal,9.88,14.87,17.541,1.829,-1.27,2.986,7.055,9.257,-3.903,-6.405,6.513,11.067,13.541,-1.021,-3.784,80.071,78.229,76.699,83.166,83.583,66.131,61.877,59.576,72.211,74.509,728.195,598.62,514.761,194.414,140.814,3761.95,3331.24,2807.439,983.114,436.942,3.02,2.99,2.937,3.035,3.05,0.269,0.359,0.427,0.108,0.076,0.823,1.157,1.434,0.316,0.131,2.215,2.215,2.215,0,0,0.01,0.01,0.01,0,0,0,0,0,0,0,0,0,0,0,0,24.786,21.903,20.243,29.522,31.513,9.975,9.975,9.633,0.371,0,0.347,0.347,0.347,0,0,0,0,0,0,0,0,0,0,0,0,0,0,0,0,0,32.196,2.042,1.629,40.472,39.166,19.593,0.486,0.464,25.864,25.676,9.865,0.132,0.132,11.875,11.871,767.459,965.613,858.717,-331.718,-292.154,10.676,10.672,10.658,0.278,0.004,5.549,5.549,5.549,0,0,0.8997,0.8637,8778.706,14120,1.608437508
POL,1997,Cal,11.157,15.475,17.95,4.489,1.832,4.167,7.444,9.535,-1.306,-3.362,7.784,11.611,13.949,1.59,-0.732,78.407,75.44,74.863,81.58,83.048,63.759,58.186,57.191,69.349,72.713,789.226,625.526,514.799,221.981,130.429,3849.914,3461.13,2954.488,920.375,414.362,3.179,3.156,3.036,3.242,3.277,0.301,0.401,0.466,0.142,0.108,1.133,1.614,2.009,0.301,0.185,6.948,6.948,6.948,0,0,0.241,0.241,0.241,0,0,0,0,0,0,0,0,0,0,0,0,22.721,19.702,19.162,26.014,29.06,11.137,10.371,9.23,1.147,0.017,0.328,0.327,0.324,0.003,0,0.003,0.003,0.003,0,0,0,0,0,0,0,0,0,0,0,0,45.875,14.33,4.353,44.01,34.103,30.355,5.416,1.018,30.105,25.737,15.195,1.06,0.095,15.296,14.337,246.594,443.646,515.477,-266.268,-217.34,14.445,14.445,14.37,0.078,0,10.954,10.954,10.912,0,0,0.8997,0.8637,8809.429,6598,0.748970223
POL,1998,Ver,11.38,15.732,18.392,5.127,3.955,4.654,8.139,10.365,-0.257,-0.742,8.111,12.058,14.53,2.475,1.634,78.806,76.065,75.783,82.301,85.024,64.541,59.657,58.794,70.555,75.428,849.556,646.251,488.866,332.127,195.877,3667.727,3286.37,2797.352,867.897,359.397,3.42,3.331,3.112,3.477,3.39,0.304,0.403,0.469,0.138,0.104,1.022,1.46,1.852,0.183,0.138,3.795,3.795,3.793,0,0,0.027,0.027,0.027,0,0,0,0,0,0,0,0,0,0,0,0,22.957,20.752,19.501,25.292,25.69,9.596,9.395,7.967,2.388,0.949,0.308,0.308,0.202,0.107,0.001,0,0,0,0,0,0,0,0,0,0,0,0,0,0,0,10.269,3.155,2.418,8.964,8.155,2.178,0.513,0.379,2.684,2.52,0.077,0.048,0.042,0.033,0.022,571.789,621.218,488.104,15.894,-42.79,9.937,9.937,9.917,0.005,0,8.549,8.549,8.547,0.042,0,0.8997,0.8637,8861.245,4019,0.453548006
POL,1999,Cal,12.249,17.005,19.472,3.94,1.155,5.248,8.769,10.712,-1.445,-3.628,8.844,13.009,15.278,1.263,-1.19,78.454,75.083,73.507,83.514,85.619,63.799,57.77,55.437,72.89,76.947,781.728,563.213,450.839,356.523,213.138,3858.778,3461.009,2977.49,874.459,397.035,3.196,2.963,2.805,3.603,3.541,0.337,0.455,0.535,0.127,0.084,1.521,2.199,2.809,0.177,0.088,13.098,13.098,13.098,0.002,0,0.364,0.364,0.364,0,0,0,0,0,0,0,0,0,0,0,0,22.064,18.941,18.321,27.136,29.92,20.166,20.141,20.088,0.067,0.014,2.191,2.191,2.191,0,0,0.013,0.013,0.013,0,0,0,0,0,0,0,0,0,0,0,0,18.587,17.138,16.995,3.1,3.015,6.026,5.863,5.846,0.517,0.504,1.294,1.286,1.286,0.015,0.015,-488.177,-455.878,-483.074,112.334,-14.255,25.252,25.252,25.205,0.062,0,23.925,23.925,23.907,0.002,0,0.8997,0.8637,8877.142,8307,0.935774149
POL,2000,Cal,12.915,17.07,19.121,4.946,2.94,5.744,8.6,10.099,-0.03,-1.492,9.435,12.987,14.829,2.511,0.787,77.919,74.072,72.282,83.039,84.38,63.098,56.954,54.386,71.444,74.188,768.529,549.445,434.129,380.705,227.748,3913.731,3532.487,3053.502,827.92,393.193,3.178,3.041,2.833,3.801,3.774,0.35,0.469,0.547,0.137,0.107,1.809,2.623,2.968,0.209,0.146,17.135,17.135,16.844,0,0,0.619,0.619,0.619,0,0,0,0,0,0,0,0,0,0,0,0,21.049,18.316,17.617,25.878,27.837,28.642,28.446,28.119,0.521,0.208,6.066,6.063,6.063,0.003,0.003,0.321,0.321,0.321,0,0,0,0,0,0,0,0,0,0,0,0,39.062,31.614,20.617,0.682,0.622,21.034,18.033,10.442,0.033,0.029,8.784,8.027,4.525,0,0,-950.773,-741.587,-322.776,53.384,-25.406,33.009,32.979,24.871,0,0,31.615,31.504,27.909,0.018,0,0.8997,0.8637,8903.555,7013,0.787662905
POL,2001,Ver,11.433,16.156,18.215,6.431,4.276,4.603,8.444,10.166,0.841,-0.46,8.114,12.396,14.334,3.579,1.879,80.151,78.07,76.9,83.534,85.71,65.966,61.839,59.95,71.961,75.603,875.03,682.435,581.115,268.545,181.029,3644.529,3240.476,2775.347,899.146,398.015,3.155,3.003,2.95,3.151,3.092,0.285,0.379,0.44,0.147,0.103,0.771,1.078,1.298,0.658,0.172,2.293,2.293,2.293,0.291,0,0,0,0,0,0,0,0,0,0,0,0,0,0,0,0,23.387,21.212,20.552,24.554,25.866,7.455,7.358,7.304,0.149,0.089,0.224,0.224,0.224,0,0,0,0,0,0,0,0,0,0,0,0,0,0,0,0,0,6.414,2.727,2.376,21.616,10.317,1.646,0.984,0.926,11.275,3.626,0.242,0.214,0.213,4.288,0.786,920.975,970.443,889.322,-679.366,-243.744,5.779,5.779,5.776,8.14,0.03,3.955,3.955,3.955,3.706,0.11,0.8997,0.8637,8915.629,3429,0.384605506
POL,2002,Cal,12.58,17.33,20.094,5.694,2.696,5.367,9.145,11.431,-0.148,-2.541,9.055,13.331,15.907,2.822,0.205,77.31,74.033,72.331,82.662,84.387,62.408,56.547,54.277,71.028,74.749,787.604,580.093,422.049,331.851,244.971,3896.515,3501.704,3006.689,902.33,390.657,3.269,3.103,2.871,3.796,3.972,0.366,0.492,0.588,0.152,0.108,1.837,2.661,3.453,0.291,0.161,19.835,19.835,19.835,0,0,0.353,0.353,0.353,0,0,0,0,0,0,0,0,0,0,0,0,21.399,18.477,17.529,25.239,28.456,24.437,24.071,23.268,1.146,0.335,1.944,1.931,1.906,0.038,0.013,0,0,0,0,0,0,0,0,0,0,0,0,0,0,0,39.872,25.999,23.477,5.734,3.541,17.028,11.271,10.038,2.266,1.265,4.499,3.539,3.258,0.39,0.222,-1001.184,-945.683,-1029.34,0.482,-25.824,28.016,28.016,27.996,0.021,0,30.449,30.449,30.309,0,0,0.8997,0.8637,8968.157,5200,0.579829278
POL,2003,Cal,12.008,16.724,19.867,3.1,0.498,4.367,7.971,10.579,-2.928,-4.985,8.297,12.501,15.45,0.149,-2.133,75.995,71.469,69.081,82.621,84.252,60.537,53.133,50.117,71.142,75.009,603.199,444.514,353.281,286.473,151.094,4128.869,3709.707,3188.349,919.703,416.654,3.116,3.035,3.018,3.16,3.045,0.385,0.529,0.643,0.12,0.084,2.532,3.698,4.784,0.215,0.107,30.553,30.553,30.523,0,0,3.855,3.855,3.855,0,0,0.006,0.006,0.006,0,0,0,0,0,0,0,21.492,17.884,16.615,27.555,29.885,43.992,43.856,41.101,2.835,0.083,6.281,6.281,6.197,0.085,0.001,0.036,0.036,0.036,0,0,0,0,0,0,0,0,0,0,0,0,50.336,43.981,38.572,19.66,14.862,21.424,19.417,17.111,8.326,6.095,6.092,5.593,4.914,1.948,1.234,-1975.715,-1853.069,-1709.152,-83.952,-99.394,39.877,39.877,38.82,0.847,0,53.247,53.247,52.308,0.14,0,0.8997,0.8637,9031.089,21500,2.380665277
POL,2004,Ver,11.618,16.282,18.437,4.27,2.64,4.589,8.113,9.774,-1.095,-2.259,8.225,12.325,14.295,1.607,0.227,77.96,74.077,71.858,83.514,85.131,63.152,56.613,53.553,72.053,75.632,748.929,512.656,406.781,321.295,206.853,3908.686,3520.516,3032.979,877.404,408.299,3.231,3.111,3.014,3.436,3.461,0.33,0.449,0.529,0.125,0.096,1.548,2.257,2.809,0.214,0.153,11.619,11.619,11.535,0.03,0,0.745,0.745,0.745,0,0,0,0,0,0,0,0,0,0,0,0,22.697,19.202,17.745,27.133,28.611,23.333,23.239,23.147,0.198,0.188,2.223,2.209,2.209,0.013,0.013,0.002,0.002,0.002,0,0,0,0,0,0,0,0,0,0,0,0,19.107,15.435,10.83,9.431,5.501,7.185,6.005,4.405,3.11,1.539,2.108,1.901,1.669,0.477,0.21,-684.631,-621.107,-437.955,-132.704,-96.256,14.991,14.991,14.971,0.216,0,24.329,24.329,23.429,0.939,0,0.8997,0.8637,9106.365,3781,0.415204091
POL,2005,Cal,11.899,16.62,19.316,4.756,2.856,4.365,7.721,10.035,-0.749,-1.8,8.265,12.344,14.923,2.045,0.585,77.169,72.814,70.965,83.775,85.694,62.121,54.88,52.131,72.761,76.21,706.599,460.476,394.31,331.666,229.016,4086.856,3684.934,3114.124,932.098,393.27,3.102,2.921,2.784,3.544,3.635,0.362,0.495,0.587,0.13,0.095,2.344,3.327,3.792,0.3,0.139,23.459,23.268,21.908,0.084,0,1.721,1.721,1.721,0,0,0,0,0,0,0,0,0,0,0,0,21.955,18.616,17.078,27.025,28.042,31.339,31.057,30.785,0.341,0.124,3.432,3.413,3.413,0.002,0.002,0.004,0.004,0.004,0,0,0,0,0,0,0,0,0,0,0,0,71.205,42.032,23.847,5.502,3.837,39.679,21.586,10.06,0.924,0.588,14.546,6.911,2.896,0.069,0.026,-2157.881,-1542.229,-964.679,-229.71,-63.183,39.933,37.988,34.19,0.017,0,48.281,43.228,34.044,0.9,0,0.8997,0.8637,9152.905,5826,0.636519225
POL,2006,Cal,12.309,17.191,20.09,3.111,0.48,4.873,8.575,10.954,-2.752,-4.605,8.714,13.037,15.726,0.198,-1.995,77.98,73.523,70.85,85.041,87.327,63.496,55.967,52.281,74.424,79.23,695.855,521.064,431.362,270.083,204.134,4090.023,3680.595,3172.585,943.431,408.333,3.049,2.905,2.858,3.062,3.087,0.382,0.529,0.641,0.114,0.07,2.347,3.442,4.225,0.841,0.29,27.996,27.996,27.609,1.551,0.19,6.853,6.853,6.853,0,0,0.382,0.382,0.382,0,0,0,0,0,0,0,23.012,19.734,17.578,29.145,31.281,34.834,34.714,34.288,0.298,0.157,12.087,12.08,12.031,0.018,0.018,1.245,1.245,1.245,0,0,0,0,0,0,0,0,0,0,0,0,42.428,35.297,26.137,49.853,31.146,24.48,21.527,16.039,31.661,20.108,10.103,9.735,7.634,11.963,7.948,-972.466,-901.911,-546.234,-1210.831,-609.194,36.843,36.843,33.467,5.751,1.945,36.219,36.206,34.022,14.237,5.053,0.8997,0.8637,9164.084,5912,0.645127216
POL,2007,Ver,12.754,17.291,19.557,7.889,5.555,5.727,9.039,10.874,2.239,0.934,9.343,13.291,15.398,5.077,3.294,77.483,73.715,71.643,83.134,85.622,62.814,56.405,53.891,71.276,76.195,827.534,566.695,476.19,366.505,268.078,3899.17,3535.401,3041.894,880.264,364.706,3.369,3.146,3.141,3.801,4.041,0.356,0.48,0.567,0.167,0.115,1.453,2.107,2.62,0.551,0.144,7.421,7.421,7.421,0.388,0,0.108,0.108,0.108,0,0,0,0,0,0,0,0,0,0,0,0,21.421,18.564,18.271,24.191,26.911,28.424,28.423,26.864,2.106,0.121,2.549,2.549,2.518,0.087,0.007,0.017,0.017,0.017,0,0,0,0,0,0,0,0,0,0,0,0,32.894,29.245,28.398,11.709,2.238,11.431,10.865,10.798,5.967,0.439,2.227,2.225,2.225,2.13,0.029,-491.799,-470.95,-440.034,-433.749,-44.157,24.627,24.627,24.363,3.629,0,19.615,19.615,19.615,2.197,0.012,0.8997,0.8637,9224.11,3564,0.38637874
POL,2008,Cal,12.677,16.596,18.865,5.546,3.73,5.75,8.478,10.254,0.352,-0.779,9.317,12.692,14.806,2.942,1.504,77.527,74.021,71.882,83.231,84.872,62.491,56.437,53.875,71.21,75.041,762.237,571.774,431.548,309.345,194.529,3870.716,3485.449,2988.808,872.411,378.317,3.279,3.064,2.908,3.532,3.628,0.36,0.481,0.574,0.138,0.106,1.968,2.841,3.666,0.251,0.164,20.352,20.352,20.352,0,0,3.828,3.828,3.828,0,0,0,0,0,0,0,0,0,0,0,0,20.35,18.583,17.734,23.257,24.65,31.889,31.365,30.704,1.172,0.519,6.34,6.334,6.329,0.01,0.005,0.172,0.172,0.172,0,0,0,0,0,0,0,0,0,0,0,0,23.43,18.642,18.552,7.981,7.895,11.405,9.421,9.415,2.498,2.491,4.275,3.733,3.733,0.544,0.544,-529.415,-444.129,-517.449,-24.505,-64.168,27.891,27.891,27.886,0.001,0,33.092,33.092,32.906,0,0,0.8997,0.8637,9251.403,3028,0.327301708
POL,2009,Cal,11.974,16.675,19.738,4.939,2.736,4.807,8.303,10.493,-0.213,-1.825,8.512,12.645,15.315,2.354,0.471,78.318,74.463,71.642,85.101,86.509,63.652,57.035,53.179,73.951,77.335,785.683,588.744,419.026,315.157,177.522,3984.016,3602.44,3187.226,838.046,390.698,3.046,3.011,2.917,3.26,3.253,0.335,0.456,0.555,0.121,0.089,1.659,2.417,3.131,0.217,0.142,14.122,14.122,14.098,0,0,0.368,0.368,0.368,0,0,0,0,0,0,0,0,0,0,0,0,22.748,19.621,17.747,26.735,28.386,25.426,25.426,25.36,0.032,0.005,5.786,5.786,5.786,0,0,0.058,0.058,0.058,0,0,0,0,0,0,0,0,0,0,0,0,40.429,27.474,26.789,10.346,10.328,14.44,10.911,10.815,2.967,2.967,3.405,3.259,3.253,0.146,0.146,-675.517,-615.532,-658.635,-16.082,-103.118,29.52,29.52,29.503,0.005,0,31.176,31.176,30.719,0.186,0,0.8997,0.8637,9275.784,4400,0.474353435
POL,2010,Ver,10.594,16.105,18.822,3.168,0.602,3.611,8.133,10.658,-2.183,-4.107,7.243,12.248,14.925,0.576,-1.651,80.12,76.752,76.303,84.234,86.134,66.74,60.126,59.358,74.21,78.656,962.566,694.661,626.783,336.445,194.999,3806.976,3398.481,2845.527,890.432,412.032,3.155,3.029,2.924,3.257,3.235,0.303,0.416,0.487,0.117,0.08,1.048,1.532,1.832,0.189,0.087,7.032,7.032,7.032,0.024,0,0.707,0.707,0.707,0,0,0,0,0,0,0,0,0,0,0,0,24.59,20.561,19.917,28.561,30.041,11.153,11.151,11.099,0.077,0,1.462,1.462,1.462,0,0,0.054,0.054,0.054,0,0,0,0,0,0,0,0,0,0,0,0,10.625,8.373,7.36,6.47,5.002,2.96,2.26,2.171,1.483,1.304,0.29,0.27,0.269,0.027,0.02,701.737,717.006,784.817,-22.264,-4.208,13.486,13.407,12.902,0.019,0,13.589,13.589,13.589,0.458,0,0.8997,0.8637,9304.761,2127,0.228592653
POL,2011,Cal,12.477,17.243,19.793,3.545,1.065,5.121,8.613,10.868,-2.373,-3.87,8.868,13.039,15.526,0.613,-1.293,77.384,73.47,72.318,82.452,85.621,62.376,55.727,54.237,71.594,77.661,687.533,543.203,478.602,310.197,264.25,4007.175,3590.47,3037.297,962.106,389.014,3.216,3.119,3.064,3.413,3.471,0.352,0.477,0.559,0.131,0.085,1.787,2.453,2.869,0.318,0.093,11.798,11.793,10.846,0,0,0.748,0.748,0.748,0,0,0,0,0,0,0,0,0,0,0,0,21.055,18.376,18.096,26.478,30.62,27.542,27.526,24.723,2.735,0.018,4.35,4.35,4.189,0.161,0,0.008,0.008,0.008,0,0,0,0,0,0,0,0,0,0,0,0,80.593,38.953,19.729,17.165,5.535,50.219,20.934,9.346,9.452,1.409,22.238,8.292,3.261,3.162,0.077,-1794.321,-1005.599,-450.874,-271.513,-62.143,23.87,23.626,20.257,1.082,0.09,32.921,31.606,27.901,0,0,0.8997,0.8637,9329.175,2850,0.305493251
POL,2012,Cal,11.918,17.214,19.628,4.825,1.999,4.64,8.754,10.793,-0.923,-2.907,8.406,13.121,15.411,1.932,-0.445,77.748,73.976,72.092,82.841,85.211,62.866,56.332,53.915,70.752,75.271,760.277,537.794,442.164,258.913,192.287,3957.224,3554.81,3034.12,960.828,425.159,3.154,3.037,2.923,3.511,3.548,0.35,0.481,0.572,0.14,0.091,1.497,2.185,2.668,0.774,0.413,10.635,10.635,10.635,0.951,0.004,0.441,0.441,0.441,0,0,0,0,0,0,0,0,0,0,0,0,22.25,18.627,17.959,24.525,27.197,20.256,19.822,19.433,0.513,0.075,2.526,2.449,2.449,0,0,0.006,0.006,0.006,0,0,0,0,0,0,0,0,0,0,0,0,31.029,18.013,11.191,61.704,47.127,11.629,6.877,4.683,37.999,32.265,2.706,1.807,1.539,16.948,14.735,-559.948,-454.305,-308.014,-1345.203,-806.023,15.944,15.942,14.327,4.727,0.235,18.994,18.994,18.912,5.021,1.315,0.8997,0.8637,9353.731,7235.69,0.773561908
POL,2013,Ver,11.642,15.984,18.942,3.221,1.656,4.741,7.816,10.449,-2.027,-2.723,8.33,12.077,14.913,0.666,-0.442,79.303,75.691,74.467,84.774,87.187,65.194,59.067,56.937,74.537,78.762,762.388,548.513,458.917,339.183,215.167,3872.303,3512.111,2976.657,883.809,366.39,3.085,2.944,2.824,3.197,3.134,0.328,0.445,0.532,0.11,0.08,1.572,2.281,2.827,0.184,0.09,12.459,12.459,12.458,0,0,0.339,0.339,0.339,0,0,0,0,0,0,0,0,0,0,0,0,23.45,20.838,19.105,29.363,30.393,14.841,14.841,14.773,0.427,0.359,1.252,1.252,1.252,0.077,0.077,0.003,0.003,0.003,0,0,0,0,0,0,0,0,0,0,0,0,19.029,14.801,13.229,4.222,2.858,6.124,4.729,4.49,0.589,0.408,1.119,0.953,0.946,0.039,0.034,-383.543,-348.831,-274.317,-69.865,-46.146,22.904,22.903,22.603,0.071,0,21.071,21.07,21.069,0.081,0,0.8997,0.8637,9369.403,1289,0.137575468
POL,2014,Cal,13.254,17.743,19.643,7.012,4.391,6.088,9.378,11.026,1.144,-0.494,9.694,13.633,15.486,4.022,1.907,78.32,75.124,73.602,83.026,85.024,63.529,57.691,55.742,70.767,75.019,755.812,584.035,485.681,255.275,169.961,4012.022,3609.785,3083.075,927.567,400.006,3.094,2.926,2.886,3.43,3.575,0.352,0.471,0.547,0.158,0.11,1.492,2.098,2.44,0.473,0.213,8.629,8.629,8.546,0.001,0,0.725,0.725,0.725,0,0,0,0,0,0,0,0,0,0,0,0,20.76,18.597,18.676,22.862,25.374,16.935,16.876,15.366,1.617,0.058,1.236,1.23,1.196,0.04,0.006,0.011,0.011,0.011,0,0,0,0,0,0,0,0,0,0,0,0,47.547,23.767,8.143,25.099,14.14,21.162,11.358,2.811,12.954,6.023,6.897,4.835,0.527,5.286,1.231,-645.391,-308.937,36.59,-292.48,-111.587,13.934,13.922,12.434,1.115,0.009,16.377,16.287,14.58,0.002,0.001,0.8997,0.8637,9382.578,2690,0.286701587
POL,2015,Cal,13.491,17.501,20.057,6.645,4.25,5.983,8.678,10.711,1.119,-0.295,9.844,13.263,15.662,3.793,1.92,74.41,69.43,66.807,82.787,84.873,58.827,51.548,48.356,70.579,74.575,624.524,421.363,323.004,279.742,180.184,4096.926,3707.095,3187.28,908.66,382.243,3.289,3.114,3.092,3.329,3.432,0.444,0.601,0.724,0.154,0.11,3.247,4.722,5.696,0.51,0.234,39.988,39.987,37.578,0.084,0,9.028,9.028,9.019,0,0,0.352,0.352,0.352,0,0,0,0,0,0,0,19.368,16.594,15.997,23.102,25.355,49.944,49.613,47.389,1.369,0.172,13.08,12.999,12.948,0.081,0.08,0.407,0.407,0.407,0,0,0,0,0,0,0,0,0,0,0,0,67.436,60.946,44.285,27.182,15.052,36.392,34.315,25.973,10.308,5.78,15.352,15.102,12.926,1.599,1.038,-2592.616,-2470.357,-2034.435,-623.202,-279.68,47.359,47.359,42.705,1.085,0.004,63.174,63.174,58.323,1.797,0.089,0.8997,0.8637,9395.171,5509.9,0.586460853
POL,2016,Ver,12.655,17.239,20.173,6.394,4.959,5.533,9.024,11.176,0.806,-0.012,9.226,13.307,15.902,3.593,2.498,78.15,74.553,71.72,83.027,84.508,62.933,56.974,53.088,70.759,74,813.708,570.607,411.801,331.733,238.059,3921.458,3537.456,3121.956,862.987,385.936,3.059,2.841,2.747,3.379,3.616,0.359,0.488,0.595,0.149,0.12,1.762,2.578,3.357,0.67,0.21,16.798,16.798,16.73,2.41,0.001,0.275,0.275,0.275,0.009,0,0,0,0,0,0,0,0,0,0,0,20.738,18.129,17.01,22.707,24.711,24.322,24.32,24.141,1.377,0.162,1.715,1.715,1.715,0.051,0.001,0,0,0,0,0,0,0,0,0,0,0,0,0,0,0,29.59,19.257,17.97,24.351,14.876,14.682,8.521,7.945,13.081,7.583,4.184,2.512,2.339,3.752,1.881,-552.34,-528.954,-621.275,-431.68,-141.808,23.653,23.653,23.328,4.19,0,28.085,28.085,27.236,4.85,0,0.8997,0.8637,9381.979,1451,0.154658202
POL,2017,Cal,12.176,16.84,18.796,4.729,2.169,5.411,9.067,10.588,-0.705,-2.856,8.903,13.09,14.887,2.049,-0.289,79.447,76.105,74.367,84.387,85.855,65.462,59.527,57.255,73.24,76.686,931.172,720.737,554.572,368.483,202.493,3766.955,3386.196,2932.081,825.421,396.952,3.327,3.274,3.147,3.358,3.389,0.322,0.436,0.511,0.126,0.089,1.055,1.532,1.931,0.18,0.085,6.097,6.097,6.097,0.068,0,0.026,0.026,0.026,0,0,0,0,0,0,0,0,0,0,0,0,22.994,19.948,19.44,26.692,29.497,11.172,11.149,10.914,0.255,0.023,0.554,0.554,0.554,0,0,0,0,0,0,0,0,0,0,0,0,0,0,0,0,0,10.307,5.731,5.523,6.174,4.683,3.091,1.568,1.515,2.159,1.531,0.35,0.191,0.185,0.337,0.159,666.406,682.564,542.453,30.531,-29.117,10.366,10.366,10.349,0.336,0,11.097,11.097,11.097,0.849,0,0.8997,0.8637,9425.73,1023,0.108532708
POL,2018,Cal,13.713,18.852,22.068,4.964,3.205,6.157,9.779,12.576,-0.101,-1.102,10.014,14.441,17.541,2.428,1.075,74.756,70.041,68.09,82.989,84.771,59.457,52.122,49.678,71.637,74.906,639.665,459.882,366.92,358.194,205.901,4224.354,3823.79,3292.49,855.502,388.256,3.074,3.011,2.922,3.463,3.408,0.45,0.62,0.744,0.128,0.1,3.286,4.772,5.755,0.183,0.115,43.598,43.598,41.611,0,0,5.594,5.594,5.593,0,0,0.007,0.007,0.007,0,0,0,0,0,0,0,19.865,17.108,15.943,25.124,25.805,48.596,48.291,44.711,2.774,0.299,10.56,10.56,10.166,0.29,0,0.362,0.362,0.362,0,0,0,0,0,0,0,0,0,0,0,0,86.198,72.992,53.393,13.058,5.787,45.64,39.846,28.689,6.109,1.979,20.098,18.085,13.435,1.623,0.211,-2805.409,-2580.583,-2017.564,25.305,-21.531,56.136,56.133,51.104,0.06,0.004,71.485,71.46,64.978,0,0,0.8997,0.8637,9434.078,2695,0.285666495
POL,2019,Ver,13.923,18.333,20.539,6.719,4.032,6.572,9.777,11.555,1.006,-0.683,10.334,14.188,16.251,3.81,1.646,75.394,70.749,68.044,82.217,85.319,60.012,52.855,49.904,69.725,75.481,691.886,488.515,387.981,316.689,211.236,4082.346,3678.121,3163.222,928.387,395.864,3.312,3.186,3.065,3.515,3.404,0.428,0.582,0.693,0.169,0.105,2.838,4.128,5.271,0.846,0.244,32.658,32.658,32.658,1.986,0,4.936,4.936,4.936,0.001,0,0.108,0.108,0.108,0,0,0,0,0,0,0,19.793,17.104,16.516,23.527,26.378,46.459,45.568,44.925,2.071,0.319,8.038,8.037,8.035,0.107,0.001,0.4,0.4,0.4,0,0,0.022,0.022,0.022,0,0,0,0,0,0,0,60.897,55.988,51.692,23.405,8.005,29.35,27.721,26.074,12.04,3.847,6.116,5.773,5.481,5.284,1.802,-2075.29,-1935.079,-1846.7,-696.187,-183.391,43.735,43.718,43.145,4.995,0,54.494,54.494,54.489,6.507,0.025,0.8997,0.8637,9439.122,3572,0.378425027
POL,2020,Cal,13.558,17.512,19.766,7.898,6.095,6.327,8.904,10.563,2.193,1.404,10.057,13.385,15.404,5.016,3.748,75.956,71.442,69.462,81.671,84.666,60.711,53.784,51.077,68.688,73.704,778.262,584.922,450.611,307.907,222.652,3993.984,3621.251,3111.676,946.037,385.918,3.24,3.038,2.929,3.621,3.796,0.386,0.516,0.608,0.175,0.128,2.22,3.194,4.059,0.49,0.25,22.963,22.963,22.963,0,0,1.155,1.155,1.155,0,0,0,0,0,0,0,0,0,0,0,0,19.513,17.69,17.13,21.202,23.039,47.33,46.788,41.64,6.213,1.065,10.394,10.352,10.235,0.151,0.034,0.133,0.133,0.133,0,0,0,0,0,0,0,0,0,0,0,0,55.623,46.022,39.517,16.723,9.144,34.118,31.166,28.981,5.372,2.73,10.745,10.506,10.468,0.461,0.375,-1102.564,-1035.375,-1044.507,-316.334,-151.897,44.613,44.613,42.929,2.251,0.018,38.175,38.175,38.175,0.005,0,0.8997,0.8637,9442.874,8417,0.891359982
POL,2021,Cal,11.961,16.654,18.929,5.607,3.247,4.881,8.509,10.548,0.178,-1.546,8.535,12.706,14.939,2.9,0.89,78.791,74.516,73.744,85.016,87.216,64.344,57.102,56.144,73.972,78.794,822.91,599.649,529.07,316.457,180.777,3945.728,3545.979,3009.517,873.095,402.769,3.1,3.024,2.919,3.185,3.184,0.337,0.463,0.536,0.13,0.089,1.269,1.84,2.132,0.202,0.152,7.634,7.634,7.592,0,0,0.406,0.406,0.406,0,0,0,0,0,0,0,0,0,0,0,0,22.32,18.828,18.912,25.284,27.373,15.865,15.865,15.088,0.804,0.055,1.187,1.187,1.186,0.009,0.009,0.006,0.006,0.006,0,0,0,0,0,0,0,0,0,0,0,0,9.217,7.289,6.282,5.321,4.904,2.749,2.61,2.504,1.893,1.823,0.728,0.728,0.728,0.207,0.207,274.038,381.953,505.045,89.249,-39.619,12.624,12.521,12.175,0.006,0,12.724,12.696,12.566,0,0,0.8997,0.8637,9450.112,894,0.094602053
POL,2022,Ver,13.06,17.403,19.485,6.162,4.058,5.753,8.713,10.613,0.39,-0.453,9.508,13.2,15.289,3.262,1.86,75.677,70.987,69.495,80.593,85.148,60.366,53.092,51.224,68.167,74.936,745.939,504.233,448.735,291.766,249.188,4095.969,3710.036,3112.048,993.241,375.484,3.16,2.905,2.91,3.624,3.883,0.401,0.544,0.642,0.169,0.108,2.264,3.306,4.022,0.66,0.156,25.609,25.609,25.609,0.042,0,2.484,2.484,2.484,0,0,0.02,0.02,0.02,0,0,0,0,0,0,0,20.347,17.244,17.429,22.682,26.41,46.97,46.508,39.54,7.451,0.462,7.572,7.572,7.405,0.167,0,0.629,0.629,0.626,0.004,0,0,0,0,0,0,0,0,0,0,0,52.246,49.673,28.734,23.743,2.127,32.2,31.654,14.758,17.097,0.147,19.325,19.245,6.784,12.46,0,-1153.463,-1125.341,-822.878,-561.979,-105.452,37.71,37.71,29.545,8.575,0.103,35.577,35.577,35.263,0.472,0.028,0.8997,0.8637,9464.063,3555,0.375631481
POL,2023,Cal,13.518,17.975,20.278,6.712,4.215,6.39,9.504,11.299,1.327,-0.159,10.108,13.932,16.036,4.024,2.071,76.787,72.306,70.172,84.483,86.677,61.842,54.703,51.833,73.002,77.471,867.931,558.357,401.724,340.954,233.905,3973.227,3610.776,3139.188,868.007,364.061,3.19,2.949,2.745,3.279,3.275,0.4,0.542,0.641,0.143,0.101,2.121,3.117,3.946,0.255,0.119,22.806,22.806,22.663,0,0,2.841,2.841,2.841,0,0,0,0,0,0,0,0,0,0,0,0,21.397,18.25,17.112,25.083,27.526,35.328,35.328,34.447,0.707,0,8.547,8.547,8.547,0,0,0.118,0.118,0.118,0,0,0,0,0,0,0,0,0,0,0,0,26.723,26.152,23.237,3.272,2.794,13.135,13.003,12.319,0.722,0.665,5.525,5.524,5.437,0.082,0.08,-888.437,-924.521,-760.473,6.645,-27.307,32.425,32.425,31.848,0.039,0,36.872,36.872,35.266,0,0,0.8997,0.8637,9434.93191,1129,0.119661701
POL,2024,Cal,14.489,19.252,21.716,7.276,4.671,7.26,10.687,12.594,1.859,0.053,10.97,15.097,17.365,4.624,2.446,76.384,71.53,68.837,83.747,86.003,61.411,53.886,50.309,72.663,76.866,761.549,505.86,422.906,481.43,349.204,4054.426,3709.248,3216.217,827.083,349.364,3.166,2.956,2.895,3.681,3.833,0.439,0.602,0.72,0.165,0.11,2.465,3.538,4.435,0.305,0.067,25.227,25.224,25.203,0.143,0,3.77,3.77,3.77,0,0,0.077,0.077,0.077,0,0,0,0,0,0,0,20.185,17.362,17.038,25.459,28.284,39.099,39.014,38.472,0.703,0.001,7.145,7.145,7.145,0,0,0.098,0.098,0.098,0,0,0,0,0,0,0,0,0,0,0,0,45.744,33.274,28.706,4.442,0.199,22.691,17.859,16.727,0.977,0.003,9.705,8.164,7.814,0.111,0,-1739.211,-1437.866,-1214.468,-153.656,43.58,32.021,31.959,31.618,0.631,0,37.683,37.673,37.204,1.606,0,0.8997,0.8637,9471.60549,1358,0.143375904
PRT,1990,Cal,20.412,23.738,25.515,16.449,14.353,10.776,13.172,14.235,8.947,7.951,15.337,18.242,19.673,12.43,10.91,71.752,66.758,64.6,79.145,84.837,51.011,44.561,41.089,62.143,69.247,667.396,419.553,177.602,781.765,662.103,6158.04,5133.795,4300.965,1791.796,882.479,2.713,2.781,2.647,2.935,3,0.687,0.905,1.047,0.367,0.221,9.633,13.984,17.386,2.786,0.775,80.249,80.249,78.408,7.268,0,36.319,36.319,36.224,2.115,0,4.802,4.802,4.802,0.099,0,0.063,0.063,0.063,0,0,15.209,13.631,11.923,20.004,22.406,107.099,106.735,92.013,20.118,0.447,54.739,54.735,49.833,8.537,0,19.35,19.35,19.187,1.557,0,1.696,1.696,1.696,0,0,0,0,0,0,0,106.968,106.027,103.067,10.147,0.415,16.844,16.782,16.724,1.77,0.077,5.473,5.473,5.473,0.469,0.009,-236.048,-189.015,-269.598,-336.085,6.962,159.993,154.525,137.746,29.007,6.433,148.558,148.495,138.119,18.308,0.238,0.2973,0.294,4147.994588,161719.8945,38.98748928
PRT,1991,Cal,20.15,23.602,25.904,14.08,12.548,10.238,12.736,14.049,6.498,4.787,14.96,17.969,19.815,10.02,8.377,69.619,64.821,60.664,80.222,80.739,48.943,42.83,37.918,62.547,63.304,644.759,327.257,118.461,652.877,324.913,6205.415,5199.536,4381.823,1760.939,1012.979,2.753,2.784,2.781,2.811,2.669,0.748,0.986,1.186,0.281,0.234,11.353,16.385,20.899,1.15,0.527,98.822,98.82,96.74,1.668,0,53.613,53.613,53.613,0.095,0,9.887,9.887,9.887,0,0,0.163,0.163,0.163,0,0,14.484,12.536,10.526,19.716,19.008,122.46,118.363,108.905,7.847,0.85,73.429,73.231,71.191,1.828,0.004,34.126,34.121,34.119,0.044,0,4.961,4.961,4.961,0,0,0,0,0,0,0,121.298,120.341,118.397,2.994,0.745,27.629,27.625,27.625,0.062,0.06,17.421,17.421,17.421,0,0,-316.642,-247.591,-636.856,612.677,123.128,156.323,152.419,146.094,6.681,1.084,153.224,152.758,147.919,5.202,0,0.2973,0.294,4156.862252,82181.12783,19.76999064
PRT,1992,Ver,20.089,23.099,24.853,15.288,13.699,9.896,12.094,13.369,6.072,4.8,14.693,17.371,18.906,10.254,8.793,70.295,66.2,64.05,74.537,76.619,48.34,42.835,40.368,54.259,57.364,588.326,375.739,248.308,317.907,203.493,6242.585,5151.195,4249.723,2031.972,1097.295,2.784,2.868,2.849,2.662,2.583,0.686,0.884,1.019,0.381,0.302,10.486,14.768,17.319,3.759,1.824,85.469,85.469,79.862,5.72,0.002,38.126,38.126,37.414,0.603,0,2.244,2.244,2.236,0.007,0,0,0,0,0,0,14.074,12.788,12.029,15.618,16.233,124.11,118.259,99.522,31.001,8.622,70.833,70.244,62.948,9.21,0.788,25.499,25.492,24.068,1.438,0.011,1.598,1.598,1.589,0.009,0,0,0,0,0,0,115.595,103.162,89.625,25.802,10.887,16.373,14.513,11.857,4.193,1.537,2.829,2.744,2.642,0.187,0.086,-668.7,11.28,345.96,-921.686,-583.943,173.448,157.643,130.165,43.085,14.079,146.885,143.105,121.835,23.431,1.857,0.2973,0.294,4165.729917,18696.43971,4.488154558
PRT,1993,Cal,18.876,21.375,23.029,15.276,14.383,9.528,11.604,12.768,6.641,5.872,13.934,16.293,17.72,10.582,9.68,73.527,70.374,68.652,77.493,78.834,53.243,49.187,46.751,57.752,59.934,845.074,654.389,386.911,324.693,196.46,5900.755,4808.204,3985.939,1957.486,1107.265,2.708,2.826,2.756,2.663,2.645,0.575,0.728,0.843,0.331,0.288,7.351,10.158,12.648,2.752,1.979,55.016,54.892,54.789,2.105,0.124,26.967,26.96,26.954,0.115,0.006,2.955,2.955,2.955,0.001,0,0.013,0.013,0.013,0,0,16.248,15.965,14.987,16.528,16.58,86.195,79.86,70.65,18.956,6.617,44.121,43.695,41.431,3.592,0.425,15.925,15.925,15.592,0.333,0,0.832,0.832,0.832,0,0,0,0,0,0,0,71.89,63.225,60.067,9.232,6.416,1.878,0.347,0.185,0.522,0.363,0.006,0.006,0.006,0,0,1033.359,1511.382,1426.453,-657.537,-568.629,119.11,106.281,91.906,29.844,15.408,99.97,99.792,93.377,11.294,2.567,0.2973,0.294,4174.597582,15578.55205,3.731749407
PRT,1994,Cal,20.015,22.936,24.025,14.791,13.201,10.21,12.183,12.83,6.695,5.538,14.841,17.297,18.208,10.452,9.105,73.116,68.529,65.688,80.709,82.742,51.822,45.746,42.648,62.223,64.99,734.278,342.628,249.53,602.894,361.82,6176.524,5183.654,4270.364,1869.922,982.35,2.749,2.785,2.939,2.761,2.679,0.615,0.8,0.916,0.286,0.222,9.656,13.928,17.325,1.569,0.851,80.469,80.469,79.408,0.12,0,35.056,35.056,35.054,0.007,0,2.649,2.649,2.649,0,0,0.024,0.024,0.024,0,0,15.218,12.965,12.102,19.043,19.619,102.979,100.301,91.886,10.861,2.647,57.971,57.657,56.465,1.456,0.29,18.795,18.795,18.767,0.028,0,1.254,1.254,1.254,0,0,0,0,0,0,0,104.589,102.475,100.038,7.043,5.944,7.165,6.604,6.602,1.888,1.885,1.168,1.166,1.166,0.001,0.001,-352.08,-197.112,-23.291,-72.065,-164.848,165.37,160.283,140.502,25.593,5.299,147.145,147.017,133.999,9.855,0.016,0.2973,0.294,4183.465246,28407.55299,6.790435995
PRT,1995,Ver,21.085,24.305,25.549,16.16,14.706,11.409,13.13,14.071,7.971,7.022,16.019,18.495,19.597,11.772,10.557,70.022,64.046,62.395,79.354,82.182,49.054,40.889,39.135,60.337,64.124,850.199,261.773,169.503,431.476,323.529,6158.139,5233.574,4286.51,1889.286,1001.378,2.798,2.705,2.723,2.615,2.627,0.734,0.971,1.075,0.334,0.25,11.709,16.973,19.259,2.455,1.149,103.74,103.647,89.85,2.966,0.005,43.135,43.135,40.972,0.242,0,6.481,6.481,6.478,0,0,0.03,0.03,0.03,0,0,14.912,11.756,11.23,17.937,19.197,136.48,132.321,105.844,17.313,3.819,81.43,80.9,67.699,6.59,0.516,30.961,30.939,27.823,2.152,0.022,3.734,3.734,3.734,0,0,0.086,0.086,0.086,0,0,126.253,124.129,106.123,7.106,2.694,24.648,23.855,19.664,1.01,0.87,11.45,11.285,10.295,0.152,0.122,-769.638,-801.616,-278.321,-362.068,-216.376,171.896,169.413,134.776,22.396,4.396,167.175,165.745,139.102,13.312,0.784,0.2973,0.294,4192.332911,54503.83239,13.00083594
PRT,1996,Cal,19.543,22.746,24.295,15.607,13.621,10.352,12.281,13.402,8.447,7.572,14.749,17.318,18.693,11.807,10.41,72.93,68.065,65.843,79.884,83.258,52.786,45.75,43.082,62.636,68.222,1086.203,380.929,228.245,980.369,811.362,6100.438,5175.594,4276.308,1758.674,870.251,2.856,2.72,2.752,3,3.197,0.629,0.826,0.951,0.338,0.23,9.08,13.033,15.857,2.849,0.536,76.998,76.888,72.171,11.957,0.088,38.448,38.446,38.31,1.923,0,4.351,4.351,4.351,0.002,0,0.003,0.003,0.003,0,0,16.865,13.83,12.873,21.434,23.802,103.234,97.009,83.963,19.642,3.055,54.976,53.252,48.488,7.2,0.038,21.449,21.449,20.729,0.986,0,1.839,1.839,1.839,0,0,0,0,0,0,0,87.593,84.075,79.413,16.192,0.351,0.771,0.551,0.551,4.148,0.094,0.093,0.092,0.092,1.003,0.043,744.407,712.978,496.745,222.545,254.773,139.381,132.59,118.85,20.613,0.734,126.648,122.969,113.935,20.258,0.759,0.2973,0.294,4204.361605,29491.99877,7.014619944
PRT,1997,Cal,20.569,23.728,24.255,16.66,14.033,11.329,13.333,13.964,7.815,6.593,15.728,18.307,18.902,11.944,10.014,73.522,68.127,68.63,76.926,83.097,52.808,45.49,45.756,57.243,65.428,1089.301,487.225,349.124,510.988,460.429,5933.837,5006.451,4009.998,2033.532,990.384,2.625,2.607,2.632,2.558,2.664,0.622,0.819,0.853,0.412,0.242,7.111,10.358,11.086,4.55,1.334,45.876,45.876,40.177,10.385,0.11,9.594,9.594,9.394,0.337,0.002,0.15,0.15,0.15,0,0,0,0,0,0,0,16.853,14.244,14.66,17.147,20.356,104.322,103.062,71.613,40.152,4.532,55.713,55.69,38.288,21.715,1.747,15.147,15.147,10.734,4.866,0,0.026,0.026,0.026,0,0,0,0,0,0,0,84.479,84.479,64.55,27.658,3.518,20.531,20.531,11.578,9.172,0.22,8.174,8.174,7.09,1.085,0.001,428.134,313.395,747.669,-867.989,-207.211,139.606,134.152,101.469,54.139,11.905,136.148,135.785,109.976,35.19,4.041,0.2973,0.294,4216.390299,8548.401055,2.027421668
PRT,1998,Ver,20.378,23.191,24.32,16.509,14.376,10.532,12.641,13.793,8.778,7.734,15.197,17.711,18.854,12.424,10.854,72.397,69.045,68.471,79.384,83.511,51.089,46.705,46.594,61.28,67.395,669.03,439.022,371.62,770.859,589.771,6201.058,5114.565,4134.006,1874.377,938.684,2.664,2.75,2.869,2.746,2.805,0.654,0.832,0.922,0.352,0.236,9.087,12.125,14.152,2.096,0.449,67.827,66.961,66.41,0.37,0,32.342,32.295,32.295,0,0,4.709,4.709,4.709,0,0,0.011,0.011,0.011,0,0,15.176,14.222,14.541,19.746,22.098,104.641,95.517,71.813,25.131,2.413,53.309,52.315,43.932,8.374,0,19.158,19.102,18.429,0.859,0,1.504,1.504,1.504,0,0,0,0,0,0,0,111.159,81.176,71.253,8.17,0.026,18.99,0.606,0.21,0.38,0,8.382,0.022,0.022,0,0,-67.386,868.694,1241.76,-82.499,184.7,164.192,138.796,101.892,29.771,2.568,137.958,119.056,97.876,18.973,0.006,0.2973,0.294,4228.418993,32465.76951,7.677992545
PRT,1999,Cal,19.78,22.838,24.588,15.421,14.002,10.026,12.589,13.634,6.08,4.659,14.641,17.49,18.903,10.401,8.932,72.681,69.968,67.839,76.238,77.114,51.312,47.334,44.159,55.366,56.873,760.916,566.682,303.009,280.012,179.724,6167.599,5041.36,4214.19,2038.539,1145.399,2.791,2.858,2.821,2.543,2.473,0.623,0.791,0.913,0.356,0.299,8.659,12.05,15.212,3.582,3.392,69.421,69.417,69.404,1.192,0.871,30.727,30.727,30.727,0.047,0.047,2.499,2.499,2.499,0,0,0.019,0.019,0.019,0,0,15.604,15.124,13.643,15.796,15.794,102.858,95.446,85.002,27.036,13.077,53.241,52.717,50.573,5.155,1.517,18.48,18.48,18.479,0.137,0.056,1.321,1.321,1.321,0,0,0,0,0,0,0,80.044,76.126,76.051,33.455,31.15,1.35,1.346,1.346,18.399,18.383,0.082,0.082,0.082,8.36,8.36,483.817,992.439,733.064,-1166.194,-1201.888,143.888,128.016,116.309,50.365,31.53,117.763,115.359,111.145,29.637,21.177,0.2973,0.294,4240.447687,7779.987716,1.834709042
PRT,2000,Cal,19.919,22.994,24.213,15.595,13.842,10.194,12.26,13.375,6.665,5.104,14.827,17.416,18.61,10.761,9.065,72.491,67.437,66.737,76.715,79.463,51.457,44.79,44.278,56.773,60.018,994.723,456.765,369.174,362.621,146.185,6069.825,5075.59,4119.983,2063.16,1148.344,2.771,2.746,2.826,2.543,2.492,0.659,0.868,0.963,0.365,0.273,9.98,14.322,16.431,3.104,1.868,84.916,84.911,78.317,2.295,0,43.068,43.068,41.444,0.067,0,7.057,7.057,7.051,0,0,0.04,0.04,0.04,0,0,16.186,14.156,14.274,16.329,16.014,112.529,109.83,85.012,24.74,4.244,70.02,70.011,56.779,9.536,0.009,30.372,30.372,27.355,1.365,0,2.811,2.811,2.68,0,0,0,0,0,0,0,107.501,103.855,83.884,22.142,6.274,3.89,3.87,0.057,3.824,0.019,0.151,0.151,0,0.151,0,-66.103,227.636,865.222,-823.501,-608.924,150.606,140.866,114.418,42.893,16.657,144.298,141.165,112.408,20.657,2.522,0.2973,0.294,4252.476382,50130.56017,11.78855699
PRT,2001,Ver,19.881,23.089,24.784,14.948,13.42,10.41,12.821,13.409,7.991,7.001,14.886,17.748,18.904,11.313,10.101,72.681,69.917,65.435,83.077,84.715,52.213,47.879,41.85,66.295,69.316,998.675,587.005,177.257,1173.81,851.437,6042.395,4984.417,4285.894,1629.116,867.882,2.879,2.835,2.718,3.222,3.279,0.636,0.812,0.977,0.27,0.208,9.132,12.707,16.719,1.716,0.395,78.704,78.674,78.673,4.319,0.005,35.561,35.561,35.561,1.557,0,2.386,2.386,2.386,0.006,0,0.014,0.014,0.014,0,0,16.038,14.791,11.951,22.691,23.998,103.44,95.884,93.823,10.001,1.266,56.2,55.476,55.464,4.419,0,22.033,22.033,22.033,1.653,0,1.062,1.062,1.062,0.131,0,0,0,0,0,0,117.282,89.32,89.32,4.236,0.133,19.022,2.611,2.611,0.013,0.004,8.026,0.624,0.624,0,0,4.157,797.506,74.985,302.441,133.28,144.884,127.732,126.723,8.613,1.361,128.154,125.492,125.23,13.017,0.735,0.2973,0.294,4264.482098,39954.04486,9.369026283
PRT,2002,Cal,19.778,22.504,23.894,15.413,13.707,10.55,12.282,12.998,6.931,5.243,14.928,17.15,18.202,10.802,9.048,75.024,70.667,67.849,77.773,77.478,54.611,48.605,44.961,58.869,59.097,965.222,506.879,281.148,448.198,189.977,5939.112,4990.795,4178.024,1914.283,1099.234,2.778,2.794,2.845,2.648,2.638,0.578,0.75,0.871,0.334,0.291,8.182,11.746,15.299,1.963,2.211,67.386,67.386,67.386,0.031,0.03,33.97,33.97,33.97,0,0,4.518,4.518,4.518,0,0,0.05,0.05,0.05,0,0,16.741,14.826,13.351,17.66,16.564,92.765,90.084,83.201,16.108,8.005,47.884,47.574,47.277,1.032,0.724,15.08,15.062,15.062,0,0,1.029,1.029,1.029,0,0,0,0,0,0,0,85.157,84.397,84.397,28.686,28.686,0.922,0.754,0.754,16.579,16.579,0.133,0.077,0.077,7.458,7.458,1004.855,1054.412,484.697,-464.574,-978.469,133.447,124.584,118.44,29.783,23.514,117.511,116.975,116.841,3.312,2.916,0.2973,0.294,4276.487814,59200.69577,13.84329813
PRT,2003,Cal,20.197,23.734,25.754,14.993,13.229,10.738,13.146,14.314,7.746,6.382,15.256,18.245,19.879,11.161,9.627,72.76,67.936,64.335,82.316,83.487,52.398,45.732,41.491,64.837,67.084,918.733,478.667,207.799,774.354,573.305,6019.18,5082.294,4264.923,1692.231,906.481,2.753,2.743,2.768,2.811,2.942,0.689,0.918,1.099,0.266,0.214,9.689,14.178,18.359,0.805,0.635,85.891,85.891,85.844,0,0,42.6,42.6,42.6,0,0,8.434,8.434,8.434,0,0,0.084,0.084,0.084,0,0,16.007,13.764,11.633,20.905,21.837,101.057,99.579,92.928,5.982,2.502,59.408,59.403,57.969,1.359,0.315,27.552,27.552,27.552,0.018,0.018,4.83,4.83,4.83,0,0,0,0,0,0,0,94.179,94.179,94.164,0.001,0.001,3.601,3.601,3.601,0,0,0.911,0.911,0.911,0,0,818.405,731.025,244.044,612.186,59.2,142.836,140.013,133.538,9.322,4.038,125.279,125.279,124.82,0.335,0.282,0.2973,0.294,4288.493531,254256.9978,59.28818499
PRT,2004,Ver,20.22,23.368,25.359,14.803,13.776,10.249,12.52,13.77,7.233,6.552,14.983,17.777,19.406,10.74,9.875,71.782,67.242,64.191,81.425,83.927,50.322,44.379,40.536,63.434,67.036,593.729,411.741,172.294,560.846,325.197,6249.834,5157.222,4315.854,1823.784,965.375,2.633,2.696,2.676,2.616,2.518,0.677,0.887,1.04,0.274,0.217,9.873,14.081,17.098,1.082,0.596,79.446,79.446,73.335,0.048,0,41.655,41.655,38.718,0,0,7.934,7.934,7.852,0,0,0.513,0.513,0.513,0,0,14.648,13.351,11.621,19.442,19.8,113.049,110.426,98.801,10.075,1.286,67.118,67.09,62.168,0.73,0,28.946,28.946,26.82,0,0,3.743,3.743,3.669,0,0,0,0,0,0,0,103.088,94.636,87,0.661,0.647,3.802,3.289,2.706,0.023,0.023,0.411,0.411,0.165,0,0,-327.22,123.741,81.916,432.084,1.372,156.612,142.763,128.389,10.888,4.213,138.084,138.08,125.576,1.155,0,0.2973,0.294,4300.499247,50001.00484,11.62679074
PRT,2005,Cal,20.607,24.412,26.275,14.878,13.157,10.071,13.088,14.28,5.572,3.663,15.07,18.546,20.07,9.828,7.926,67.256,63.022,60.712,74.428,75.115,45.296,39.975,36.774,53.586,54.355,571.753,374.922,123.637,324.568,78.979,6379.866,5214.373,4393.688,2036.253,1228.386,2.712,2.758,2.757,2.631,2.533,0.792,1.038,1.195,0.371,0.306,13.713,18.994,22.697,4.716,3.452,116.528,115.952,107.641,7.096,0.576,72.703,72.699,66.143,2.949,0.005,13.34,13.34,12,0.082,0,0.12,0.12,0.12,0,0,13.153,11.998,10.349,15.529,14.28,155.133,139.063,117.433,35.44,16.63,100.034,94.658,81.976,15.237,5.364,47.744,47.255,42.148,3.042,0.489,6.91,6.91,5.988,0.074,0,0,0,0,0,0,195.358,142.485,118.246,81.225,57.216,74.804,39.64,27.201,45.848,35.126,24.169,20.684,15.587,7.373,3.485,-1854.851,-746.503,-373.266,-1852.319,-1436.565,202.414,168.682,145.634,65.563,41.909,186.152,167.153,142.316,46.636,19.003,0.2973,0.294,4312.504964,186030.8825,43.13754628
PRT,2006,Cal,20.674,24.219,26.244,14.625,12.699,10.901,13.623,14.678,6.374,4.492,15.532,18.722,20.274,10.203,8.237,72.301,67.947,63.362,78.795,79.684,51.509,46.003,40.238,60.045,61.023,955.083,574.379,212.109,602.782,279.567,6135.304,5077.985,4334.24,1854.061,1087.93,2.677,2.735,2.64,2.695,2.627,0.711,0.941,1.14,0.324,0.25,9.485,13.86,17.912,2.36,0.707,79.826,79.826,79.08,7.902,0,42.445,42.445,42.442,6.548,0,9.16,9.16,9.16,1.34,0,0.028,0.028,0.028,0,0,15.756,14.117,11.789,18.403,17.742,101.334,99.595,95.605,12.921,2.538,64.108,64.108,63.332,7.432,0.04,31.163,31.163,31.153,4.679,0,4.449,4.449,4.449,0.922,0,0.021,0.021,0.021,0,0,91.029,88.725,87.938,12.114,4.249,8.99,8.806,8.806,2.966,0.665,1.81,1.809,1.809,1.456,0.001,869.517,837.373,254.883,302.025,-4.486,135.663,133.709,128.441,12.027,2.003,125.872,125.872,122.424,8.959,0,0.2973,0.294,4324.51068,36091.14171,8.345716865
PRT,2007,Ver,19.982,22.828,24.209,15.523,14.011,9.87,12.081,13.194,7.592,6.42,14.686,17.268,18.545,11.281,9.904,70.967,67.607,66.665,80.951,83.418,49.119,44.799,43.873,62.16,65.511,569.435,348.895,289.745,677.775,416.861,6258.136,5178.506,4212.704,1833.384,979.26,2.598,2.691,2.729,2.693,2.525,0.655,0.823,0.918,0.295,0.223,8.853,11.29,13.217,1.607,0.625,60.726,53.766,53.309,0.761,0,25.999,25.838,25.838,0.003,0,4.581,4.581,4.581,0,0,0.033,0.033,0.033,0,0,14.632,13.489,13.6,19.431,20.344,123.157,104.682,83.196,13.19,0.869,63.635,53.164,48.381,2.549,0,19.473,17.481,17.435,0.009,0,1.709,1.709,1.709,0,0,0,0,0,0,0,100.786,64.618,59.124,16.162,15.37,18.406,1.894,0.197,1.899,1.899,8.028,0.094,0.009,0.001,0.001,-612.328,472.544,729.569,-52.972,-218.464,166.695,134.728,102.929,30.366,11.873,131.918,114.485,100.215,9.259,0.01,0.2973,0.294,4336.666489,15691.03449,3.618224857
PRT,2008,Cal,19.66,22.422,23.93,16.251,15.022,9.905,11.926,13.101,7.023,6.018,14.537,17,18.368,11.254,10.104,72.395,68.469,67.441,74.92,76.766,51.032,45.959,44.641,54.432,57.117,708.336,425.623,340.114,302.435,235.762,6104,5054.68,4154.716,2044.658,1113.861,2.748,2.808,2.78,2.505,2.446,0.616,0.787,0.885,0.404,0.342,8.727,12.238,14.652,4.479,4.119,67.355,67.337,64.755,7.402,6.961,32.079,32.079,31.912,0.161,0.161,2.115,2.115,2.114,0,0,0.029,0.029,0.029,0,0,15.384,13.855,13.459,15.639,16.617,106.136,99.306,82.912,36.503,18.629,52.508,51.814,46.773,14.088,10.471,18.527,18.527,17.646,2.043,1.992,0.719,0.719,0.719,0,0,0,0,0,0,0,86.932,77.678,71.242,28.254,22.759,4.156,1.002,0.051,16.356,14.659,0.333,0.005,0,8.018,7.933,-190.549,344.765,743.006,-1130.077,-925.067,136.264,127.697,112.593,49.463,24.987,130.621,125.616,108.932,27.846,17.779,0.2973,0.294,4336.744199,4534.298942,1.0455537
PRT,2009,Cal,20.691,24.274,25.356,15.171,12.837,10.676,12.864,13.679,6.187,4.75,15.48,18.337,19.313,10.395,8.493,69.715,63.72,62.292,75.641,80.164,48.381,40.554,38.784,55.539,61.129,849.809,271.881,163.75,412.988,342.126,6251.785,5300.709,4327.389,2032.324,1042.21,2.774,2.694,2.711,2.757,2.727,0.741,0.985,1.092,0.382,0.255,11.355,16.267,18.956,3.374,1.376,95.06,95.002,88.095,4.05,0.018,45.224,45.224,44.575,0.177,0,3.583,3.583,3.578,0.002,0,0.024,0.024,0.024,0,0,15.004,11.828,11.281,17.244,19.166,139.771,137.623,108.429,36.086,7.399,90.18,90.177,73.382,15.514,0.693,31.662,31.662,28.818,1.978,0,2.667,2.667,2.498,0.001,0,0,0,0,0,0,120.947,116.823,106.409,21.288,9.514,11.094,10.916,10.144,4.645,3.164,1.266,1.258,1.229,0.333,0.328,-952.01,-753.219,-402.023,-1060.364,-444.841,177.724,166.074,137.864,36.665,10.543,168.236,163.2,142.321,31.797,4.648,0.2973,0.294,4336.821909,30053.21405,6.92977823
PRT,2010,Ver,20.053,23.744,25.976,15.021,13.028,10.63,12.898,14.356,7.756,6.637,15.154,18.137,19.996,11.202,9.707,71.104,65.863,62.481,79.728,82.551,51.247,43.981,40.043,62.386,66.665,1073.91,450.368,177.985,917.691,706.275,6039.094,5156.457,4344.591,1675.301,848.151,2.812,2.687,2.672,2.996,3.194,0.719,0.962,1.15,0.319,0.224,10.069,14.794,18.656,2.392,1.068,88.274,88.274,86.466,5.515,0.058,47.603,47.603,47.463,0.639,0,8.691,8.691,8.691,0.004,0,0.056,0.056,0.056,0,0,16.366,13.327,11.539,21.196,22.999,116.515,114.785,104.123,15.616,1.396,68.285,68.278,65.219,6.462,0.003,27.933,27.933,27.566,1.742,0,2.957,2.957,2.957,0.168,0,0,0,0,0,0,92.216,92.216,89.771,8.489,3.419,0.865,0.865,0.682,0.41,0.169,0.037,0.037,0.027,0.037,0.009,915.183,636.218,250.502,218.516,-13.407,145.347,144.77,133.615,17.629,6.471,125.219,125.173,121.707,13.852,5.036,0.2973,0.294,4336.899618,60586.0084,13.96988949
PRT,2011,Cal,20.873,24.382,25.805,14.67,13.196,10.797,13.193,14.312,6.828,5.894,15.574,18.558,19.839,10.493,9.286,70.98,65.464,64.85,79.41,81.401,50.085,43.081,41.887,61.021,64.392,776.918,397.563,235.504,689.921,470.756,6278.149,5261.64,4330.871,1844.945,988.659,2.622,2.646,2.645,2.747,2.813,0.714,0.947,1.016,0.301,0.239,9.97,14.532,15.387,1.675,0.65,91.032,91.032,70.012,1.808,0,42.175,42.175,28.419,0.14,0,1.72,1.72,0.949,0,0,0,0,0,0,0,15.114,13.028,12.377,19.46,20.496,119.654,117.185,94.3,13.632,3.166,71.683,71.47,54.819,3.24,0.22,25.012,25.012,17.07,0.367,0,1.521,1.521,0.372,0,0,0,0,0,0,0,95.74,95.453,75.551,2.493,0.048,3.297,3.292,0.816,0.183,0,0.444,0.444,0.071,0.01,0,195.716,172.137,426.66,333.887,99.947,152.246,150.617,125.343,14.384,1.219,136.306,136.306,114.682,3.519,0.046,0.2973,0.294,4338.747006,28193.90079,6.498166578
PRT,2012,Cal,20.178,23.436,24.723,16.649,13.831,9.917,12.428,13.496,6.531,4.651,14.806,17.732,18.913,11.252,8.847,69.411,65.189,64.291,70.879,77.349,47.489,42.197,41.132,49.801,57.11,646.166,374.395,252.643,310.957,204.399,6262.067,5132.245,4199.783,2187.698,1170.884,2.664,2.771,2.884,2.452,2.377,0.714,0.929,1.034,0.516,0.293,12.113,16.853,19.456,8.029,2.711,98.265,97.981,89.048,29.763,0.284,54.332,54.332,52.424,15.642,0,13.199,13.199,13.099,0.872,0,0.251,0.251,0.251,0,0,14.248,12.89,12.525,14.226,15.992,139.495,122.107,94.995,59.222,17.615,86.073,77.758,61.173,40.233,8.314,40.05,37.874,29.994,17.941,2.177,6.387,6.335,6.192,1.344,0.053,0,0,0,0,0,157.523,125.619,97.24,80.049,32.144,41.722,27.382,3.716,40.486,14.346,18.38,15.622,1.231,17.521,2.758,-1172.478,-441.478,89.427,-1920.51,-873.139,188.288,161.856,128.262,75.553,27.232,173.233,159.194,129.684,60.911,14.038,0.2973,0.294,4340.594394,68166.38332,15.70438911
PRT,2013,Ver,20.06,23.435,25.569,14.369,13.097,10.366,12.764,13.714,7.139,6.051,14.999,17.934,19.495,10.541,9.349,70.295,65.734,60.442,82.368,83.541,50.176,44.463,38.102,64.645,66.301,915.855,594.058,176.511,805.201,434.819,6137.69,5123.121,4405.592,1673.735,936.434,2.821,2.827,2.776,2.777,2.707,0.734,0.966,1.181,0.259,0.212,11.494,16.19,21.09,1.027,0.372,99.862,99.861,99.322,0.475,0,62.342,62.342,62.323,0.022,0,10.175,10.175,10.175,0,0,0.054,0.054,0.054,0,0,15.296,13.877,10.856,21.235,20.699,121.855,116.442,111.78,7.194,0.527,77.886,77.83,76.978,1.306,0,38.589,38.589,38.514,0.057,0,4.743,4.743,4.743,0,0,0,0,0,0,0,137.484,115.654,115.384,0.375,0,19.417,8.982,8.982,0,0,2.956,2.722,2.722,0,0,-259.775,352.341,-299.174,714.942,202.046,171.807,150.08,145.23,8.74,1.383,149.889,143.647,141.801,4.254,0,0.2973,0.294,4341.577953,66523.17586,15.32234975
PRT,2014,Cal,19.914,23.174,24.41,14.97,13.192,10.88,12.943,13.774,7.398,6.166,15.155,17.803,18.843,10.947,9.44,74.969,70.354,68.625,79.544,80.767,54.644,48.176,45.809,61.597,64.002,1071.516,482.106,311.417,718.359,503.76,5914.686,5038.36,4188.608,1748.946,914.726,2.832,2.733,2.732,2.965,3.106,0.588,0.773,0.868,0.309,0.249,7.511,10.96,13.559,2.208,1.765,59.196,59.196,59.162,0.566,0.001,24.692,24.692,24.692,0.019,0,1.277,1.277,1.277,0,0,0.012,0.012,0.012,0,0,17.151,14.486,13.685,19.776,20.713,89.575,88.303,76.99,15.109,4.935,45.356,45.27,43.567,1.904,0.056,15.078,15.078,15.059,0.075,0,0.942,0.942,0.942,0,0,0,0,0,0,0,73.334,73.199,73.031,22.126,21.831,1.303,1.303,1.303,10.435,10.435,0.004,0.004,0.004,0.234,0.234,1166.097,950.405,788.604,-276.415,-466.041,130.069,128.199,109.434,36.945,20.575,109.181,108.981,105.1,11.747,6.243,0.2973,0.294,4342.561511,8545.095749,1.967754683
PRT,2015,Cal,21.047,24.232,26.079,15.496,13.122,10.822,13.121,14.257,7.079,5.334,15.624,18.421,19.936,10.927,8.881,70.797,65.793,62.905,78.907,81.717,49.242,42.988,39.237,59.724,63.618,570.54,367.362,197.162,455.104,324.759,6261.339,5200.306,4327.608,1928.702,1022.765,2.698,2.708,2.668,2.792,2.816,0.719,0.941,1.101,0.334,0.232,11.065,15.631,19.528,2.176,0.991,98.951,98.951,97.209,0.101,0,45.377,45.377,45.367,0,0,3.836,3.836,3.836,0,0,0.024,0.024,0.024,0,0,14.196,12.671,11.198,17.466,18.749,124.016,121.113,106.964,18.267,2.711,73.71,73.667,68.624,5.035,0.093,29.588,29.588,29.264,0.328,0,2.069,2.069,2.069,0,0,0,0,0,0,0,121.131,105.885,102.569,6.963,5.147,4.111,1.919,1.84,1.275,1.222,0.299,0.221,0.218,0.077,0.077,-815.532,-211.385,-163.416,-214.282,-147.293,174.857,156.407,138.008,29.049,6.702,148.165,147.324,134.366,9.589,0.483,0.2973,0.294,4343.54507,26886.85876,6.190072471
PRT,2016,Ver,20.595,23.76,25.606,15.871,15.136,11.004,12.978,14.268,8.126,7.625,15.548,18.139,19.744,11.697,11.049,72.269,67.417,64.414,80.93,82.366,52.097,45.542,42.548,62.82,65.042,921.634,488.745,347.004,594.469,388.019,6118.765,5140.208,4273.278,1796.913,985.309,2.802,2.749,2.804,2.814,2.811,0.717,0.948,1.114,0.303,0.262,10.198,14.855,17.871,1.712,1.329,92.426,92.423,84.3,1.659,0.004,53.291,53.291,50.102,0.01,0,8.552,8.552,8.552,0,0,0.109,0.109,0.109,0,0,15.97,13.93,12.865,19.349,19.467,108.012,105.565,93.699,8.938,2.454,67.863,67.777,62.965,0.942,0.036,30.717,30.717,28.832,0.016,0,2.263,2.263,2.241,0,0,0,0,0,0,0,90.381,90.167,81.912,12.095,10.238,1.194,1.194,1.14,1.028,0.97,0.179,0.179,0.179,0.003,0,774.354,713.452,746.769,20.79,-323.221,136.605,134.767,119.323,21.996,13.906,122.005,121.925,109.525,6.08,0.567,0.2973,0.294,4343.002342,89097.29652,20.51513895
PRT,2017,Cal,21.907,25.555,26.947,15.985,14.211,11.011,13.554,14.518,7.594,6.184,16.11,19.236,20.424,11.399,9.808,66.83,61.726,60.362,78.651,80.638,44.468,38.158,36.075,59.187,62.238,521.937,225.339,115.417,476.831,317.1,6523.34,5438.83,4493.728,1932.791,1057.788,2.76,2.791,2.855,2.654,2.683,0.848,1.108,1.206,0.35,0.266,14.607,20.329,22.858,2.898,1.141,123.92,122.651,104.202,8.117,0,75.078,75.058,63.097,3.189,0,16.494,16.494,14.224,0,0,0.206,0.206,0.152,0,0,13.076,10.865,9.89,18.156,18.755,165.491,149.726,121.37,18.098,3.525,103.742,99.193,82.202,5.545,0.169,46.245,46.033,36.308,1.885,0,8.115,8.115,5.914,0.022,0,0,0,0,0,0,154.385,133.311,115.333,11.662,3.621,27.172,18.129,10.708,0.885,0.864,6.857,5.007,2.58,0.1,0.1,-1670.106,-927.281,-555.577,-197.149,-139.455,194.824,180.842,153.945,23.648,5.691,179.432,168.309,147.308,12.28,0.07,0.2973,0.294,4342.459614,362484.2821,83.47441642
PRT,2018,Cal,20.14,23.182,25.085,16.122,14.255,10.649,12.901,14.133,7.097,5.53,15.121,17.792,19.343,11.275,9.517,73.264,69.354,68.073,73.696,76.176,52.532,47.637,45.515,53.407,55.682,928.587,594.102,257.642,560.125,258.596,5948.005,4929.259,4104.987,1956.525,1090.955,2.733,2.789,2.594,2.827,2.672,0.659,0.858,0.968,0.466,0.327,9.097,12.876,14.558,6.304,3.503,76.495,76.495,65.561,19.718,1.269,40.074,40.074,31.823,11.981,0.02,6.187,6.187,4.938,2.27,0,0.07,0.07,0.07,0.054,0,16.343,15.167,13.286,17.119,16.443,98.603,89.998,76.609,46.038,22.252,53.818,51.624,43.514,23.013,6.659,20.661,20.608,15.771,9.99,0.264,2.865,2.865,2.232,2.201,0,0,0,0,0,0,94.522,89.649,78.1,40.477,22.499,4.354,4.21,0.726,15.741,8.32,0.755,0.73,0.003,4.202,1.775,495.247,734.905,637.361,-1024.068,-964.44,137.888,126.857,114.548,40.122,20.374,130.271,126.092,109.881,35.054,15.299,0.2973,0.294,4341.916886,21968.25246,5.059574616
PRT,2019,Ver,20.753,23.867,25.191,16.439,14.514,10.603,12.658,13.69,7.213,5.986,15.382,17.985,19.163,11.486,9.85,70.872,66.041,64.483,75.801,81.194,49.106,42.696,40.919,55.715,61.989,728.732,323.944,208.605,394.027,285.855,6227.243,5208.655,4256.274,2052.438,1059.727,2.853,2.819,2.868,2.605,2.526,0.701,0.913,1.023,0.417,0.265,11.484,16.3,18.733,4.658,1.252,97.128,96.817,86.472,12.625,0,49.023,48.988,46.729,8.304,0,7.125,7.125,7.104,1.249,0,0.07,0.07,0.07,0,0,14.54,12.558,12.099,16.628,18.083,127.745,122.282,98.591,31.707,5.006,78.972,78.387,65.67,16.916,0.573,31.2,31.198,27.852,6.952,0.002,3.201,3.201,3.201,0.633,0,0,0,0,0,0,122.31,111.589,98.457,23.093,9.051,9.32,5.726,4.762,6.627,3.052,1.607,0.647,0.439,1.496,0.757,-953.1,-507.195,-48.068,-826.521,-299.092,169.629,160.722,130.063,37.928,8.019,160.81,157.71,132.162,26.642,0.422,0.2973,0.294,4341.374158,23179.16275,5.3391304
PRT,2020,Cal,20.922,23.901,25.767,16.223,14.716,11.34,13.319,14.655,8.275,7.409,15.879,18.377,19.979,11.964,10.774,73.074,68.334,66.209,80.279,82.907,52.215,45.831,43.395,61.15,65.305,731.935,450.263,258.331,561.257,407.158,6033.608,5035.582,4173.844,1831.629,971.751,2.683,2.733,2.696,2.814,2.854,0.692,0.908,1.055,0.332,0.247,10.243,14.752,17.633,3.494,1.381,86.595,86.595,80.753,9.254,0.311,50.319,50.319,49.221,2.266,0.034,9.274,9.274,9.222,0.021,0,0.048,0.048,0.048,0,0,15.484,13.738,12.886,18.331,19.628,104.724,99.759,86.38,19.085,5.114,63.662,63.183,57.362,5.658,0.49,29.724,29.699,28.414,1.266,0.025,3.099,3.099,3.096,0,0,0,0,0,0,0,92.854,90.8,83.171,16.824,3.76,1.996,1.719,0.848,2.52,0.823,0.26,0.241,0.086,0.556,0.221,550.577,731.962,786.787,-610.028,-342.787,147.09,137.974,118.732,30.698,9.862,129.857,128.19,112.038,26.234,4.347,0.2973,0.294,4340.831431,37115.6136,8.550346677
PRT,2021,Cal,20.534,23.691,24.836,15.595,13.943,10.754,12.727,13.658,7.726,7.062,15.361,17.964,19.002,11.396,10.231,71.988,67.509,66.756,79.278,83.248,50.611,44.541,43.454,60.856,66.501,751.515,390.482,269.713,596.535,458.775,6221.687,5230.679,4257.044,1858.076,919.281,2.77,2.689,2.74,2.804,2.851,0.662,0.858,0.94,0.333,0.23,9.573,13.291,15.5,2.625,0.623,73.604,73.439,69.791,5.645,0,34.005,33.995,33.904,1.074,0,4.366,4.366,4.366,0.052,0,0.22,0.22,0.22,0,0,15.068,13.164,13.005,18.627,20.819,110.289,106.962,84.055,19.446,0.707,57.664,57.362,49.355,7.799,0,19.082,19.081,18.634,1.416,0,1.847,1.847,1.847,0.003,0,0.031,0.031,0.031,0,0,98.357,83.045,77.887,5.915,0.4,4.15,0.907,0.179,0.084,0.036,0.338,0.269,0,0.019,0.002,-98.923,371.368,608.07,57.321,163.759,157.83,145.159,113.815,27.669,1.081,132.829,128.888,110.8,16.627,0,0.2973,0.294,4340.288703,8976.977253,2.068290353
PRT,2022,Ver,21.663,24.638,26.358,16.705,15.325,11.805,13.831,14.762,7.824,6.507,16.447,18.962,20.302,11.885,10.468,70.628,66.268,63.476,74.831,75.767,49.207,43.207,39.681,54.438,55.778,816.358,432.625,176.852,349.432,125.273,6119.613,5101.653,4295.589,1979.62,1136.294,2.737,2.794,2.77,2.702,2.67,0.766,0.99,1.144,0.418,0.353,11.644,16.102,19.927,4.435,4.001,96.308,95.773,90.853,4.257,0.701,52.206,52.204,51.779,0.103,0.012,12.566,12.566,12.566,0,0,0.612,0.612,0.612,0,0,14.973,13.225,11.152,15.977,15.067,131.43,117.352,103.69,32.371,16.428,76.231,71.626,65.501,10.247,4.749,34.368,33.695,31.354,0.977,0.668,6.587,6.538,6.434,0.049,0.049,0.086,0.086,0.086,0,0,130.699,98.053,93.479,53.824,47.491,17.216,4.287,3.512,17.639,16.136,2.555,0.503,0.451,2.44,2.12,-571.246,172.325,178.191,-1382.731,-1363.303,173.498,144.809,130.339,57.084,40.08,151.221,137.9,121.865,30.623,16.774,0.2973,0.294,4339.745975,57562.11011,13.26393537
PRT,2023,Cal,21.614,25.135,26.72,16.641,14.659,11.455,13.941,14.864,8.556,7.265,16.284,19.323,20.565,12.341,10.724,70.361,65.686,62.783,78.919,81.164,48.529,42.097,38.579,59.827,64.011,726.901,457.831,210.779,634.129,454.665,6311.581,5232.753,4392.725,1885.812,1011.852,2.723,2.766,2.804,2.719,2.801,0.764,1.004,1.137,0.365,0.263,11.991,17.145,20.653,2.88,1.241,98.888,98.888,90.704,5.155,0,59.823,59.823,57.831,0.425,0,14.793,14.793,14.792,0,0,0.138,0.138,0.138,0,0,14.479,12.959,11.529,18.638,19.686,131.351,126.322,106.667,24.479,5.371,85.195,85.133,73.782,8.835,0.22,44.45,44.45,38.796,3.244,0.006,5.162,5.162,5.04,0.103,0,0,0,0,0,0,128.648,118.876,108.746,18.176,9.794,44.89,42.378,40.174,4.008,2.512,26.141,25.832,25.303,0.397,0.308,-609.931,-155.788,7.928,-625.972,-340.712,168.952,154.254,129.671,36.806,13.073,153.569,150.825,131.121,25.289,3.232,0.2973,0.294,4339.203247,21234.40017,4.893617321
PRT,2024,Cal,21.169,23.816,25.683,16.825,15.328,11.645,13.398,14.249,9.029,7.858,16.104,18.351,19.716,12.651,11.284,73.715,69.668,65.599,81.269,83.697,52.983,47.606,42.411,62.987,66.096,798.621,485.435,175.816,774.406,413.227,6100.057,5061.87,4320.309,1767.754,990.82,2.834,2.893,2.831,2.77,2.63,0.661,0.85,1.019,0.354,0.245,9.525,13.578,17.495,2.358,0.806,79.529,79.528,78.608,7.949,0,40.048,40.048,39.988,1.991,0,5.776,5.776,5.776,0.001,0,0.074,0.074,0.074,0,0,15.854,14.451,11.976,20.122,19.934,93.824,93.082,91.352,12.842,0.489,54.52,54.52,54.471,8.711,0,19.603,19.603,19.603,4.757,0,2.447,2.447,2.447,0.122,0,0,0,0,0,0,108.798,98.224,95.918,5.105,0.269,9.694,4.386,4.37,0.728,0.019,0.971,0.247,0.247,0.44,0,243.177,512.647,60.297,205.609,-34.016,145.507,137.444,130.927,22.174,4.805,133.407,131.707,127.208,11.178,0,0.2973,0.294,4338.660519,84331.01838,19.43710922
ROU,1990,Cal,12.912,17.06,18.578,6.712,3.877,3.897,7.281,8.871,-1.473,-3.648,8.412,12.325,13.99,2.377,-0.174,76.747,73.9,73.847,78.544,79.656,58.365,53.926,53.876,61.925,64.435,818.647,610.317,518.086,263.428,170.547,4773.179,4067.045,3334.146,1424.014,713.592,1.744,1.757,1.698,1.875,1.832,0.354,0.466,0.515,0.185,0.136,1.53,2.147,2.329,0.493,0.243,6.702,6.702,6.428,0,0,0.634,0.634,0.634,0,0,0.005,0.005,0.005,0,0,0,0,0,0,0,20.828,18.34,18.719,23.058,25.751,33.588,32.021,23.243,8.655,2.267,4.814,4.704,3.493,1.225,0.187,0.217,0.215,0.167,0.05,0.001,0,0,0,0,0,0,0,0,0,0,46.521,34.096,15.557,28.78,12.346,21.385,17.1,5.22,14.872,3.487,6.38,5.82,1.847,4.27,0.354,-1336.74,-1133.7,-642.957,-367.914,-156.98,25.733,25.108,17.271,7.429,0.527,28.923,27.469,22.608,1.371,0.029,0.3649,2.00E-04,6869.234375,444,0.064636024
ROU,1991,Cal,11.3,15.922,17.95,5.606,2.882,3.159,7.279,9.144,-2.202,-4.26,7.196,11.646,13.668,1.506,-0.877,80.191,79.707,79.842,81.019,82.535,63.289,61.413,61.178,65.25,68.243,1046.427,883.24,758.809,303.852,208.058,4397.264,3700.337,3066.722,1340.775,686.864,1.719,1.724,1.704,1.718,1.722,0.267,0.347,0.385,0.16,0.108,0.504,0.681,0.722,0.491,0.22,0.047,0.047,0.037,0.273,0,0,0,0,0,0,0,0,0,0,0,0,0,0,0,0,24.276,22.331,21.933,25.466,27.586,5.111,4.392,3.398,4.179,0.663,0.075,0.072,0.019,0.228,0.002,0,0,0,0,0,0,0,0,0,0,0,0,0,0,0,18.979,3.119,0.931,17.876,14.132,8.835,0.706,0.039,8.867,7.742,2.933,0.162,0.004,3.183,2.968,637.205,768.813,779.316,-420.54,-198.339,6.513,6.128,4.89,2.193,0.635,5.132,4.776,3.597,5.107,1.453,0.3649,2.00E-04,6874.242813,277,0.040295347
ROU,1992,Ver,12.048,16.852,19.239,4.522,1.997,3.307,7.346,9.48,-3.091,-5.199,7.71,12.233,14.56,0.56,-1.766,76.077,74.49,73.731,79.322,80.702,58.272,55.037,54.104,63.817,66.644,844.615,682.598,534.796,281.114,159.133,4731.493,4017.128,3345.486,1407.377,714.506,1.849,1.837,1.747,1.859,1.782,0.352,0.465,0.54,0.157,0.111,1.506,2.128,2.637,0.333,0.157,8.025,8.011,7.956,0.01,0,0.602,0.602,0.598,0,0,0.009,0.009,0.009,0,0,0,0,0,0,0,22.449,19.763,18.905,27.096,29.388,31.161,29.602,26.953,2.812,0.682,5.169,5.108,4.873,0.241,0.016,0.218,0.218,0.218,0,0,0,0,0,0,0,0,0,0,0,0,28.431,20.812,16.245,12.854,8.357,6.928,5.224,4.398,3.163,2.461,1.494,1.238,1.145,0.205,0.18,-824.876,-663.753,-600.714,-210.767,-119.339,20.951,20.393,18.92,2.18,0.409,24.699,24.02,22.54,1.62,0.365,0.3649,2.00E-04,6879.25125,729,0.105970835
ROU,1993,Cal,11.536,16.28,18.559,4.414,2.284,2.535,6.846,8.866,-3.632,-5.558,7.102,11.719,13.953,0.273,-1.83,76.396,75.765,74.363,78.032,76.887,59.001,56.878,54.935,62.141,61.616,916.504,700.411,572.551,354.462,155.506,4726.892,3995.798,3346.88,1352.107,732.988,1.858,1.816,1.803,1.933,1.891,0.342,0.448,0.52,0.159,0.136,1.22,1.688,1.987,0.368,0.334,3.558,3.555,3.53,0.069,0.014,0.316,0.316,0.316,0.004,0,0.02,0.02,0.02,0,0,0,0,0,0,0,23.775,20.848,19.637,26.227,26.091,27.529,24.145,22.913,4.923,3.781,3.478,3.088,3.045,0.381,0.356,0.361,0.332,0.331,0.028,0.028,0.009,0.008,0.008,0.001,0.001,0,0,0,0,0,48.455,12.899,10.037,37.402,35.147,26.305,3.464,2.42,23.117,22.157,10.129,0.904,0.621,9.47,9.182,-784.352,-362.46,-263.806,-351.431,-394.967,16.887,14.976,12.977,2.311,1.672,17.062,15.999,15.022,2.614,1.212,0.3649,2.00E-04,6884.259688,518,0.075244111
ROU,1994,Cal,13.123,17.707,20.142,6.05,3.096,4.496,8.271,10.478,-1.798,-4.153,8.836,13.13,15.517,1.973,-0.696,77.011,75.046,74.218,79.561,81.046,59.243,55.596,54.402,64.107,67.411,848.969,693.891,556.264,315.059,222.043,4685.435,4008.538,3346.067,1360.26,677.458,1.781,1.779,1.727,1.872,1.848,0.365,0.481,0.561,0.176,0.118,1.381,1.917,2.346,0.449,0.18,5.493,5.493,5.398,0.028,0.003,0.232,0.232,0.232,0,0,0.001,0.001,0.001,0,0,0,0,0,0,0,21.085,19.086,18.806,25.203,28.655,28.424,25.54,22.965,5.719,2.606,3.976,3.367,3.032,1.03,0.663,0.18,0.152,0.152,0.031,0.03,0,0,0,0,0,0,0,0,0,0,27.437,19.857,16.363,11.786,7.462,8.795,6.091,5.373,3.266,2.428,1.955,1.25,1.16,0.592,0.443,-851.88,-644.565,-536.406,-365.416,-161.672,20.672,19.454,17.487,4.218,0.932,24.117,22.689,21.247,1.963,0.522,0.3649,2.00E-04,6889.268125,312,0.045287829
ROU,1995,Ver,11.576,16.275,18.303,5.459,3.316,3.046,7.223,9.262,-2.29,-4.001,7.366,11.855,13.97,1.481,-0.449,78.853,76.959,76.644,80.408,81.672,61.573,57.763,57.447,64.987,67.428,1052.582,762.432,675.065,348.94,195.59,4595.588,3933.958,3254.271,1326.298,682.309,1.756,1.741,1.76,1.851,1.827,0.304,0.402,0.458,0.159,0.124,0.739,1.063,1.159,0.368,0.261,1.544,1.544,1.544,0.094,0,0.021,0.021,0.021,0,0,0,0,0,0,0,0,0,0,0,0,24.091,20.683,21.183,25.134,27.183,13.23,12.641,11.114,2.443,1.202,0.83,0.815,0.726,0.045,0.032,0.005,0.005,0,0,0,0,0,0,0,0,0,0,0,0,0,10.344,8.267,3.221,8.453,5.82,1.882,1.159,0.269,3.076,2.276,0.184,0.073,0.009,0.571,0.504,221.083,181.456,370.377,-214.115,-165.67,11.299,11.253,7.715,2.102,0.971,7.954,7.941,7.627,2.407,1.427,0.3649,2.00E-04,6894.276563,208,0.030169953
ROU,1996,Cal,10.855,15.216,18.173,2.64,0.218,2.738,6.559,9.16,-4.874,-6.795,6.835,11.013,13.864,-1.19,-3.348,79.596,77.539,76.456,81.757,82.892,63.286,59.364,57.871,67.552,70.771,1004.247,754.949,654.485,353.279,286.522,4519.962,3858.639,3236.012,1326.325,660.172,1.719,1.773,1.778,1.648,1.685,0.296,0.393,0.469,0.122,0.086,0.938,1.327,1.633,0.265,0.05,3.387,3.387,3.387,0,0,0.09,0.09,0.09,0,0,0.001,0.001,0.001,0,0,0,0,0,0,0,24.571,22.244,21.021,30.031,32.857,15.687,15.516,15.43,0.84,0.323,1.525,1.524,1.524,0.084,0.009,0.022,0.022,0.022,0.005,0,0,0,0,0,0,0,0,0,0,0,15.778,13.362,13.213,5.466,2.558,6.534,5.806,5.793,0.991,0.762,1.908,1.866,1.866,0.043,0.043,161.429,173.677,91.079,-49.639,61.173,14.259,13.979,12.865,3.113,0.023,12.594,12.454,12.452,0.325,0.013,0.3649,2.00E-04,6899.285,227,0.03290196
ROU,1997,Cal,11.013,14.809,17.26,5.229,3.492,2.75,6.009,8.339,-2.466,-3.977,6.899,10.539,12.999,1.229,-0.412,78.814,77.079,77.97,80.932,83.15,61.991,58.572,59.558,65.723,69.567,1045.128,865.119,732.319,308.394,205.218,4561.574,3863.315,3173.038,1359.613,689.065,1.801,1.847,1.84,1.713,1.648,0.278,0.359,0.405,0.15,0.115,0.593,0.819,0.945,0.314,0.184,0.359,0.359,0.356,0,0,0.003,0.003,0.003,0,0,0,0,0,0,0,0,0,0,0,0,24.543,22.19,22.183,26.221,28.796,13.738,12.438,9.142,3.245,0.472,1.191,0.828,0.631,0.187,0.008,0.018,0.013,0.013,0,0,0,0,0,0,0,0,0,0,0,0,13.753,11.494,4.456,9.43,2.341,3.659,3.119,1.111,2.535,0.527,0.353,0.342,0.091,0.262,0.012,556.592,530.613,589.892,-118.92,-29.194,9.809,9.766,8.148,2.645,0.287,6.07,6.068,5.6,0.146,0.14,0.3649,2.00E-04,6904.293438,68,0.009848944
ROU,1998,Ver,11.707,16.301,18.944,5.106,4.215,3.099,7.363,9.738,-2.573,-3.208,7.437,11.958,14.526,1.091,0.258,77.829,76.595,76.673,79.375,81.783,60.678,58.056,57.695,64.052,67.79,1011.764,834.911,666.956,335.602,199.544,4580.114,3861.147,3199.65,1378.047,695.676,1.859,1.897,1.822,1.864,1.766,0.319,0.416,0.481,0.155,0.124,0.945,1.335,1.687,0.242,0.151,3.345,3.345,3.345,0.003,0,0.206,0.206,0.206,0,0,0,0,0,0,0,0,0,0,0,0,23.884,21.354,20.625,25.405,26.4,17.387,16.626,14.06,4.541,1.668,1.822,1.779,1.523,0.671,0.398,0.088,0.088,0.088,0.005,0.005,0.007,0.007,0.007,0,0,0,0,0,0,0,26.832,19.073,11.588,14.774,7.276,10.829,6.764,3.689,7.056,3.981,2.973,1.677,0.734,2.236,1.294,67.014,72.458,31.668,-60.764,-17.424,14.381,14.102,13.37,1.058,0.105,13.084,13.084,13.073,0.477,0.003,0.3649,2.00E-04,6909.301875,137,0.019828342
ROU,1999,Cal,12.418,17.046,19.504,4.409,1.385,4.019,8.11,10.329,-3.355,-5.973,8.213,12.667,15.084,0.368,-2.467,79.396,77.986,77.741,80.427,81.47,62.219,59.265,58.829,65.304,67.889,1056.097,771.594,657.411,380.206,226.466,4615.194,3915.625,3257.87,1363.519,703.715,1.773,1.745,1.691,1.828,1.765,0.309,0.404,0.464,0.148,0.106,0.675,0.926,1.07,0.174,0.117,0.549,0.549,0.537,0,0,0.002,0.002,0.002,0,0,0,0,0,0,0,0,0,0,0,0,23.858,21.325,20.79,28.454,31.438,9.851,9.103,7.335,2.069,0.249,0.211,0.156,0.142,0.014,0,0.009,0,0,0,0,0,0,0,0,0,0,0,0,0,0,4.508,3.285,1.944,2.493,1.737,0.615,0.439,0.249,0.328,0.25,0.027,0.001,0,0.027,0.026,361.965,377.281,419.284,159.492,47.019,9.477,9.318,7.71,0.798,0.208,4.761,4.753,4.302,0.007,0,0.3649,2.00E-04,6914.310313,379,0.054813855
ROU,2000,Cal,13.17,17.679,20.184,4.364,1.921,3.817,7.58,9.869,-3.402,-5.582,8.538,12.817,15.332,0.441,-1.878,74.15,70.789,69.327,80.905,81.776,55.481,50.582,49.102,65.326,67.524,726.165,549.869,461.735,406.317,254.186,5039.626,4298.167,3564.077,1388.089,721.384,1.832,1.863,1.833,1.9,1.868,0.431,0.577,0.678,0.146,0.109,2.586,3.551,4.047,0.242,0.15,18.072,17.991,17.659,0.012,0,2.739,2.739,2.739,0,0,0.1,0.1,0.1,0,0,0.005,0.005,0.005,0,0,20.744,18.014,17.019,27.938,29.629,56.028,53.831,49.57,2.396,0.792,14.167,13.94,13.504,0.26,0.055,1.586,1.58,1.58,0.009,0.009,0.055,0.055,0.055,0,0,0,0,0,0,0,103.013,64.3,48.683,1.036,0.389,67.049,36.604,27,0.155,0.043,31.265,16.767,12.683,0.003,0.003,-2866.581,-2041.904,-1542.274,6.115,-3.246,43.341,40.472,27.228,1.589,0.158,45.38,41.508,37.464,0.455,0.007,0.3649,2.00E-04,6919.31875,3607,0.521294094
ROU,2001,Ver,12.3,17.431,19.121,7.935,5.76,3.642,8.127,9.728,-0.404,-1.937,7.983,12.891,14.621,3.396,1.471,77.18,76.028,75.18,78.309,79.902,59.639,56.965,56.023,60.883,63.749,1027.614,818.108,693.042,267.991,165.292,4679.528,3983.206,3323.463,1402.875,713.501,1.826,1.815,1.803,1.83,1.754,0.342,0.45,0.511,0.206,0.154,1.16,1.602,1.853,1.202,0.703,4.378,4.376,4.36,0.413,0.081,0.495,0.495,0.495,0,0,0,0,0,0,0,0,0,0,0,0,21.996,19.956,19.801,20.532,21.383,25.067,23.45,20.421,8.21,2.819,2.829,2.727,2.527,0.691,0.273,0.217,0.217,0.213,0.006,0.006,0.003,0.003,0.003,0,0,0,0,0,0,0,31.4,11.072,9.461,70.467,54.341,12.971,2.747,2.282,49.046,39.112,3.286,0.625,0.389,21.26,16.956,-386.347,-141.304,-38.261,-1491.422,-983.11,17.212,16.423,13.557,16.08,2.93,14.433,13.076,11.408,8.004,3.962,0.3649,2.00E-04,6924.327188,1001,0.144562782
ROU,2002,Cal,12.836,17.279,19.505,5.536,2.081,4.136,8.142,10.271,-2.752,-5.689,8.481,12.794,15.026,1.239,-1.957,76.149,74.366,74.43,77.857,79.587,58.724,55.442,55.344,61.757,65.115,934.589,750.704,631.363,254.681,174.535,4737.408,4032.573,3347.769,1450.55,729.272,1.836,1.845,1.771,1.853,1.841,0.365,0.474,0.539,0.19,0.13,1.446,2.011,2.315,0.783,0.362,6.448,6.448,6.258,0.208,0.002,0.321,0.321,0.321,0,0,0.005,0.005,0.005,0,0,0,0,0,0,0,22.145,19.761,20.199,24.148,27.866,39.957,35.858,26.987,12.078,3.103,7.182,6.632,4.814,2.151,0.318,0.438,0.417,0.358,0.062,0,0,0,0,0,0,0,0,0,0,0,58.187,43.929,26.792,33.617,15.441,31.79,24.807,10.534,21.625,7.217,14.3,12.562,3.286,11.141,1.848,-877.949,-767.917,-585.912,-646.999,-237.62,26.597,25.078,19.27,10.421,2.147,21.885,21.759,19.531,5.266,1.394,0.3649,2.00E-04,6929.335625,3536,0.510294232
ROU,2003,Cal,12.141,17.008,20.148,3.85,1.385,3.074,7.321,10.069,-4.314,-6.489,7.68,12.343,15.377,-0.247,-2.55,75.031,71.787,69.749,79.816,81.071,57.287,52.121,49.658,64.887,67.825,778.614,590.484,432.269,339.144,230.574,4923.795,4207.033,3531.045,1373.208,683.604,1.767,1.778,1.754,1.788,1.751,0.401,0.543,0.658,0.146,0.109,2.021,2.954,3.795,0.2,0.112,16.054,16.054,15.999,0,0,1.172,1.172,1.172,0,0,0.025,0.025,0.025,0,0,0,0,0,0,0,22.556,19.455,17.331,28.69,30.885,49.03,48.505,45.838,4.313,1.734,11.477,11.328,10.908,0.695,0.288,0.576,0.559,0.558,0.022,0.021,0.007,0.007,0.007,0,0,0,0,0,0,0,49.318,48.218,47.496,4.547,4.008,25.632,25.409,25.305,1.608,1.509,9.827,9.801,9.799,0.121,0.12,-1446.087,-1486.128,-1530.691,169.125,42.603,32.364,32.346,30.81,0.958,0.11,37.456,37.456,37.025,0.022,0,0.3649,2.00E-04,6934.344063,762,0.109887827
ROU,2004,Ver,11.983,16.699,18.698,4.629,2.563,3.428,7.332,9.2,-2.976,-4.787,7.766,12.147,14.175,0.69,-1.272,77.346,75.206,74.376,79.982,81.044,60.015,55.969,55.038,64.749,67.174,1008.9,715.248,609.38,399.384,226.289,4707.235,4035.914,3351.985,1335.304,706.256,1.8,1.757,1.722,1.899,1.876,0.328,0.435,0.497,0.152,0.116,0.995,1.403,1.701,0.25,0.125,2.572,2.572,2.572,0.054,0,0.13,0.13,0.13,0,0,0,0,0,0,0,0,0,0,0,0,23.219,20.091,19.536,26.839,28.315,24.746,23.51,21.557,3.215,1.143,2.24,2.067,1.967,0.383,0.271,0.022,0.022,0.022,0.018,0.018,0,0,0,0,0,0,0,0,0,0,14.262,12.531,12.291,2.202,1.786,3.18,2.899,2.895,0.231,0.223,0.387,0.349,0.349,0.007,0.007,-215.23,-171.423,-229.304,56.813,13.576,15.656,15.11,14.206,1.426,0.01,14.051,13.645,13.322,0.431,0,0.3649,2.00E-04,6939.3525,124,0.017869102
ROU,2005,Cal,11.641,16.296,18.876,5.116,2.816,3.154,7.108,9.66,-2.601,-4.004,7.437,11.826,14.446,1.118,-0.777,78.78,76.972,77.442,80.106,81.952,61.708,58.454,58.733,64.645,68.116,1186.311,909.478,804.367,417.47,295.099,4632.354,3960.15,3237.009,1376.294,657.476,1.756,1.754,1.681,1.845,1.821,0.298,0.393,0.447,0.153,0.112,0.688,0.946,0.997,0.273,0.18,0.452,0.452,0.35,0,0,0,0,0,0,0,0,0,0,0,0,0,0,0,0,0,24.066,21.768,21.083,26.881,28.285,13.323,13.03,11.578,2.068,0.772,0.775,0.756,0.675,0.126,0.054,0,0,0,0,0,0,0,0,0,0,0,0,0,0,0,7.419,4.119,3.015,1.476,1.443,1.123,0.709,0.432,0.223,0.221,0.033,0.029,0.01,0.035,0.035,392.094,495.382,545.269,40.996,-39.272,12.628,12.054,10.037,1.266,0.563,4.623,4.578,3.786,0.728,0.407,0.3649,2.00E-04,6944.360938,162,0.023328281
ROU,2006,Cal,12.247,16.836,19.112,4.217,1.675,3.424,7.489,9.716,-3.776,-5.975,7.839,12.3,14.624,0.108,-2.294,78.377,77.076,76.546,80.624,81.552,60.613,57.786,57.096,65.297,67.401,998.094,834.152,685.372,381.645,231.298,4725.76,4016.305,3338.067,1366.835,697.082,1.731,1.76,1.729,1.778,1.676,0.32,0.421,0.483,0.144,0.103,0.986,1.319,1.479,0.349,0.156,1.742,1.742,1.726,0.102,0,0.02,0.02,0.02,0,0,0,0,0,0,0,0,0,0,0,0,23.441,21.49,20.82,28.035,30.088,14.891,13.739,12.568,0.898,0.252,0.973,0.927,0.89,0.027,0.017,0.004,0.004,0.004,0,0,0,0,0,0,0,0,0,0,0,0,22.584,7.625,4.277,5.797,4.71,7.417,1.081,0.538,1.393,1.117,2.114,0.082,0.051,0.25,0.231,-386.26,-26.952,150.53,-156.97,-131.005,14.935,14.164,12.381,2.268,0.565,14.209,12.301,10.371,0.837,0.045,0.3649,2.00E-04,6949.369375,946,0.13612746
ROU,2007,Ver,13.525,18.295,20.74,7.756,5.511,4.665,8.404,10.445,-0.099,-1.52,9.139,13.513,15.858,3.579,1.714,74.221,70.806,68.623,79.905,81.806,56.246,51.07,48.627,62.914,66.587,963.186,687.1,510.849,322.276,205.931,4935.914,4287.867,3613.802,1391.244,667.488,1.846,1.805,1.791,1.896,1.909,0.443,0.599,0.713,0.187,0.137,2.328,3.396,4.264,0.63,0.371,19.751,19.751,19.692,0.022,0,5.197,5.197,5.197,0,0,0.439,0.439,0.439,0,0,0.014,0.014,0.014,0,0,20.826,17.706,17.145,21.419,23.456,58.723,56.89,51.596,6.062,2.532,18.835,18.499,18.021,0.469,0.374,3.575,3.568,3.534,0.008,0.008,0.128,0.128,0.128,0,0,0,0,0,0,0,64.936,58.174,51.694,27.367,17.856,37.405,35.04,32.367,10.915,7.707,13.567,13.098,12.589,2.808,2.271,-1442.912,-1423.814,-1288.749,-763.747,-428.505,36.572,36.311,33.582,4.156,1.022,35.428,35.374,34.218,4.039,1.962,0.3649,2.00E-04,6954.377813,2529,0.363655825
ROU,2008,Cal,13.049,17.409,19.482,5.476,2.894,4.298,7.955,9.883,-2.108,-4.254,8.677,12.83,14.926,1.467,-0.956,76.197,74.522,73.623,78.612,79.675,58.292,55.126,54.206,62.808,65.288,916.449,729.368,577.639,379.514,197.206,4842.452,4115.953,3429.587,1370.145,712.869,1.81,1.773,1.712,1.834,1.785,0.38,0.498,0.578,0.172,0.127,1.656,2.283,2.82,0.358,0.149,10.466,10.466,10.465,0.053,0,1.18,1.18,1.18,0,0,0.025,0.025,0.025,0,0,0,0,0,0,0,21.429,18.877,18.766,25.778,28.622,35.406,33.562,28.08,9.58,1.537,6.937,6.651,6.027,1.301,0.256,0.594,0.585,0.581,0.046,0.009,0.003,0.003,0.003,0,0,0,0,0,0,0,36.452,24.922,22.098,11.851,8.728,12.604,9.05,8.404,3.748,3.092,2.495,2.098,2.034,0.427,0.362,-928.057,-627.599,-558.694,-92.234,13.753,23.882,21.637,19.295,3.331,0.461,23.674,23.19,22.626,1.436,0,0.3649,2.00E-04,6959.38625,373,0.05359668
ROU,2009,Cal,13.175,17.804,20.591,5.886,3.662,4.393,8.106,10.331,-1.755,-3.437,8.841,13.128,15.739,1.843,-0.139,75.234,71.568,69.141,80.244,80.948,57.415,51.866,48.792,64.363,66.46,885.126,611.514,433.167,382.872,240.263,4883.75,4253.821,3622.574,1341.82,674.58,1.726,1.73,1.683,1.817,1.822,0.405,0.548,0.656,0.161,0.126,2.075,3.03,3.814,0.403,0.336,14.41,14.41,14.013,0.001,0,0.622,0.622,0.622,0,0,0,0,0,0,0,0,0,0,0,0,21.548,18.637,16.775,25.683,27.317,52.3,51.753,49.471,2.916,1.124,8.748,8.659,8.656,0.126,0.125,0.146,0.141,0.141,0.004,0.004,0,0,0,0,0,0,0,0,0,0,67.824,58.815,52.558,12.857,12.186,30.228,27.175,23.977,3.874,3.505,9.333,9.074,8.415,0.413,0.292,-1877.064,-1823.519,-1689.603,-258.107,-288.653,37.321,37.311,35.94,2.744,1.789,42.503,42.499,38.85,0.621,0.484,0.3649,2.00E-04,6964.394688,974,0.139854222
ROU,2010,Ver,12.291,16.637,19.556,5.389,3.138,3.908,7.852,10.591,-2.023,-3.67,8.14,12.345,15.226,1.619,-0.345,79.271,77.813,77.906,81.861,83.803,62.482,59.463,59.125,67.133,70.672,1131.598,837.509,714.423,467.346,306.04,4548.835,3872.683,3235.632,1261.141,617.858,1.784,1.772,1.724,1.791,1.722,0.313,0.406,0.473,0.151,0.103,0.843,1.16,1.445,0.314,0.089,2.612,2.612,2.612,0.397,0,0.084,0.084,0.084,0,0,0,0,0,0,0,0,0,0,0,0,24.179,21.553,20.986,27.355,29.003,13.298,12.418,10.23,2.117,0.225,1.018,0.922,0.836,0.071,0.021,0.03,0.03,0.029,0,0,0,0,0,0,0,0,0,0,0,0,11.174,8.582,8.072,9.171,3.098,3.137,2.435,2.395,3.707,0.838,0.522,0.417,0.417,0.645,0.107,316.648,347.966,242.434,-122.158,17.544,12.891,12.248,11.807,1.594,0.006,9.63,9.61,9.536,3.652,0.003,0.3649,2.00E-04,6969.403125,206,0.029557768
ROU,2011,Cal,12.652,17.442,20.108,5.244,3.567,3.588,7.573,10.149,-2.973,-4.325,8.085,12.635,15.365,0.966,-0.565,74.97,71.958,71.54,79.89,81.577,56.728,52.182,51.662,64.684,67.67,681.441,549.443,473.297,316.715,221.78,4984.491,4265.927,3536.63,1377.427,705.786,1.722,1.81,1.819,1.748,1.737,0.392,0.526,0.606,0.159,0.127,2.269,3.031,3.321,0.275,0.231,15.984,15.969,12.147,0,0,0.79,0.79,0.559,0,0,0.002,0.002,0.002,0,0,0,0,0,0,0,20.876,18.39,17.512,26.6,28.865,45.476,43.412,34.541,5.201,1.53,5.279,4.968,3.989,0.326,0.174,0.038,0.037,0.032,0.001,0,0,0,0,0,0,0,0,0,0,0,94.443,53.631,34.84,7.882,5.212,50.257,26.62,14.412,2.301,1.39,20.723,10.804,3.703,0.231,0.094,-2692.66,-1826.371,-1232.726,-20.69,-73.115,39.277,35.839,29.982,1.022,0.648,47.472,41.259,32.38,0.1,0.019,0.3649,2.00E-04,6974.411563,2195,0.314721892
ROU,2012,Cal,13.285,19.182,21.912,4.085,1.394,3.977,8.896,11.436,-3.945,-5.804,8.722,14.203,16.908,-0.113,-2.436,73.917,70.003,68.586,77.702,80.583,55.893,50.11,48.571,60.956,65.337,816.117,565.592,477.374,265.508,194.147,5060.98,4355.706,3607.52,1507.757,736.079,1.791,1.794,1.757,1.784,1.702,0.478,0.662,0.781,0.175,0.111,3.289,4.841,5.836,1.291,0.698,37.697,37.697,36.342,3.838,0.014,6.953,6.953,6.918,0.231,0,0.212,0.212,0.212,0,0,0,0,0,0,0,22.003,18.371,16.759,25.043,26.391,68.837,68.238,61.56,10.892,1.589,21.911,21.9,21.355,1.245,0.214,2.41,2.41,2.408,0.005,0.001,0.025,0.025,0.025,0,0,0,0,0,0,0,89.034,79.451,70.884,61.528,44.583,55.562,50.786,47.988,38.452,26.962,26.935,25.522,24.885,18.213,11.229,-2549.197,-2434.749,-2057.947,-1474.211,-906.172,47.924,47.897,43.416,10.626,3.437,59.294,59.252,54.947,15.097,6.214,0.3649,2.00E-04,6979.42,6624,0.949075998
ROU,2013,Ver,13.017,17.391,19.926,5.721,3.253,4.476,8.094,10.475,-1.883,-3.773,8.731,12.855,15.42,1.781,-0.385,77.028,74.35,72.879,81.424,83.679,59.871,55.566,53.638,66.319,69.976,920.119,728.603,564.14,400.968,240.447,4750.926,4086.55,3434.522,1286.758,646.036,1.804,1.804,1.769,1.802,1.749,0.375,0.499,0.595,0.163,0.111,1.681,2.37,3.034,0.609,0.131,12.096,12.096,12.096,1.355,0,0.576,0.576,0.576,0.035,0,0.002,0.002,0.002,0,0,0,0,0,0,0,22.584,20.004,18.939,27.215,29.239,36.088,35.624,33.903,5.358,0.326,7.155,7.105,7.029,0.46,0.011,0.283,0.283,0.283,0.001,0,0,0,0,0,0,0,0,0,0,0,47.073,40.091,39.455,9.735,1.451,23.77,21.948,21.898,2.77,0.115,9.394,9.137,9.136,0.626,0.009,-999.112,-847.789,-923.704,-366.931,-25.502,30.812,30.111,29.738,2.927,0.022,29.741,29.734,29.731,4.337,0.04,0.3649,2.00E-04,6980.676,421,0.060309345
ROU,2014,Cal,13.326,17.503,19.35,7.764,5.367,4.905,8.295,10.018,-0.25,-1.971,9.096,13.023,14.904,3.413,1.284,78.639,75.87,75.427,80.423,82.057,61.415,56.69,56.027,64.221,67.436,1012.772,795.317,652.745,272.821,152.536,4665.05,4026.228,3351.718,1385.814,687.781,1.759,1.784,1.744,1.793,1.734,0.343,0.453,0.511,0.184,0.134,1.132,1.586,1.833,0.46,0.333,5.759,5.759,5.533,0,0,0.316,0.316,0.315,0,0,0,0,0,0,0,0,0,0,0,0,21.693,19.648,19.997,22.299,24.809,22.666,22.46,15.86,6.53,0.601,2.017,2.017,1.712,0.336,0.05,0.026,0.026,0.024,0,0,0,0,0,0,0,0,0,0,0,0,34.472,21.934,14.417,23.752,17.985,13.108,7.375,4.589,9.545,7.388,3.197,1.695,1.092,2.228,1.76,-419.672,-297.742,-122.839,-317.068,-266.637,17.243,17.071,14.407,2.94,0.786,14.295,14.262,12.731,0.018,0.007,0.3649,2.00E-04,6981.932,217,0.031080222
ROU,2015,Cal,13.478,17.761,20.522,6.066,3.844,4.944,8.507,10.814,-1.2,-2.85,9.244,13.303,15.936,2.254,0.292,75.712,72.724,70.421,81.473,82.999,58.403,53.871,51.209,66.578,69.81,838.645,639.886,495.038,385.821,232.993,4750.783,4074.713,3459.218,1291.566,644.589,1.766,1.772,1.77,1.781,1.785,0.417,0.558,0.675,0.156,0.115,1.925,2.694,3.514,0.32,0.172,14.604,14.602,14.602,0.226,0,1.985,1.985,1.985,0.001,0,0.026,0.026,0.026,0,0,0,0,0,0,0,21.408,18.809,17.886,26.016,28.362,48.489,45.814,43.172,3.701,0.601,10.391,9.589,9.505,0.356,0.272,0.643,0.528,0.528,0.01,0.008,0.016,0,0,0,0,0,0,0,0,0,42.594,35.568,33.25,8.154,3.958,16.906,15.048,14.248,2.461,1.033,4.69,4.48,4.413,0.387,0.186,-1104.928,-962.355,-1081.308,-117.443,-30.897,28.061,26.544,26.118,1.345,0.089,27.321,27.321,27.31,1.56,0.032,0.3649,2.00E-04,6983.188,1671,0.239288989
ROU,2016,Ver,12.793,17.447,20.321,6.93,5.292,4.374,8.458,10.768,-0.536,-1.951,8.621,13.101,15.763,3,1.44,77.302,75.707,74.033,81.645,82.371,60.075,57.026,54.768,66.139,68.055,1044.03,806.157,614.141,372.327,223.688,4661.056,3990.494,3427.229,1257.372,660.826,1.776,1.723,1.677,1.791,1.803,0.359,0.474,0.567,0.161,0.135,1.233,1.774,2.266,0.319,0.344,6.651,6.651,6.622,0.002,0.002,0.438,0.438,0.438,0,0,0,0,0,0,0,0,0,0,0,0,22.021,19.606,18.913,23.415,25.009,24.446,23.611,22.315,4.003,2.487,2.587,2.527,2.525,0.614,0.586,0.01,0.01,0.01,0.107,0.107,0,0,0,0.016,0.016,0,0,0,0,0,26.439,20.769,19.222,9.093,7.727,8.505,6.919,6.344,2.86,2.337,1.856,1.476,1.394,0.484,0.402,-211.467,-196.587,-312.811,-25.303,-164.518,17.483,17.337,17.053,1.576,1.536,15.55,15.55,15.314,0.007,0,0.3649,2.00E-04,6984.444,675,0.096643341
ROU,2017,Cal,12.965,17.985,20.112,4.582,1.752,4.083,8.227,10.162,-3.144,-5.801,8.576,13.258,15.386,0.57,-2.225,75.937,72.85,71.689,79.217,79.229,58.485,53.36,52.274,63.914,65.242,847.783,646.054,513.951,352.244,183.775,4836.352,4178.606,3495.099,1324.69,716.28,1.839,1.866,1.809,1.849,1.808,0.398,0.539,0.624,0.157,0.119,1.686,2.452,2.919,0.239,0.151,10.309,10.309,10.144,0.029,0,0.474,0.474,0.474,0,0,0.003,0.003,0.003,0,0,0,0,0,0,0,21.562,17.957,17.812,26.343,29.338,38.421,38.17,33.136,3.924,0.652,6.389,6.387,6.248,0.09,0.004,0.287,0.287,0.287,0,0,0,0,0,0,0,0,0,0,0,0,39.187,26.755,23.784,16.5,14.603,14.098,8.478,7.848,6.196,5.833,3.367,1.942,1.852,1.436,1.427,-1030.628,-982.985,-852.827,-42.405,-106.718,22.017,21.696,19.649,1.372,0.34,24.114,24.108,23.235,0.24,0,0.3649,2.00E-04,6985.7,2459,0.35200481
ROU,2018,Cal,13.361,18.469,21.185,5.323,3.374,4.785,8.905,11.563,-1.837,-3.03,9.09,13.776,16.532,1.631,0.039,77.449,74.848,73.958,82.384,83.833,60.328,55.881,54.736,67.813,70.729,934.008,677.099,552.095,426.856,248.58,4769.204,4135.695,3466.94,1229.787,603.843,1.702,1.698,1.655,1.832,1.783,0.373,0.5,0.577,0.146,0.106,1.885,2.563,2.651,0.369,0.094,9.55,9.412,7.348,0.165,0,0.349,0.349,0.317,0,0,0,0,0,0,0,0,0,0,0,0,22.961,20.126,18.991,26.822,27.65,33.668,32.385,27.852,2.279,0.16,4.506,4.378,3.689,0.054,0,0.065,0.063,0.06,0,0,0,0,0,0,0,0,0,0,0,0,68.636,51.422,32.472,2.399,0.873,37.359,27.256,15.172,0.568,0.169,16.076,10.916,5.612,0.097,0.013,-1854.942,-1433.387,-896.688,44.202,75.466,37.776,35.373,27.677,1.384,0.106,43.679,38.986,27.825,0.875,0.006,0.3649,2.00E-04,6986.956,1341,0.191929075
ROU,2019,Ver,13.872,18.339,20.217,6.153,2.891,5.153,8.675,10.711,-1.629,-3.783,9.509,13.61,15.668,2.131,-0.568,75.885,72.493,72.561,78.915,82.723,58.29,53.067,53.532,63.255,69.442,834.012,612.156,541.658,311.856,251.925,4830.21,4160.689,3402.52,1436.864,671.57,1.759,1.708,1.699,1.794,1.723,0.403,0.537,0.599,0.197,0.118,2.195,3.17,3.544,1.273,0.511,17.128,17.128,16.568,2.204,0.138,1.565,1.565,1.565,0.032,0,0.003,0.003,0.003,0,0,0,0,0,0,0,21.102,18.177,18.426,25.444,29.809,43.976,43.235,32.804,12.219,1.615,7.981,7.962,6.756,1.721,0.132,0.218,0.218,0.205,0.013,0.003,0,0,0,0,0,0,0,0,0,0,65.185,61.814,47.081,40.911,17.034,33.226,32.407,26.669,23.59,10.085,11.045,10.974,9.741,10.586,5.148,-1848.008,-1721.77,-1221.528,-1160.501,-423.551,39.125,38.827,32.412,12.606,2.411,39.65,39.161,35.344,16.146,4.692,0.3649,2.00E-04,6988.212,2496,0.357172908
ROU,2020,Cal,13.649,17.96,20.047,8.216,5.968,4.96,8.396,10.136,0.115,-1.249,9.277,13.29,15.29,3.863,2.021,75.326,72.246,70.674,77.912,80.39,58.021,53.913,51.973,60.92,64.561,916.6,725.854,568.049,302.871,199.412,4792.468,4110.802,3473.119,1405.259,693.922,1.745,1.776,1.743,1.857,1.911,0.39,0.517,0.601,0.216,0.153,1.869,2.68,3.392,0.859,0.305,11.052,11.052,10.998,0.561,0,1.055,1.055,1.055,0,0,0.017,0.017,0.017,0,0,0,0,0,0,0,20.697,18.919,18.253,22.011,23.972,50.027,48.057,42.219,11.692,1.971,13.796,13.609,12.555,1.506,0.151,1.068,1.065,1.018,0.053,0,0.009,0.009,0.009,0,0,0,0,0,0,0,63.684,46.588,41.194,34.166,19.323,33.163,24.226,22.427,15.622,9.596,12.247,9.348,9.188,4.221,2.969,-1261.874,-1119.671,-1125.307,-753.287,-292.088,35.552,35.406,34.289,5.305,0.435,30.453,30.422,29.851,4.231,0.507,0.3649,2.00E-04,6989.468,5152,0.737109033
ROU,2021,Cal,12.474,16.518,19.27,6.346,4.43,3.96,7.19,9.663,-0.845,-2.231,8.248,11.983,14.698,2.553,0.884,76.477,73.227,72.867,81.67,83.645,58.985,53.974,53.214,66.63,69.906,927.799,618.325,515.418,409.451,242.119,4796.9,4146.697,3454.229,1289.125,643.738,1.761,1.744,1.721,1.712,1.663,0.372,0.496,0.581,0.155,0.114,1.618,2.322,2.73,0.206,0.121,9.5,9.5,9.12,0.051,0,0.475,0.475,0.474,0,0,0.006,0.006,0.006,0,0,0,0,0,0,0,21.707,19.096,18.695,24.899,25.951,33.781,32.199,28.519,4.629,1.344,4.452,4.186,4.083,0.373,0.272,0.199,0.198,0.198,0.002,0.002,0,0,0,0,0,0,0,0,0,0,38.496,30.722,22.503,6.797,2.424,14.617,11.664,8.651,2.183,0.257,3.313,3.034,2.532,0.309,0,-1058.683,-911.268,-668.169,85.212,10.02,22.378,21.991,19.364,0.629,0.015,26.465,25.265,22.343,0.384,0.013,0.3649,2.00E-04,6990.724,2101,0.300541117
ROU,2022,Ver,13.3,17.539,20.069,5.411,3.928,4.601,7.891,10.306,-2.05,-2.775,8.988,12.863,15.438,1.522,0.414,74.275,70.746,70.584,77.166,81.203,56.501,51.342,51.007,61.666,66.953,811.162,596.849,539.4,296.308,239.955,4905.007,4236.786,3470.648,1425.564,675.277,1.776,1.742,1.742,1.878,1.916,0.42,0.56,0.651,0.182,0.13,2.185,3.068,3.615,0.693,0.274,16.775,16.715,16.524,0.396,0,3.422,3.422,3.422,0.001,0,0.137,0.137,0.137,0,0,0,0,0,0,0,21.028,18.715,18.139,24.204,26.284,53.625,51.635,43.049,10.579,2.278,14.299,14.231,12.465,1.851,0.1,1.401,1.401,1.331,0.071,0.001,0.005,0.005,0.005,0,0,0,0,0,0,0,68.223,52.03,39.046,32.075,17.466,38.311,30.439,23.481,15.601,8.709,18.22,15.299,12.894,4.523,2.448,-1554.758,-1258.816,-962.603,-685.807,-280.932,32.435,29.389,23.928,6.812,1.72,37.249,35.586,32.158,5.213,1.202,0.3649,2.00E-04,6991.98,13153,1.881155266
ROU,2023,Cal,13.905,18.268,20.108,7.535,5.302,5.408,8.835,10.753,0.027,-1.267,9.693,13.677,15.643,3.603,1.826,76.5,73.103,73.334,81.588,84.428,59.163,53.945,54.414,65.751,70.744,933.707,599.336,517.847,377.758,298.114,4716.258,4080.445,3372.105,1328.499,625.041,1.856,1.78,1.727,1.789,1.789,0.4,0.533,0.592,0.174,0.119,1.823,2.613,2.544,0.592,0.31,10.907,10.866,7.795,0.235,0.061,0.681,0.68,0.543,0,0,0.002,0.002,0.002,0,0,0,0,0,0,0,21.292,18.6,18.943,23.363,25.927,30.176,29.916,22.621,5.212,0.338,4.608,4.603,3.535,0.637,0.015,0.127,0.127,0.117,0.002,0,0,0,0,0,0,0,0,0,0,0,42.332,36.349,15.253,11.276,7.074,20.115,17.887,5.743,3.713,2.342,7.709,7.071,1.911,1.28,0.755,-1314.979,-1208.046,-531.889,-354.108,-183.759,25.329,24.76,15.403,5.173,1.828,31.843,30.724,20.249,4.061,1.662,0.3649,2.00E-04,6993.236,554,0.079219406
ROU,2024,Cal,14.805,19.638,22.103,8.387,5.756,5.962,9.854,12.092,0.552,-1.301,10.377,14.865,17.338,4.287,2.041,73.717,70.017,67.675,78.77,81.149,55.848,50.655,48.423,62.471,66.476,792.706,570.642,472.653,370.533,274.023,4925.979,4237.874,3561.472,1359.684,672.642,1.765,1.74,1.751,1.974,2.023,0.499,0.675,0.804,0.225,0.153,2.93,4.14,5.221,1.16,0.301,26.904,26.897,26.897,3.111,0.041,5.349,5.349,5.349,0.138,0,0.117,0.117,0.117,0,0,0,0,0,0,0,19.359,16.717,16.427,22.275,24.988,65.791,63.442,58.534,7.373,0.706,20.378,20.193,19.752,0.853,0.018,2.261,2.257,2.254,0.008,0,0.01,0.01,0.01,0,0,0,0,0,0,0,76.525,60.434,53.472,35.608,10.629,39.415,33.505,30.5,18.965,4.139,15.339,14.615,13.855,6.962,1.042,-2077.991,-1734.149,-1654.397,-846.561,-175.562,42.209,39.148,37.245,10.355,1.067,36.051,35.709,35.447,11.577,1.121,0.3649,2.00E-04,6994.492,3289.111111,0.47024303
SVK,1990,Cal,11.657,15.808,17.421,5.915,3.252,3.483,6.462,8.059,-1.393,-3.301,7.689,11.341,13.039,2.162,-0.136,79.415,76.016,75.406,83.033,84.691,62.692,57.218,56.352,68.098,71.363,849.285,643.798,543.573,248.448,165.177,4185.721,3682.733,3051.906,1151.679,556.15,1.902,1.913,1.852,1.969,1.906,0.299,0.402,0.455,0.142,0.099,1.118,1.62,1.937,0.317,0.133,9.103,9.103,9.103,0.032,0,1.309,1.309,1.309,0,0,0.004,0.004,0.004,0,0,0,0,0,0,0,21.54,18.952,19.157,23.701,26.146,20.191,19.735,16.766,3.08,0.459,3.725,3.722,2.969,0.751,0.003,0.198,0.198,0.146,0.051,0,0,0,0,0,0,0,0,0,0,0,44.86,25.523,14.63,37.555,27.182,17.862,9.189,4.788,15.693,11.293,5.345,1.291,0.766,5.075,4.55,-843.305,-723.078,-498.134,-578.915,-287.9,9.898,9.898,9.248,0.749,0,13.853,13.85,13.679,0.258,0.017,0.3658,0.0291,1988.989,232,0.116642173
SVK,1991,Cal,10.477,15.156,17.167,4.423,1.411,2.554,6.567,8.248,-2.511,-4.698,6.649,11.06,12.987,0.933,-1.64,80.349,78.538,77.5,83.657,84.705,64.284,60.635,59.183,70.016,72.778,826.581,603.703,495.215,286.837,197.477,4025.127,3470.107,2931.384,1086.837,526.142,1.899,1.942,1.956,1.855,1.821,0.262,0.35,0.404,0.121,0.081,0.654,0.927,1.063,0.216,0.078,1.9,1.9,1.655,0,0,0.009,0.009,0.009,0,0,0,0,0,0,0,0,0,0,0,0,23.535,20.539,19.62,27.192,30.255,5.814,4.442,4.035,1.584,1.138,0.149,0.066,0.066,0.089,0.083,0,0,0,0,0,0,0,0,0,0,0,0,0,0,0,24.714,3.815,2.075,19.375,18.117,10.324,0.468,0.242,9.808,9.805,3.137,0.038,0.005,3.099,3.099,-119.957,24.219,141.777,-151.96,-89.156,3.487,3.459,3.098,0.13,0.028,6.349,6.34,5.297,0.042,0,0.3658,0.0291,1989.964,208,0.104524504
SVK,1992,Ver,11.547,16.317,19.149,3.888,1.674,3.329,7.049,9.334,-2.889,-4.635,7.59,11.919,14.547,0.493,-1.477,76.988,73.253,71.132,83.029,85.215,60.686,54.748,52.052,69.271,73.427,758.228,552.921,376.982,389.716,229.92,4369.477,3814.09,3252.884,1157.59,558.276,1.992,2.029,1.984,1.989,1.925,0.357,0.49,0.592,0.123,0.084,1.835,2.708,3.498,0.233,0.076,20.517,20.517,20.494,0.244,0,3.648,3.648,3.648,0,0,0.517,0.517,0.517,0,0,0.011,0.011,0.011,0,0,22.323,18.463,16.781,28.079,30.308,34.811,34.495,33.298,1.821,0.539,5.675,5.675,5.675,0,0,0.422,0.422,0.422,0,0,0,0,0,0,0,0,0,0,0,0,46.347,45.122,41.964,8.009,3.746,23.973,23.946,22.835,1.329,0.078,9.606,9.606,9.444,0.174,0,-2007.724,-1999.174,-1910.879,-192.401,-51.608,16.652,16.652,16.544,0.403,0,27.142,27.142,26.73,1.052,0.008,0.3658,0.0291,1991.107,474,0.238058527
SVK,1993,Cal,11.018,15.762,18.235,3.361,1.457,2.565,6.384,8.365,-3.714,-5.228,6.946,11.291,13.613,-0.17,-1.904,77.207,74.303,72.061,81.77,82.696,60.767,55.407,52.318,68.024,70.204,737.673,523.248,412.722,343.12,203.069,4352.156,3811.458,3228.789,1123.693,558.773,1.951,1.95,1.922,1.992,1.945,0.329,0.446,0.535,0.121,0.093,1.286,1.874,2.404,0.168,0.081,10.262,10.262,10.234,0.024,0,0.617,0.617,0.617,0,0,0.001,0.001,0.001,0,0,0,0,0,0,0,23.631,19.618,17.926,28.188,29.684,33.386,32.366,31.191,2.141,0.658,5.01,4.893,4.888,0.009,0.004,0.014,0.014,0.014,0,0,0,0,0,0,0,0,0,0,0,0,65.99,37.711,33.582,25.298,20.87,32.345,21.293,17.805,12.832,9.26,12.184,9.039,6.265,5.834,3.04,-1541.557,-1364.893,-1344.447,-224.098,-113.7,11.559,11.559,11.537,0.065,0,21.186,21.186,21.164,0.412,0,0.3658,0.0291,1991.463,1154,0.579473483
SVK,1994,Cal,12.048,16.459,19.023,4.979,2.277,4.008,7.376,9.553,-1.452,-3.504,8.178,12.184,14.625,1.745,-0.636,78.601,75.517,74.03,83.695,85.174,62.135,56.827,54.946,70.601,74.188,839.658,657.057,509.149,356.616,227.7,4248.345,3709.995,3145.32,1074.852,520.294,1.929,1.947,1.891,1.964,1.875,0.335,0.453,0.542,0.126,0.086,1.242,1.804,2.303,0.158,0.074,12.595,12.595,12.595,0.027,0,1.099,1.099,1.099,0,0,0,0,0,0,0,0,0,0,0,0,21.945,19.08,18.407,27.42,30.773,26.305,25.383,23.103,2.839,0.944,5.526,5.34,5.34,0.298,0.298,0.061,0.061,0.061,0,0,0,0,0,0,0,0,0,0,0,0,35.916,31.269,31.182,12.432,12.256,20.055,18.387,18.387,3.462,3.46,8.378,8.18,8.18,0.304,0.304,-1074.698,-1029.553,-1024.58,-73.309,-86.211,11.666,11.666,11.621,0.025,0,21.004,21.004,20.94,0.022,0,0.3658,0.0291,1991.671,38,0.019079456
SVK,1995,Ver,10.881,15.605,17.653,4.395,2.706,3.048,6.851,8.687,-2.132,-3.306,7.104,11.4,13.454,1.121,-0.292,79.07,77.013,76.185,82.652,84.208,62.854,58.569,57.748,68.661,71.903,894.921,664.856,575.001,363.468,203.162,4159.323,3648.633,3064.306,1069.608,517.934,1.964,1.936,1.946,2.055,2.021,0.292,0.389,0.451,0.125,0.099,0.852,1.237,1.409,0.159,0.095,5.681,5.681,5.681,0,0,0.096,0.096,0.096,0,0,0,0,0,0,0,0,0,0,0,0,23.798,19.868,19.84,26.049,28.208,16.329,16.181,14.311,2.656,0.469,1.412,1.412,1.156,0.254,0,0,0,0,0,0,0,0,0,0,0,0,0,0,0,0,25.167,18.93,11.607,6.115,5.343,7.489,5.138,2.871,2.49,2.339,1.127,0.409,0.241,0.72,0.718,-472.329,-358.083,-169.478,-30.58,-53.515,5.555,5.536,4.87,0.043,0,10.243,10.243,10.241,0.064,0,0.3658,0.0291,1992.257,70.42,0.035346845
SVK,1996,Cal,9.771,14.432,17.007,2.402,-0.443,2.158,6.107,8.35,-4.3,-6.328,6.083,10.464,12.939,-0.992,-3.406,80.27,79.067,78.537,81.094,82.165,64.751,61.541,60.703,68.098,71.667,949.515,752.635,659.681,278.062,224.327,4055.875,3490.015,2914.056,1170.738,548.008,1.926,1.964,1.989,1.809,1.876,0.25,0.331,0.388,0.12,0.084,0.463,0.653,0.802,0.286,0.058,0.936,0.936,0.936,0,0,0,0,0,0,0,0,0,0,0,0,0,0,0,0,0,25.82,22.891,21.747,30.675,33.788,8.706,8.706,8.339,0.477,0.031,0.101,0.101,0.101,0.002,0,0,0,0,0,0,0,0,0,0,0,0,0,0,0,0,10.569,7.965,7.86,9.676,3.018,4.501,4.148,4.141,2.485,0.361,0.899,0.879,0.879,0.188,0.02,705.134,717.62,611.042,-255.541,-83.079,3.963,3.963,3.962,0.686,0.019,1.508,1.508,1.508,0.002,0,0.3658,0.0291,1993.366,215,0.107857764
SVK,1997,Cal,10.446,14.636,17.031,3.854,1.309,2.624,5.946,8.165,-3.259,-5.389,6.649,10.461,12.858,0.308,-1.992,79.199,75.889,76.537,82.468,85.06,63.202,57.199,57.908,68.661,73.376,906.838,708.659,627.428,235.23,154.973,4169.014,3643.343,3008.839,1159.261,564.086,1.94,2.01,2.022,1.848,1.798,0.271,0.364,0.413,0.125,0.083,0.667,0.939,1.052,0.187,0.08,1.286,1.286,1.283,0,0,0.005,0.005,0.005,0,0,0,0,0,0,0,0,0,0,0,0,23.779,20.472,20.526,27.818,31.428,13.209,12.335,8.594,3.158,0.05,0.779,0.469,0.363,0.103,0,0,0,0,0,0,0,0,0,0,0,0,0,0,0,0,21.332,16.059,1.537,18.002,4.145,8.928,7.982,0.149,8.085,0.387,1.811,1.542,0,1.559,0.018,-108.293,3.47,286.553,-139.146,-40.21,3.555,3.445,3.098,0.198,0,4.21,3.892,3.116,0,0,0.3658,0.0291,1996.373,35,0.017531794
SVK,1998,Ver,10.942,15.343,17.999,4.668,3.656,3.159,7.097,9.262,-1.785,-2.147,7.166,11.414,13.886,1.371,0.666,79.699,77.532,77.451,80.925,84.839,63.828,60.092,59.387,67.001,72.938,941.818,785.214,624.022,293.587,198.913,4044.17,3475.725,2931.166,1142.839,518.193,2.013,2.083,2.002,2.028,1.917,0.281,0.372,0.436,0.138,0.099,0.608,0.843,1.047,0.316,0.183,2.4,2.4,2.4,0.004,0,0.107,0.107,0.107,0,0,0,0,0,0,0,0,0,0,0,0,23.6,21.409,20.544,24.779,26.664,12.643,12.188,8.651,5.447,1.279,1.566,1.566,0.926,0.953,0.309,0.031,0.031,0.031,0,0,0,0,0,0,0,0,0,0,0,0,29.581,16.284,3.076,28.357,14.484,14.972,8.53,1.184,14.484,7.004,4.036,2.791,0.444,3.843,1.496,168.018,266.65,326.972,-474.604,-171.171,3.357,3.094,2.622,0.995,0.373,3.529,3.529,3.456,1.167,0.317,0.3658,0.0291,1998.283,32,0.016013748
SVK,1999,Cal,11.182,16.248,18.716,3.125,0.086,3.435,7.587,9.65,-3.502,-6.305,7.45,12.078,14.406,-0.169,-3.07,80.95,78.235,77.285,84.615,85.697,65.397,60.314,58.837,71.971,74.575,948.435,693.596,591.758,370.651,211.458,4108.348,3591.038,3031.238,1079.581,540.194,1.973,1.953,1.892,1.973,1.892,0.272,0.368,0.428,0.108,0.074,0.633,0.91,1.08,0.087,0.047,0.469,0.469,0.466,0,0,0.001,0.001,0.001,0,0,0,0,0,0,0,0,0,0,0,0,24.522,20.69,19.85,29.6,31.859,8.383,8.372,7.909,0.403,0.003,0.093,0.093,0.093,0,0,0,0,0,0,0,0,0,0,0,0,0,0,0,0,0,9.674,8.495,8.388,1.516,1.446,2.647,2.586,2.584,0.063,0.061,0.648,0.648,0.648,0,0,-30.227,25.365,123.118,84.645,-17.238,3.445,3.443,3.308,0.094,0,1.226,1.185,1.026,0,0,0.3658,0.0291,2000.088,2496.52,1.248205079
SVK,2000,Cal,12.181,16.82,19.062,3.131,0.728,3.947,7.46,9.284,-3.348,-5.471,8.238,12.383,14.495,0.014,-2.24,78.73,74.44,72.214,85.037,86.229,62.576,55.821,52.931,72.631,75.308,873.049,620.07,474.559,429.317,253.73,4349.385,3831.646,3244.905,1065.33,549.722,1.944,1.955,1.902,2.078,2.015,0.347,0.478,0.567,0.106,0.077,1.455,2.145,2.631,0.139,0.06,12.487,12.487,12.469,0.002,0,1.042,1.042,1.042,0,0,0.006,0.006,0.006,0,0,0,0,0,0,0,22.825,19.612,17.896,30.21,32.277,35.313,35.291,35.123,0.145,0.03,6.031,6.031,6.031,0,0,0.319,0.319,0.319,0,0,0,0,0,0,0,0,0,0,0,0,40.605,37.786,32.728,0.316,0.279,16.481,15.81,12.74,0,0,5.479,5.411,4.217,0,0,-1591.229,-1533.838,-1346.52,-52.42,-33.598,12.191,12.191,11.397,0.043,0.001,18.166,18.146,17.837,0.2,0.042,0.3658,0.0291,2001.253,927.25,0.463334721
SVK,2001,Ver,10.963,16.046,17.867,6.231,3.649,3.187,7.535,9.059,-0.282,-1.949,7.199,11.97,13.714,2.902,0.781,79.933,78.348,76.388,84.61,86.374,64.457,60.839,58.465,71.362,75.121,944.799,730.425,616.431,364.481,245.495,4022.874,3477.786,2983.623,1042.443,495.021,2.011,1.994,2.055,1.931,1.904,0.283,0.377,0.446,0.135,0.09,0.754,1.075,1.373,0.304,0.089,3.281,3.281,3.281,0.018,0,0.094,0.094,0.094,0,0,0,0,0,0,0,0,0,0,0,0,24.004,20.785,20.188,25.644,27.579,13.491,13.332,13.172,0.436,0.159,0.866,0.866,0.866,0,0,0.014,0.014,0.014,0,0,0,0,0,0,0,0,0,0,0,0,22.494,10.219,9.576,13.385,7.695,6.997,3.106,2.967,4.715,1.505,0.86,0.408,0.408,1.267,0.073,-281.655,-164.817,-218.636,-316.575,-108.996,3.907,3.906,3.848,0.796,0.001,6.841,6.841,6.841,0.328,0.02,0.3658,0.0291,2002.129,159.15,0.079490382
SVK,2002,Cal,11.861,16.489,19.1,4.344,0.799,3.81,7.66,9.987,-2.904,-5.907,7.943,12.235,14.746,0.712,-2.517,79.212,76.479,75.159,82.688,83.953,63.127,58.093,56.166,69.071,72.475,867.293,677.55,539.507,253.904,191.511,4211.667,3700.026,3120.733,1161.06,545.87,1.974,2.014,1.94,2.001,2,0.314,0.423,0.502,0.132,0.089,0.959,1.4,1.762,0.199,0.083,5.359,5.359,5.359,0,0,0.102,0.102,0.102,0,0,0,0,0,0,0,0,0,0,0,0,22.609,19.864,19.312,26.596,30.61,24.561,22.841,20.544,3.211,0.987,1.967,1.937,1.794,0.171,0.028,0.031,0.031,0.031,0,0,0,0,0,0,0,0,0,0,0,0,25.115,17.808,13.219,15.369,10.769,6.152,4.281,2.59,6.402,4.712,0.985,0.528,0.394,1.038,0.904,-736.444,-700.036,-706.731,-159.897,-103.063,5.492,5.492,5.313,0.237,0,4.843,4.843,4.843,0,0,0.3658,0.0291,2002.773,595.32,0.297247866
SVK,2003,Cal,11.696,16.781,20.015,3.036,0.549,3.005,7.183,9.814,-4.279,-6.412,7.488,12.21,15.232,-0.56,-2.866,74.839,70.525,68.246,81.768,82.73,57.742,51.116,48.113,68.683,71.065,643.567,481.927,375.683,313.528,190.371,4578.655,3988.272,3373.637,1143.122,559.132,1.98,1.993,1.975,1.969,1.936,0.398,0.55,0.669,0.119,0.087,1.985,2.916,3.737,0.184,0.068,21.691,21.691,21.691,0,0,1.386,1.386,1.386,0,0,0,0,0,0,0,0,0,0,0,0,22.357,18.432,16.791,28.52,30.359,56.354,56.294,52.725,4.36,0.734,12.404,12.404,11.829,0.577,0.002,0.459,0.459,0.447,0.012,0,0,0,0,0,0,0,0,0,0,0,68.551,64.361,59.487,10.617,6.243,33.086,32.216,30.713,2.281,0.933,10.801,10.799,10.723,0.078,0.002,-2697.745,-2656.237,-2601.39,-10.246,-24.455,15.152,15.152,14.169,0.981,0,31.158,31.158,30.795,0.007,0,0.3658,0.0291,2004.1,1567.84,0.782316252
SVK,2004,Ver,10.764,15.515,17.712,3.371,1.588,2.9,6.69,8.563,-3.174,-4.511,6.987,11.321,13.412,0.085,-1.522,79.652,77.279,75.541,82.952,84.269,63.651,59.1,56.451,69.621,72.409,928.892,682.832,555.104,359.866,213.049,4235.241,3692.02,3133.829,1099.35,552.947,1.966,1.935,1.927,2.027,2.015,0.28,0.375,0.444,0.115,0.086,0.712,1.035,1.279,0.126,0.069,3.274,3.274,3.27,0,0,0.129,0.129,0.129,0,0,0,0,0,0,0,0,0,0,0,0,24.307,20.891,19.432,28.402,29.984,11.304,11.133,10.916,0.292,0.201,0.658,0.617,0.617,0.041,0.041,0,0,0,0,0,0,0,0,0,0,0,0,0,0,0,11.169,5.392,5.382,6.953,6.453,3.663,2.215,2.215,1.697,1.542,1.03,0.929,0.929,0.101,0.101,148.63,188.315,154.173,-0.243,-58.318,3.742,3.742,3.72,0.002,0,6.363,6.363,6.238,0.356,0,0.3658,0.0291,2004.926,138.87,0.069264402
SVK,2005,Cal,10.793,15.712,18.264,3.659,1.388,2.56,6.586,9.024,-3.207,-4.772,6.812,11.35,13.94,0.207,-1.72,79.034,76.215,75.323,83.345,84.896,63.047,58.165,57.078,70.135,72.992,989.969,677.169,619.859,350.685,248.229,4315.073,3765.779,3102.753,1170.892,550.249,1.922,1.937,1.926,1.987,1.962,0.293,0.397,0.465,0.115,0.084,0.744,1.025,1.216,0.144,0.052,1.432,1.432,1.432,0.004,0,0.006,0.006,0.006,0,0,0,0,0,0,0,0,0,0,0,0,24.072,20.604,19.443,29.195,31.018,16.515,16.481,15.901,0.663,0.027,0.728,0.728,0.728,0,0,0.005,0.005,0.005,0,0,0,0,0,0,0,0,0,0,0,0,19.85,8.992,8.845,2.285,2.268,4.824,2.142,2.137,0.364,0.364,0.503,0.232,0.232,0.018,0.018,-120.807,137.439,163.711,11.884,-13.321,4.127,3.807,3.668,0.022,0,1.659,1.561,1.556,0.126,0,0.3658,0.0291,2005.234,527.96,0.263290968
SVK,2006,Cal,11.469,16.25,18.845,2.823,0.158,3.313,7.138,9.441,-4.375,-6.587,7.489,11.901,14.429,-0.846,-3.28,79.509,76.482,75.213,83.566,84.384,63.121,57.732,55.91,69.967,72.649,830.396,652.402,552.781,361.444,266.822,4352.817,3807.736,3217.238,1161.973,571.294,1.854,1.884,1.843,1.803,1.744,0.311,0.426,0.503,0.11,0.078,1.122,1.616,1.637,0.255,0.177,7.332,7.332,6.737,0,0,0.326,0.326,0.326,0,0,0,0,0,0,0,0,0,0,0,0,23.772,20.89,19.569,29.604,31.786,17.052,16.839,16.452,0.176,0.037,2.006,1.997,1.995,0,0,0.079,0.079,0.079,0,0,0,0,0,0,0,0,0,0,0,0,56.644,40.243,14.719,10.004,9.864,31.461,25.991,8.013,2.385,2.38,13.978,12.85,3.793,0.252,0.252,-1160.327,-844.684,-150.706,-256.804,-246.763,12.241,12.241,9.14,0.459,0.32,13.523,13.262,8.961,0.102,0.098,0.3658,0.0291,2006.94,178.2,0.088791892
SVK,2007,Ver,12.382,17.154,19.617,6.88,4.496,4.319,7.829,9.826,0.415,-0.79,8.487,12.691,15,3.634,1.846,77.229,72.982,70.519,84.448,87.754,60.676,54.026,50.994,70.589,76.269,889.195,628.518,500.804,334.447,236.786,4389.229,3899.982,3331.606,1062.771,456.093,1.998,1.974,1.96,2.047,2.038,0.366,0.502,0.601,0.146,0.089,1.578,2.315,2.944,0.662,0.123,13.76,13.76,13.76,0.595,0,0.817,0.817,0.817,0,0,0.003,0.003,0.003,0,0,0,0,0,0,0,21.867,18.154,17.388,23.94,26.769,44.163,44.109,41.792,2.678,0.263,7.999,7.999,7.998,0.011,0.009,0.202,0.202,0.202,0,0,0,0,0,0,0,0,0,0,0,0,49.722,42.722,41.044,46.71,19.509,24.934,22.429,22.309,25.356,7.258,7.13,6.337,6.337,10.978,1.922,-1511.035,-1464.994,-1454.796,-1128.222,-361.661,21.102,21.102,21.039,3.107,0,15.527,15.527,15.495,4.562,0.26,0.3658,0.0291,2007.142,680.07,0.338825056
SVK,2008,Cal,12.133,16.23,18.467,4.409,2.271,4.238,7.335,9.284,-2.069,-3.595,8.305,11.989,14.17,1.109,-0.728,79.204,76.473,75.04,82.937,84.571,62.802,58.025,56.429,68.869,72.477,892.979,696.313,561.706,327.168,183.891,4220.634,3693.946,3124.938,1106.48,539.32,2.002,1.969,1.944,2.008,1.981,0.313,0.415,0.491,0.127,0.094,0.81,1.127,1.422,0.184,0.103,3.134,3.134,3.134,0,0,0.118,0.118,0.118,0,0,0.001,0.001,0.001,0,0,0,0,0,0,0,22.41,19.78,19.29,26.931,29.78,19.894,18.594,16.214,3.871,1.262,1.225,0.898,0.791,0.434,0.327,0.005,0.005,0.005,0,0,0,0,0,0,0,0,0,0,0,0,18.76,5.701,5.417,15.021,14.74,5.913,0.994,0.981,5.387,5.375,0.488,0.057,0.057,0.431,0.431,-364.968,-153.518,-158.933,-44.504,-79.692,4.538,4.451,4.404,0.073,0.015,5.153,4.915,4.783,0.032,0,0.3658,0.0291,2008.257,117.993,0.058753934
SVK,2009,Cal,11.925,16.866,19.979,4.546,2.267,3.831,7.614,9.772,-1.67,-3.412,8.04,12.483,15.202,1.38,-0.627,78.058,74.191,71.317,84.326,84.979,61.916,55.508,51.276,71.342,73.388,889.946,629.218,433.706,376.832,236.415,4366.631,3877.916,3392.624,1031.688,511.707,1.919,1.957,1.879,2.04,2.019,0.345,0.476,0.581,0.117,0.092,1.41,2.08,2.614,0.16,0.126,8.935,8.935,8.624,0,0,0.094,0.094,0.094,0,0,0,0,0,0,0,0,0,0,0,0,22.797,19.369,17.046,27.78,29.663,37.168,37.168,36.19,0.554,0.038,4.578,4.578,4.578,0,0,0.09,0.09,0.09,0,0,0,0,0,0,0,0,0,0,0,0,50.275,39.159,32.192,10.68,10.628,21.511,18.829,15.806,2.685,2.685,5.482,5.423,5.111,0.059,0.059,-1522.928,-1481.202,-1349.586,-155.962,-181.045,13.076,13.076,12.151,0.119,0.072,18.604,18.604,16.512,0.369,0.238,0.3658,0.0291,2008.843,509.96,0.253857569
SVK,2010,Ver,10.689,15.39,18.015,3.886,1.647,2.989,6.988,9.602,-2.524,-4.184,6.977,11.347,14.022,0.75,-1.205,81.004,79.08,79.669,82.978,85.509,65.737,61.511,62.223,70.534,75.177,1217.234,942.717,878.916,400.055,258.742,4076.933,3568.541,2932.193,1061.246,484.449,1.955,1.985,1.974,1.885,1.756,0.259,0.346,0.397,0.122,0.077,0.466,0.67,0.786,0.234,0.035,0.418,0.418,0.418,0.311,0,0,0,0,0,0,0,0,0,0,0,0,0,0,0,0,25.207,21.926,21.935,28.397,30.201,6.764,6.732,5.264,1.947,0.032,0.356,0.356,0.124,0.232,0,0,0,0,0,0,0,0,0,0,0,0,0,0,0,0,6.066,4.079,2.565,13.043,4.61,1.407,1.087,0.59,4.095,0.576,0.083,0.083,0.064,0.331,0,657.462,667.937,672.932,-205.379,-5.094,2.217,2.217,2.122,1.02,0,1.183,1.183,1.183,2.092,0,0.3658,0.0291,2011.249,191.961,0.095443677
SVK,2011,Cal,12.083,16.995,19.506,3.935,1.613,3.749,7.535,9.764,-3.092,-4.596,7.98,12.469,14.947,0.339,-1.546,77.487,73.914,73.489,82.015,84.374,60.646,54.727,54.1,68.521,73.252,735.692,612.49,530.253,282.369,216.701,4458.293,3889.252,3253.454,1180.371,540.943,1.874,1.954,1.955,1.905,1.9,0.337,0.458,0.528,0.127,0.088,1.475,1.983,2.119,0.174,0.079,9.377,9.371,6.728,0,0,0.199,0.199,0.151,0,0,0,0,0,0,0,0,0,0,0,0,21.856,18.671,18.431,27.152,31.035,28.758,28.52,24.68,2.496,0.232,2.747,2.703,2.208,0.303,0.044,0.003,0.003,0.002,0,0,0,0,0,0,0,0,0,0,0,0,111.875,59.275,29.305,14.043,6.818,77.245,34.252,16.492,5.461,1.519,45.299,14.847,6.476,1.331,0.018,-2876.847,-1841.419,-1061.775,-111.942,-44.474,14.42,14.141,10.56,0.13,0,21.912,20.174,13.982,0,0,0.3658,0.0291,2012.336,402.55,0.200041146
SVK,2012,Cal,12.1,17.687,20.239,3.932,0.961,3.503,8.012,10.243,-3.379,-5.551,7.956,13.056,15.525,0.188,-2.403,76.5,72.587,70.833,80.861,83.717,59.802,53.25,50.917,66.23,71.195,814.116,585.058,457.553,254.985,190.572,4463.862,3916.65,3276.511,1258.469,596.028,1.979,1.97,1.95,1.964,1.928,0.38,0.529,0.63,0.146,0.087,1.779,2.627,3.256,0.967,0.435,18.267,18.267,18.12,2.792,0.006,1.845,1.845,1.845,0.048,0,0.004,0.004,0.004,0,0,0,0,0,0,0,22.894,18.69,17.352,25.934,28.775,43.505,42.937,39.131,5.92,0.574,9.922,9.788,9.435,0.722,0.135,0.609,0.609,0.609,0.001,0,0,0,0,0,0,0,0,0,0,0,52.564,44.865,38.308,81.5,52.235,28.422,24.36,21.305,62.33,45.458,11.413,10.098,9.693,39.211,31.75,-1913.831,-1848.677,-1707.244,-1882.959,-1056.348,16.693,16.679,14.728,5.646,0.293,22.16,22.16,21.793,8.026,1.738,0.3658,0.0291,2014.059,1683.46,0.835854362
SVK,2013,Ver,11.581,16.167,18.927,3.61,1.611,3.842,7.31,9.626,-2.61,-4.068,7.865,11.966,14.585,0.566,-1.126,79.234,75.331,73.792,85.398,87.813,63.922,57.765,55.333,73.796,77.598,888.797,599.411,462.912,490.348,283.968,4230.883,3742.716,3197.131,993.683,473.969,1.953,1.942,1.893,1.952,1.863,0.336,0.462,0.558,0.104,0.07,1.692,2.49,3.15,0.089,0.026,21.289,21.289,21.289,0.005,0,2.802,2.802,2.802,0,0,0.033,0.033,0.033,0,0,0,0,0,0,0,24.016,20.737,19.258,30.347,31.989,29.225,29.225,29.013,0.182,0,5.972,5.972,5.971,0.001,0,0.067,0.067,0.067,0,0,0,0,0,0,0,0,0,0,0,0,46.047,43.567,42.306,1.587,1.418,30.176,29.841,29.649,0.199,0.159,16.093,16.09,16.089,0.004,0.004,-1537.848,-1520.866,-1430.924,40.576,11.258,22.401,22.4,22.191,0.048,0,28.958,28.957,28.949,0.27,0,0.3658,0.0291,2015.368,270.26,0.134099579
SVK,2014,Cal,12.94,17.067,18.817,6.832,4.13,5.209,8.087,9.676,0.211,-1.241,9.137,12.728,14.486,3.433,1.345,80.831,77.98,77.017,83.833,86.869,64.793,59.418,58.096,69.835,75.368,987.613,805.615,685.398,290.128,213.744,4192.792,3720.87,3134.134,1113.906,478.418,1.882,1.887,1.874,1.947,1.925,0.296,0.396,0.454,0.147,0.089,0.803,1.145,1.394,0.346,0.096,6.194,6.194,6.194,0,0,0.983,0.983,0.983,0,0,0,0,0,0,0,0,0,0,0,0,21.885,20.114,20.574,23.449,26.903,19.672,19.375,14.595,4.866,0.09,2.31,2.298,2.206,0.104,0.012,0.024,0.024,0.024,0,0,0,0,0,0,0,0,0,0,0,0,33.329,26.039,19.045,17.051,8.93,18.127,15.503,12.191,6.339,2.875,5.776,5.358,4.293,1.483,0.417,172.342,225.232,246.861,-295.178,-63.441,7.392,7.392,7.112,0.484,0.001,6.027,6.027,6.025,0.01,0.001,0.3658,0.0291,2017.105,191.73,0.095052067
SVK,2015,Cal,12.831,17.276,19.844,5.914,3.552,4.685,8.019,10.216,-0.494,-1.959,8.864,12.864,15.354,2.593,0.691,76.922,72.237,69.74,84.206,85.825,60.75,53.763,50.855,71.384,75.081,763.458,556.917,421.026,330.044,200.575,4407.057,3887.299,3302.552,1083.743,502.756,1.948,1.998,2.023,1.945,1.955,0.393,0.542,0.656,0.126,0.091,1.8,2.62,3.372,0.152,0.099,17.899,17.899,17.896,0,0,2.075,2.075,2.075,0,0,0.036,0.036,0.036,0,0,0,0,0,0,0,21.48,18.125,17.111,26.007,28.379,41.795,41.103,39.565,1.869,0.281,8.076,7.818,7.818,0.002,0.002,0.329,0.269,0.269,0,0,0,0,0,0,0,0,0,0,0,0,51.672,46.642,43.057,7.252,3.976,22.789,21.908,21.024,1.594,0.72,7.712,7.616,7.481,0.231,0.096,-2200.847,-2104.679,-2006.915,-28.279,-38.055,13.471,13.454,13.329,0.112,0,21.545,21.545,21.461,0,0,0.3658,0.0291,2020.116,352.57,0.174529581
SVK,2016,Ver,11.971,16.693,19.487,5.863,3.993,4.156,7.808,9.933,-0.556,-1.783,8.205,12.49,15.034,2.558,0.986,79.463,76.54,74.624,85.044,86.824,62.85,57.671,55.099,71.146,74.624,962.515,682.109,522.63,392.455,260.345,4296.236,3806.621,3285.441,1045.649,496.645,1.873,1.835,1.792,1.828,1.816,0.317,0.43,0.518,0.123,0.089,0.777,1.121,1.418,0.191,0.119,1.957,1.957,1.904,0.003,0,0.014,0.014,0.014,0,0,0,0,0,0,0,0,0,0,0,0,22.153,19.068,18.318,24.446,26.582,16.939,16.723,15.596,1.997,0.827,0.565,0.565,0.565,0.256,0.256,0.004,0.004,0.004,0.06,0.06,0,0,0,0,0,0,0,0,0,0,14.152,4.693,4.359,10.12,9.772,3.4,1.016,0.94,2.511,2.501,0.095,0.05,0.048,0.046,0.046,-147.58,-89.583,-101.813,-163.461,-114.574,1.983,1.983,1.88,0.048,0.018,2.208,2.208,1.985,0.084,0,0.3658,0.0291,2022.522,174.88,0.086466303
SVK,2017,Cal,11.925,17.025,19.169,3.882,1.04,3.616,7.879,9.734,-2.896,-5.411,7.94,12.703,14.785,0.451,-2.26,78.636,74.98,73.093,83.384,84.385,62.177,56.192,53.88,69.892,72.669,938.849,709.135,574.662,343.464,180.695,4358.861,3816.08,3236.218,1086.498,547.253,2.021,2.079,2.047,1.94,1.89,0.348,0.479,0.567,0.123,0.086,1.208,1.77,2.222,0.161,0.088,9.592,9.592,9.592,0.053,0,1.041,1.041,1.041,0,0,0.003,0.003,0.003,0,0,0,0,0,0,0,23.103,19.091,18.832,27.32,30.496,26.686,26.41,25.093,1.559,0.28,3.763,3.749,3.735,0.029,0.014,0.129,0.129,0.129,0,0,0,0,0,0,0,0,0,0,0,0,24.871,15.639,14.424,12.156,10.645,11.554,7.07,6.982,4.695,4.53,3.536,2.58,2.58,0.957,0.955,-575.577,-530.729,-493.989,-88.95,-84.622,6.571,6.571,6.414,0.161,0,10.755,10.755,10.755,0.223,0,0.3658,0.0291,2024.374,297.66,0.147038047
SVK,2018,Cal,12.975,18.107,21.092,4.095,2.077,5.012,8.879,11.542,-2.136,-3.412,9.093,13.654,16.557,1.011,-0.6,77.626,73.909,72.687,84.761,86.664,61.555,55.297,53.488,72.203,75.794,783.886,577.61,464.223,397.078,252.758,4414.146,3904.211,3331.258,1036.446,500.743,1.932,1.944,1.926,1.978,1.947,0.374,0.511,0.604,0.11,0.079,1.368,1.963,2.219,0.142,0.047,8.412,8.412,7.399,0,0,0.305,0.305,0.304,0,0,0,0,0,0,0,0,0,0,0,0,23.099,19.773,18.486,28.867,31.026,28.12,27.917,25.434,0.676,0.036,3.401,3.392,3.275,0.018,0.008,0.012,0.012,0.012,0,0,0,0,0,0,0,0,0,0,0,0,43.118,35.214,22.115,4.075,1.22,16.65,15.455,10.299,1.258,0.269,4.585,4.492,3.564,0.073,0,-1717.147,-1508.887,-1070.969,12.293,14.507,10.704,10.684,8.313,0.087,0,14.184,13.975,10.541,0,0,0.3658,0.0291,2026.027,248.38,0.122594615
SVK,2019,Ver,12.973,17.61,19.657,5.838,2.781,4.916,8.443,10.432,-1.193,-3.325,9.05,13.179,15.269,2.296,-0.297,77.982,74.162,73.174,81.018,84.089,61.453,54.905,54.258,66.648,72.465,896.085,610.21,521.929,312.213,214.234,4328.438,3808.152,3163.427,1183.359,550.836,2.035,2.015,1.986,2.046,1.976,0.355,0.484,0.558,0.171,0.105,1.251,1.817,2.136,0.636,0.18,7.6,7.6,7.594,1.013,0,0.192,0.192,0.192,0.001,0,0,0,0,0,0,0,0,0,0,0,22.208,18.622,18.869,25.787,29.621,33.614,32.977,28.395,7.201,0.807,5.169,5.117,4.583,0.694,0.052,0.16,0.16,0.16,0,0,0,0,0,0,0,0,0,0,0,0,49.822,47.225,37.276,23.621,7.5,21.353,20.525,17.629,6.814,0.999,5.521,5.244,5.037,1.061,0.093,-1420.204,-1371.516,-1068.205,-769.41,-215.468,10.489,10.45,9.779,2.759,0.025,10.308,10.239,9.782,3.658,0.21,0.3658,0.0291,2027.099,462.17,0.227995771
SVK,2020,Cal,12.422,16.693,19.029,6.606,4.382,4.665,7.713,9.551,-0.02,-1.014,8.63,12.399,14.546,3.221,1.603,78.739,74.632,72.839,83.151,86.815,62.77,56.823,54.364,68.964,75.034,1017.403,819.723,611.038,381.415,286.841,4313.301,3798.948,3239.48,1163.81,508.287,1.933,1.962,1.91,2.08,2.089,0.317,0.43,0.508,0.149,0.094,0.967,1.398,1.792,0.305,0.1,3.597,3.597,3.597,0.006,0,0.024,0.024,0.024,0,0,0,0,0,0,0,0,0,0,0,0,22.21,19.943,19.074,24.559,27.739,39.031,38.769,34.414,4.58,0.156,8.443,8.441,8.195,0.246,0,0.172,0.172,0.172,0,0,0,0,0,0,0,0,0,0,0,0,47.226,43.071,41.357,11.571,5.786,29.023,28.398,28.141,2.886,1.38,9.108,9.094,9.074,0.406,0.292,-821.975,-788.082,-831.023,-333.712,-82.01,15.884,15.882,15.652,0.575,0.036,11.482,11.482,11.482,0.512,0.069,0.3658,0.0291,2027.852,472.68,0.233093934
SVK,2021,Cal,11.497,15.967,18.39,5.031,2.956,3.479,6.982,9.214,-1.11,-2.595,7.634,11.681,14.127,1.923,0.132,78.295,74.297,74.052,85.19,87.512,61.764,55.359,55.049,71.965,75.958,866.523,615.587,561.574,412.889,219.951,4358.216,3832.046,3170.524,1065.822,509.963,1.898,1.917,1.897,1.855,1.772,0.328,0.448,0.519,0.114,0.078,1.086,1.576,1.831,0.101,0.058,6.452,6.452,6.448,0,0,0.408,0.408,0.408,0,0,0.004,0.004,0.004,0,0,0,0,0,0,0,22.8,19.167,19.194,26.975,28.461,21.031,20.98,18.832,2.201,0.156,1.539,1.538,1.476,0.065,0.002,0.009,0.009,0.009,0,0,0,0,0,0,0,0,0,0,0,0,31.307,28.674,23.614,3.626,0.305,15.688,15.026,13.872,1.011,0,6.469,6.469,6.446,0.022,0,-740.152,-628.117,-450.554,54.561,11.636,8.169,8.142,7.584,0.351,0,10.371,10.355,10.284,0,0,0.3658,0.0291,2028.509,158.94,0.078353116
SVK,2022,Ver,12.697,17.274,19.566,5.008,2.84,4.571,7.907,9.994,-1.868,-2.942,8.737,12.773,15.074,1.492,-0.064,74.943,70.069,69.107,78.839,83.836,57.787,50.671,49.23,64.333,71.176,754.997,532.955,462.331,274.846,222.402,4474.715,3947.072,3265.448,1254.45,541.607,1.906,1.86,1.886,2.034,2.103,0.414,0.568,0.671,0.166,0.102,2.321,3.4,4.214,0.584,0.142,30.154,30.154,30.088,0.071,0,5.576,5.576,5.576,0,0,0.072,0.072,0.072,0,0,0,0,0,0,0,21.376,17.923,17.489,24.942,28.655,66.879,65.746,54.995,11.971,1.134,21.165,21.165,16.017,5.147,0,1.492,1.492,1.098,0.394,0,0,0,0,0,0,0,0,0,0,0,87.566,80.295,60.483,31.24,9.689,60.872,58.018,43.566,18.11,3.516,37.451,36.63,29.547,7.905,0.822,-2449.548,-2380.8,-2125.794,-533.728,-168.577,19.82,19.82,17.559,2.451,0.027,36.213,36.213,35.972,0.328,0.015,0.3658,0.0291,2029.035,1210.55,0.596613661
SVK,2023,Cal,12.705,17.345,19.411,6.108,3.547,4.997,8.477,10.33,-0.214,-1.749,9.002,13.104,15.116,2.891,0.868,79.52,75.604,74.759,85.089,87.985,63.606,57.078,55.944,71.728,77.154,1080.132,720.169,551.122,374.316,271.873,4209.029,3716.141,3125.969,1096.242,486.039,1.968,1.914,1.834,1.904,1.861,0.333,0.454,0.525,0.127,0.08,0.9,1.323,1.568,0.173,0.07,4.451,4.451,4.247,0,0,0.425,0.425,0.425,0,0,0,0,0,0,0,0,0,0,0,0,23.15,19.743,19.177,25.989,29.03,20.397,20.379,18.242,1.914,0.017,2.095,2.095,1.895,0.169,0,0.02,0.02,0.02,0,0,0,0,0,0,0,0,0,0,0,0,10.452,8.993,7.314,2.873,1.521,2.521,2.276,2.014,0.469,0.245,0.516,0.516,0.498,0,0,-159.564,-182.933,-56.682,-53.845,-22.517,5.181,5.181,4.755,0.185,0,6.25,6.25,5.705,0,0,0.3658,0.0291,2030.423,29.46,0.014509292
SVK,2024,Cal,13.778,18.589,21.028,6.845,4.06,5.9,9.652,11.73,0.499,-1.501,9.882,14.253,16.586,3.71,1.303,78.567,75.15,73.019,84.356,86.428,62.15,56.682,54.119,70.886,74.963,887.438,665.302,560.348,521.792,363.021,4388.839,3873.768,3304.742,1067.006,493.656,1.925,1.886,1.856,2.134,2.14,0.377,0.513,0.614,0.149,0.098,1.396,2.003,2.579,0.224,0.046,12.283,12.283,12.283,0.204,0,1.318,1.318,1.318,0,0,0.006,0.006,0.006,0,0,0,0,0,0,0,21.478,18.633,18.362,26.125,29.292,27.727,27.484,26.867,0.98,0.196,2.574,2.574,2.574,0.031,0,0.034,0.034,0.034,0,0,0,0,0,0,0,0,0,0,0,0,33.714,20.884,18.756,2.658,1.067,13.877,9.389,8.944,0.479,0,5.577,4.47,4.47,0.018,0,-1116.398,-873.48,-890.551,-72.168,22.579,9.764,9.547,9.527,0.288,0,12.234,12.234,12.234,0.545,0,0.3658,0.0291,2032.799,81.73,0.040205647
SVN,1990,Cal,13.691,17.55,18.866,8.883,6.338,5.076,8.361,9.729,0.399,-1.148,9.343,13.041,14.455,4.321,2.225,77.594,75.896,75.667,77.167,79.037,58.945,56.344,55.992,57.885,61.285,1296.166,944.971,689.613,341.901,239.486,4649.823,3964.147,3276.182,1477.812,729.142,1.421,1.407,1.384,1.464,1.479,0.341,0.436,0.482,0.223,0.162,0.843,1.157,1.217,0.655,0.306,0.757,0.757,0.757,0,0,0.004,0.004,0.004,0,0,0,0,0,0,0,0,0,0,0,0,20.159,19.303,19.468,17.509,18.685,33.904,26.642,14.833,20.554,8.258,4.319,3.073,0.345,3.988,1.259,0.027,0,0,0.027,0.027,0,0,0,0,0,0,0,0,0,0,44.646,29.736,12.038,49.258,25.344,22.115,16.953,3.123,24.603,8.713,10.101,9.117,0.258,10.344,1.478,-1003.097,-853.656,-486.349,-708.628,-229.282,8.531,8.496,1.539,6.994,0.036,1.833,1.833,1.833,0,0,0.3387,0.0198,1024.294983,615.77,0.601164713
SVN,1991,Cal,12.447,16.873,18.745,6.779,3.617,4.185,8.066,9.6,-0.566,-3.221,8.321,12.584,14.361,2.959,0.036,77.829,77.393,76.491,81.218,80.667,60.119,58.249,56.98,65.724,66.482,1288.031,934.314,725.521,641.256,377.933,4536.124,3849.388,3256.662,1259.167,668.979,1.425,1.416,1.38,1.472,1.487,0.317,0.409,0.469,0.157,0.119,0.66,0.903,1.092,0.191,0.137,0.069,0.069,0.069,0,0,0,0,0,0,0,0,0,0,0,0,0,0,0,0,0,21.854,19.708,19.668,25.131,27.113,15.283,10.556,9.083,5.064,3.677,0.395,0.079,0.079,0.241,0.241,0,0,0,0,0,0,0,0,0,0,0,0,0,0,0,33.317,12.54,11.728,13.965,13.709,12.956,4.367,4.367,5.831,5.83,1.418,0.838,0.838,0.125,0.125,-508.403,-357.28,-289.076,-194.936,-119.576,0.9,0.672,0.628,0.25,0.21,0.657,0.657,0.657,0,0,0.3387,0.0198,1039.794983,559.51,0.53809646
SVN,1992,Ver,13.838,17.935,20.462,6.612,4.724,5.412,8.85,10.949,-0.901,-2.549,9.603,13.484,15.842,2.594,0.742,76.862,74.403,71.978,79.432,80.112,58.616,54.902,51.789,62.447,63.969,1277.905,964.914,488.895,556.228,301.405,4687.479,4012.501,3442.887,1320.923,692.506,1.492,1.508,1.505,1.454,1.405,0.389,0.514,0.622,0.17,0.139,1.846,2.683,3.492,0.243,0.177,13.649,13.649,13.649,0,0,2.118,2.118,2.118,0,0,0.031,0.031,0.031,0,0,0,0,0,0,0,20.384,18.472,17.005,22.629,24.239,45.812,39.897,35.882,10.448,6.216,7.563,7.279,7.246,0.291,0.258,1.019,1.019,1.019,0,0,0,0,0,0,0,0,0,0,0,0,82.902,75.217,62.885,22.937,11.678,47.201,45.766,41.112,6.56,3.026,17.904,17.904,17.476,0.521,0.456,-2569.066,-2472.849,-2293.716,-304.6,-125.523,12.516,12.509,11.741,0.784,0.021,21.539,21.539,21.447,0,0,0.3387,0.0198,1055.294983,344.97,0.326894381
SVN,1993,Cal,13.086,17.547,19.855,6.724,5.071,4.771,8.449,10.304,-0.509,-1.86,8.889,13.059,15.222,2.898,1.327,76.655,74.714,73.845,78.711,79.199,58.936,55.304,53.518,63.025,63.834,1255.893,946.327,642.982,678.155,276.277,4668.659,4013.195,3378.544,1283.28,686.592,1.591,1.571,1.471,1.626,1.597,0.366,0.483,0.565,0.17,0.143,1.352,1.877,2.345,0.345,0.312,6.903,6.903,6.903,0,0,0.475,0.475,0.475,0,0,0,0,0,0,0,0,0,0,0,0,21.061,18.982,18.33,21.922,21.695,42.661,34.824,28.542,14.88,8.598,6.903,5.459,5.152,1.853,1.546,0.197,0.197,0.197,0,0,0,0,0,0,0,0,0,0,0,0,75.345,39.699,25.446,54.333,38.63,40.28,21.519,13.468,28.923,19.753,11.75,7.977,5.314,6.799,3.772,-1789.687,-1462.998,-1185.832,-632.714,-341.605,5.852,5.147,4.076,1.76,0.71,8.528,8.528,8.528,0.092,0,0.3387,0.0198,1070.794983,1196.92,1.117786335
SVN,1994,Cal,14.247,18.197,20.164,7.365,4.384,6.068,9.205,11.062,0.382,-2.066,10.103,13.742,15.715,3.73,1.042,78.626,76.396,75.952,82.393,83.429,60.118,56.357,55.773,66.917,69.554,1235.914,940.553,758.508,706.144,412.66,4656.571,4012.421,3337.159,1250.122,617.866,1.491,1.496,1.478,1.661,1.637,0.352,0.46,0.525,0.162,0.114,0.959,1.343,1.565,0.221,0.101,4.118,4.118,4.118,0,0,0.038,0.038,0.038,0,0,0,0,0,0,0,0,0,0,0,0,20.437,18.978,19.489,25.177,28.222,23.632,20.856,16.755,5.963,2.315,2.861,2.85,2.126,0.734,0.011,0,0,0,0,0,0,0,0,0,0,0,0,0,0,0,25.064,17.341,11.785,3.951,2.424,7.877,5.655,5.36,0.409,0.37,1.879,1.851,1.851,0,0,-800.65,-721.434,-502.233,-146.47,-44.747,4.268,4.25,4.185,0.074,0.017,6.32,6.32,6.314,0,0,0.3387,0.0198,1086.294983,835.47,0.769100486
SVN,1995,Ver,12.807,16.935,18.842,7.148,6,4.75,7.986,9.799,-0.009,-0.747,8.815,12.55,14.476,3.425,2.429,78.811,77.166,76.975,81.218,83.254,61.102,57.466,57.186,65.162,68.049,1433.608,981.264,812.919,654.196,372.304,4532.205,3942.68,3282.008,1252.252,620.316,1.499,1.442,1.405,1.551,1.478,0.313,0.406,0.46,0.16,0.129,0.745,1.039,1.105,0.26,0.16,0.448,0.448,0.448,0,0,0,0,0,0,0,0,0,0,0,0,0,0,0,0,0,22.512,20.166,20.216,23.981,24.97,23.08,18.253,15.103,4.978,1.787,2.559,2.419,1.971,0.477,0.027,0,0,0,0,0,0,0,0,0,0,0,0,0,0,0,30.388,21.497,5.683,14.451,10.243,13.277,9.344,0.503,4.149,3.893,1.424,0.783,0.001,0.133,0.133,-659.563,-554.944,-299.777,-160.907,-75.425,1.981,1.959,1.409,0.059,0.022,1.915,1.915,1.915,0.006,0,0.3387,0.0198,1101.794983,148.88,0.135124957
SVN,1996,Cal,11.45,15.769,18.192,5.098,2.483,3.673,7.373,9.379,-1.747,-3.5,7.638,11.684,13.962,1.636,-0.506,80.398,77.942,77.037,82.43,84.159,63.987,59.735,58.337,67.923,71.823,1444.107,1012.833,821.131,473.329,412.497,4377.571,3750.697,3173.804,1268.187,604.365,1.441,1.433,1.43,1.433,1.471,0.282,0.376,0.442,0.14,0.098,0.591,0.849,1.081,0.362,0.099,0.152,0.152,0.152,0,0,0,0,0,0,0,0,0,0,0,0,0,0,0,0,0,24.981,21.548,20.184,27.583,30.387,18.854,18.592,17.29,5.198,3.703,0.684,0.681,0.603,0.189,0.112,0,0,0,0,0,0,0,0,0,0,0,0,0,0,0,16.644,16.578,16.536,20.749,4.892,9.958,9.958,9.958,10.909,2.068,4.813,4.813,4.813,1.318,0.535,-336.298,-336.042,-363.418,-342.487,-58.708,2.228,2.228,2.025,0.753,0,0.787,0.787,0.787,0,0,0.3387,0.0198,1117.302843,243.75,0.218159295
SVN,1997,Cal,12.998,17.031,19.001,6.809,4.288,4.65,7.755,9.614,-0.473,-2.367,8.803,12.453,14.447,3.041,0.831,78.021,74.481,74.686,82.358,84.931,60.082,54.179,54.104,66.889,71.386,1237.344,765.082,659.26,588.772,391.706,4716.629,4088.084,3392.39,1286.675,643.389,1.464,1.499,1.471,1.459,1.464,0.324,0.43,0.48,0.16,0.11,0.751,1.069,1.189,0.24,0.106,0.427,0.427,0.427,0,0,0,0,0,0,0,0,0,0,0,0,0,0,0,0,0,21.487,18.358,18.871,26.111,29.927,30.443,28.873,20.422,9.37,1.632,3.96,3.829,2.932,1.028,0.134,0,0,0,0,0,0,0,0,0,0,0,0,0,0,0,33.3,29.535,15.174,8.463,0.196,10.892,9.344,4.793,3.744,0.013,1.453,1.385,0.895,0.489,0,-606.349,-543.84,-201.327,-166.579,-32.41,2.579,2.571,1.211,1.176,0,0.451,0.451,0.451,0,0,0.3387,0.0198,1132.810702,383.33,0.338388399
SVN,1998,Ver,13.268,17.387,19.604,7.504,6.265,4.805,8.503,10.551,0.129,-0.653,9.025,13.047,15.246,3.583,2.541,77.437,76.596,76.785,78.621,81.734,58.974,56.84,56.85,62.663,67.07,1373.67,1144.107,868.893,520.336,401.061,4649.943,3937.713,3274.279,1361.543,667.687,1.518,1.5,1.465,1.574,1.501,0.342,0.434,0.498,0.186,0.146,0.8,1.054,1.33,0.352,0.286,1.57,1.57,1.57,0,0,0.003,0.003,0.003,0,0,0,0,0,0,0,0,0,0,0,0,21.454,20.02,20.084,21.029,22.653,24.956,21.249,13.6,10.586,3.206,3.442,3.414,2.293,1.151,0.028,0.028,0.028,0.028,0,0,0,0,0,0,0,0,0,0,0,0,39.135,17.658,16.426,31.242,23.916,16.965,4.535,4.37,14.72,13.734,6.316,0.306,0.253,6.127,6.074,-841.859,-558.911,-503.315,-578.771,-307.844,4.791,2.317,2.149,2.819,2.468,2.979,2.979,2.968,0.011,0,0.3387,0.0198,1148.318562,725.1,0.631444987
SVN,1999,Cal,12.999,17.652,19.695,5.88,2.976,4.731,9.064,10.886,-1.961,-4.7,8.862,13.401,15.397,1.839,-1.002,80.044,79.05,78.768,81.018,80.977,62.478,60.192,59.719,64.453,65.722,1419.006,1008.804,798.345,619.605,321.33,4493.803,3817.616,3194.126,1311.961,695.434,1.523,1.502,1.448,1.56,1.509,0.298,0.388,0.44,0.151,0.116,0.493,0.7,0.781,0.126,0.082,0.061,0.061,0.061,0,0,0,0,0,0,0,0,0,0,0,0,0,0,0,0,0,24.366,21.012,20.893,27.528,30.027,11.487,10.08,6.187,6.878,1.892,0.422,0.363,0.21,0.213,0.059,0,0,0,0,0,0,0,0,0,0,0,0,0,0,0,6.347,6.266,4.891,1.277,1.277,0.78,0.78,0.78,0.231,0.231,0.099,0.099,0.099,0.004,0.004,31.072,23.776,90.888,14.995,-17.961,0.638,0.638,0.576,0.063,0.014,0.2,0.2,0.2,0,0,0.3387,0.0198,1163.826421,321.1,0.275900249
SVN,2000,Cal,14.366,18.499,20.62,6.473,3.785,5.634,9.142,10.826,-1.713,-4.384,9.987,13.899,15.901,2.236,-0.426,77.876,75.275,73.468,80.323,81.254,59.051,54.902,52.646,63.634,65.792,1348.77,911,620.647,550.368,304.71,4874.95,4181.607,3555.281,1356.884,716.852,1.468,1.479,1.413,1.542,1.5,0.374,0.497,0.588,0.164,0.123,1.188,1.7,2.19,0.227,0.124,5.791,5.791,5.791,0,0,0.221,0.221,0.221,0,0,0,0,0,0,0,0,0,0,0,0,21.158,18.806,17.968,25.987,29.281,35.424,33.758,29.854,5.602,1.589,5.753,5.713,4.517,1.236,0.039,0.145,0.145,0.145,0,0,0,0,0,0,0,0,0,0,0,0,30.925,28.137,28.026,2.047,0.604,13.884,13.551,13.551,0.031,0.031,5.545,5.514,5.514,0,0,-1167.755,-1104.309,-1067.817,-150.008,-44.841,4.951,4.949,4.935,0.029,0.001,6.434,6.434,6.434,0,0,0.3387,0.0198,1179.334281,124.14,0.105262776
SVN,2001,Ver,13.488,18.047,19.487,8.778,6.699,5.2,9.093,10.202,2.251,0.635,9.366,13.658,15.026,5.37,3.523,77.649,76.801,74.023,84.491,84.106,59.446,56.975,53.887,69.271,70.039,1273.025,980.593,751.958,936.321,575.596,4592.292,3937.399,3362.002,1126.453,590.81,1.562,1.497,1.456,1.679,1.653,0.355,0.46,0.543,0.151,0.127,0.951,1.282,1.579,0.157,0.158,2.109,2.109,2.109,0,0,0.017,0.017,0.017,0,0,0,0,0,0,0,0,0,0,0,0,20.863,19.409,18.845,24.142,24.21,26.343,23.798,23.786,1.936,1.924,1.45,1.429,1.429,0.021,0.021,0.026,0.026,0.026,0,0,0,0,0,0,0,0,0,0,0,0,31.759,12.451,8.581,7.61,7.158,9.411,2.23,1.844,1.793,1.644,1.512,0.181,0.181,0.155,0.155,-940.438,-713.174,-631.678,-79.916,-115.684,1.543,1.333,1.218,0.114,0.114,2.463,2.463,2.463,0,0,0.3387,0.0198,1194.84214,240.36,0.201164649
SVN,2002,Cal,13.645,17.466,19.225,7.503,4.093,5.793,8.985,10.676,-0.545,-3.578,9.672,13.244,15.016,3.266,0.066,80.639,78.724,79.029,79.543,80.115,63.348,59.968,60.435,61.978,64.127,1368.075,1025.032,855.908,295.731,213.664,4461.719,3856.803,3186.536,1378.464,675.775,1.511,1.474,1.422,1.552,1.565,0.296,0.384,0.427,0.182,0.132,0.523,0.728,0.775,0.45,0.244,0.163,0.163,0.163,0,0,0,0,0,0,0,0,0,0,0,0,0,0,0,0,0,22.559,20.516,21.166,22.279,25.511,18.446,17.144,7.062,11.094,1.915,1.074,1.022,0.013,1.047,0.052,0,0,0,0,0,0,0,0,0,0,0,0,0,0,0,31.335,20.6,13.325,35.806,25.069,14.621,7.756,6.595,14.102,12.704,2.756,1.72,1.68,2.284,2.243,-274.726,-203.23,-6.251,-515.933,-196.382,2.69,2.689,2.121,0.775,0.097,0.221,0.221,0.221,0,0,0.3387,0.0198,1210.35,77.47,0.064006279
SVN,2003,Cal,13.879,18.784,21.645,6.464,3.813,4.954,9.072,11.557,-1.032,-3.074,9.444,14.021,16.771,2.67,0.371,74.673,71.211,69.876,81.49,83.703,55.754,50.337,48.449,65.782,69.932,1020.42,722.334,551.624,510.679,360.833,4982.477,4287.254,3584.253,1351.933,658.048,1.519,1.489,1.446,1.59,1.613,0.437,0.594,0.706,0.157,0.105,1.534,2.229,2.716,0.277,0.075,4.685,4.685,4.685,0,0,0.101,0.101,0.101,0,0,0,0,0,0,0,0,0,0,0,0,20.967,17.881,17.327,26.382,29.918,61.659,58.887,49.598,10.011,0.336,9.829,9.671,8.215,1.496,0.026,0.317,0.312,0.312,0,0,0,0,0,0,0,0,0,0,0,0,50.736,46.632,38.362,8.604,0.395,27.638,26.756,22.841,3.986,0.071,12.552,12.548,11.583,0.965,0,-2013.194,-1953.891,-1736.395,-219.01,-17.984,6.915,6.749,3.616,3.299,0.166,7.665,7.665,7.665,0,0,0.3387,0.0198,1209.45,1592.84,1.316995328
SVN,2004,Ver,12.59,16.676,18.743,6.119,4.814,4.658,8.047,9.732,-0.887,-1.78,8.6,12.458,14.411,2.437,1.269,80.033,79.744,78.306,80.977,81.629,62.427,61.127,59.109,64.987,66.474,1473.992,1117.434,804.309,639.826,383.386,4422.878,3774.188,3202.383,1266.831,647.117,1.46,1.44,1.423,1.567,1.543,0.288,0.367,0.431,0.152,0.123,0.457,0.622,0.771,0.202,0.124,0.24,0.24,0.24,0,0,0,0,0,0,0,0,0,0,0,0,0,0,0,0,0,22.724,22.112,20.649,24.827,24.321,12.284,6.728,6.052,5.568,4.376,0.845,0.187,0.024,0.863,0.701,0,0,0,0.006,0.006,0,0,0,0,0,0,0,0,0,0,2.78,0.939,0.939,4.16,4.099,0.105,0.031,0.031,0.873,0.873,0,0,0,0.005,0.005,117.131,161.687,103.037,-26.805,-58.886,0.682,0.682,0.682,0.004,0,0.903,0.903,0.903,0,0,0.3387,0.0198,1208.55,76.87,0.063605147
SVN,2005,Cal,12.398,16.904,19.035,6.437,4.02,4.106,7.945,10.105,-1.074,-2.842,8.269,12.56,14.756,2.442,0.255,78.603,78.263,77.323,79.623,77.916,60.408,59.055,57.918,62.319,61.141,1255.137,931.324,794.339,493.588,230.953,4562.151,3866.374,3217.452,1314.771,699.624,1.472,1.443,1.439,1.524,1.55,0.303,0.39,0.454,0.156,0.141,0.632,0.861,1.04,0.159,0.167,0.128,0.128,0.128,0,0,0,0,0,0,0,0,0,0,0,0,0,0,0,0,0,23.065,21.048,19.937,24.472,23.515,19.839,15.823,15.504,7.229,6.911,1.815,1.236,1.234,0.671,0.668,0.049,0,0,0.049,0.049,0,0,0,0,0,0,0,0,0,0,46.121,29.714,26.863,13.161,13.137,22.298,16.929,16.719,4.891,4.891,7.12,6.159,6.159,0.953,0.953,-655.985,-447.775,-396.209,-110.976,-160.402,1.623,1.547,1.483,0.081,0.068,1.213,1.213,1.213,0,0,0.3387,0.0198,1207.65,142.23,0.11777419
SVN,2006,Cal,13.347,17.638,19.945,5.05,2.67,4.944,8.464,10.458,-2.028,-4.086,9.179,13.184,15.388,1.434,-0.813,79.576,77.129,75.888,83.141,83.828,61.595,57.534,55.763,68.02,69.527,1193.392,923.723,724.211,586.451,375.737,4681.177,4025.668,3385.551,1252.535,655.406,1.506,1.497,1.413,1.518,1.451,0.335,0.446,0.525,0.127,0.098,0.969,1.355,1.613,0.177,0.109,3.377,3.377,3.377,0,0,0.221,0.221,0.221,0,0,0,0,0,0,0,0,0,0,0,0,22.907,20.556,19.414,28.816,30.859,21.111,19.817,19.209,1.477,0.899,2.905,2.49,2.482,0.008,0,0.519,0.519,0.519,0,0,0,0,0,0,0,0,0,0,0,0,40.822,34.065,27.747,7.729,4.901,20.598,18.295,17.609,0.702,0.493,9.899,8.898,8.857,0.009,0.009,-1009.773,-897.416,-760.626,-125.907,-77.524,2.675,2.671,2.585,0.061,0.008,7.742,7.742,7.742,0,0,0.3387,0.0198,1206.75,1022.81,0.847574063
SVN,2007,Ver,14.188,18.211,20.605,9.455,7.612,5.684,8.919,10.897,2.174,0.9,9.924,13.674,15.913,5.64,4.017,77.924,75.21,73.724,83.629,85.66,59.317,55.456,53.254,66.856,69.861,1244.532,958.66,716.091,520.63,321.747,4727.906,4086.992,3479.62,1246.356,612.534,1.494,1.501,1.444,1.585,1.524,0.369,0.486,0.571,0.171,0.126,1.074,1.536,1.951,0.38,0.21,4.725,4.725,4.725,0,0,0.256,0.256,0.256,0,0,0,0,0,0,0,0,0,0,0,0,20.493,19.13,18.62,21.266,22.347,37.175,33.888,30.799,5.315,2.587,5.556,5.533,5.474,0.496,0.437,0.606,0.606,0.606,0,0,0,0,0,0,0,0,0,0,0,0,41.578,36.336,35.092,17.761,10.312,23.772,21.978,21.882,4.84,4.058,9.183,8.808,8.808,1.417,1.377,-1242.993,-1185.526,-1137.993,-335.721,-136.244,12.317,12.315,12.243,0.146,0.005,4.746,4.746,4.746,0,0,0.3387,0.0198,1206.7,98.61,0.081718737
SVN,2008,Cal,13.631,17.403,19.401,7.014,5.425,5.564,8.604,10.546,-0.276,-1.558,9.533,13.07,15.079,3.093,1.556,80.456,78.834,77.754,81.514,81.536,62.357,59.356,58.235,64.515,65.248,1478.293,1061.268,786.625,462.576,207.958,4543.223,3905.653,3295.522,1279.058,689.582,1.489,1.504,1.455,1.534,1.474,0.305,0.394,0.456,0.16,0.138,0.579,0.779,0.94,0.209,0.213,0.33,0.33,0.33,0,0,0,0,0,0,0,0,0,0,0,0,0,0,0,0,0,21.704,20.906,20.391,22.334,22.017,16.55,9.694,7.692,9.011,6.827,2.106,0.429,0.208,1.393,1.172,0,0,0,0,0,0,0,0,0,0,0,0,0,0,0,20.682,8.525,5.67,16.173,13.649,8.456,3.118,1.042,7.444,5.375,2.766,1.346,0.005,2.761,1.419,-288.816,-118.652,-54.057,-219.984,-197.778,1.367,1.062,0.788,0.593,0.306,0.528,0.528,0.527,0,0,0.3387,0.0198,1206.65,46.69,0.038693905
SVN,2009,Cal,13.662,18.224,20.757,6.703,4.175,5.512,9.161,11.277,-0.231,-1.928,9.589,13.765,16.162,3.056,0.908,78.569,76.221,76.027,81.618,82.784,60.354,56.003,55.656,65.732,68.686,1381.597,899.294,694.687,783.776,520.398,4668.795,4053.576,3425.827,1241.735,620.705,1.476,1.473,1.431,1.491,1.441,0.343,0.456,0.526,0.155,0.114,0.84,1.199,1.438,0.184,0.073,0.396,0.396,0.396,0,0,0.002,0.002,0.002,0,0,0,0,0,0,0,0,0,0,0,0,21.979,19.139,19.068,25.32,27.993,27.336,24.66,16.316,10.539,4.637,2.648,2.648,1.472,1.657,0.505,0.012,0.012,0.012,0,0,0,0,0,0,0,0,0,0,0,0,20.297,13.434,11.663,3.635,3.17,4.523,4.173,4.109,0.16,0.154,0.876,0.876,0.871,0,0,-811.741,-741.376,-565.115,-145.288,-41.916,1.953,1.931,1.844,0.071,0.022,0.576,0.576,0.516,0,0,0.3387,0.0198,1206.6,114.73,0.095085364
SVN,2010,Ver,12.222,16.682,19.205,5.969,3.762,4.446,8.285,10.48,-0.879,-2.684,8.416,12.599,15.006,2.503,0.514,80.496,77.956,77.112,83.578,86.379,63.638,59.209,57.911,68.157,72.754,1567.453,1036.7,850.89,635.194,479.478,4380.604,3805.91,3225.615,1204.481,572.533,1.484,1.53,1.453,1.529,1.434,0.3,0.404,0.476,0.139,0.092,0.664,0.971,1.23,0.198,0.073,0.922,0.922,0.922,0,0,0,0,0,0,0,0,0,0,0,0,0,0,0,0,0,24.696,21.066,20.293,27.092,29.668,18.762,18.089,16.115,4.68,0.538,0.622,0.568,0.517,0.129,0.053,0,0,0,0,0,0,0,0,0,0,0,0,0,0,0,17.564,17.556,17.545,5.458,3.709,9.025,9.025,9.025,0.261,0.196,3.181,3.181,3.181,0.005,0,-296.876,-318.932,-337.729,-127.275,-12.876,2.492,2.492,2.475,0.041,0,3.903,3.903,3.903,0.06,0,0.3387,0.0198,1206.55,52.06,0.043147818
SVN,2011,Cal,14.402,18.83,21.438,6.347,4.443,5.578,9.121,11.367,-0.654,-2.201,9.899,14.038,16.552,2.672,0.926,75.674,72.308,71.219,81.242,82.758,56.963,51.959,50.269,66.483,69.254,929.094,771.971,555.795,584.446,394.461,4963.714,4270.453,3592.342,1250.702,633.628,1.455,1.479,1.431,1.561,1.484,0.411,0.55,0.64,0.151,0.114,1.784,2.525,2.872,0.181,0.108,7.546,7.546,7.025,0,0,0.286,0.286,0.286,0,0,0,0,0,0,0,0,0,0,0,0,19.246,17.358,17.006,25.274,27.844,50.813,49.176,38.997,8.005,1.674,7.815,7.673,6.719,0.978,0.143,0.669,0.669,0.669,0,0,0,0,0,0,0,0,0,0,0,0,90.419,65.945,56.701,2.242,0.771,57.82,40.657,35.134,0.121,0.016,22.915,15.898,13.645,0,0,-2508.855,-2212.369,-1877.166,-183.561,-59.316,11.403,11.348,10.671,0.242,0.041,11.881,11.881,11.566,0,0,0.3387,0.0198,1206.5,159.08,0.131852466
SVN,2012,Cal,14.083,18.955,20.822,7.332,4.398,5.482,9.635,11.462,-0.932,-3.043,9.749,14.332,16.259,2.95,0.384,76.417,74.66,73.737,77.4,79.423,57.948,54.806,53.843,59.498,62.736,1314.039,950.135,784.513,324.183,179.085,4814.039,4132.832,3427.598,1479.429,731.306,1.558,1.53,1.56,1.528,1.56,0.395,0.526,0.607,0.205,0.135,1.426,2.073,2.482,0.872,0.271,8.13,8.13,8.079,0.572,0,1.068,1.068,1.068,0,0,0.022,0.022,0.022,0,0,0,0,0,0,0,21.461,18.521,18.875,21.114,24.331,38.097,35.84,29.01,13.397,2.297,6.5,6.499,5.901,0.718,0.001,0.753,0.753,0.753,0,0,0,0,0,0,0,0,0,0,0,0,65.295,47.284,33.117,63.618,41.694,33.448,24.408,17.692,38.321,26.186,9.339,8.115,6.496,12.113,8.241,-1715.957,-1551.242,-1212.692,-946.317,-397.947,12.057,11.843,7.501,5.06,0.228,8.956,8.956,8.925,0.346,0,0.3387,0.0198,1206.45,606.53,0.502739442
SVN,2013,Ver,13.29,17.556,20.158,6.17,4.385,5.51,8.902,10.951,-0.505,-1.948,9.384,13.296,15.677,2.704,1.097,79.148,76.034,73.688,85.265,85.953,61.924,57.004,53.709,70.318,71.849,1459.32,926.117,669.192,844.629,524.501,4480.001,3907.645,3359.064,1128.07,578.614,1.471,1.461,1.432,1.42,1.397,0.372,0.504,0.614,0.122,0.098,1.538,2.241,2.923,0.072,0.039,11.481,11.481,11.481,0,0,2.714,2.714,2.714,0,0,0.097,0.097,0.097,0,0,0,0,0,0,0,23.195,21.206,19.404,28.738,29.432,33.833,32.69,31.975,0.892,0.116,9.083,9.082,9.031,0.051,0,2.132,2.132,2.132,0,0,0,0,0,0,0,0,0,0,0,0,56.727,38.378,37.79,0.055,0.027,27.066,18.21,18.193,0,0,7.628,7.372,7.372,0,0,-1423.298,-1359.785,-1399.088,75.927,22.195,5.611,5.584,5.579,0,0,15.34,15.34,15.34,0,0,0.3387,0.0198,1206.85,48.36,0.04007126
SVN,2014,Cal,14.209,17.858,19.254,8.788,6.403,6.639,9.289,10.568,2.128,0.613,10.406,13.619,15.03,5.306,3.329,81.956,78.487,78.371,84.53,87.734,64.388,58.847,58.734,69.172,74.471,1785.068,1117.396,958.548,833.241,687.905,4363.718,3854.969,3173.545,1196.108,524.61,1.462,1.485,1.416,1.555,1.492,0.298,0.398,0.436,0.164,0.101,0.472,0.671,0.617,0.33,0.1,0.119,0.119,0.119,0,0,0,0,0,0,0,0,0,0,0,0,0,0,0,0,0,23.026,21.285,22.278,23.165,25.625,18.561,18.336,9.284,10.14,1.088,1.863,1.863,1.194,0.67,0.001,0.012,0.012,0.012,0,0,0,0,0,0,0,0,0,0,0,0,10.187,9.795,2.4,26.28,18.349,4.434,4.434,0.651,12.657,8.857,0.483,0.483,0.155,0.584,0.256,151.119,155.701,366.785,-268.652,-71.801,2.854,2.852,0.352,2.532,0.027,0.05,0.05,0.05,0,0,0.3387,0.0198,1207.25,13.03,0.010793125
SVN,2015,Cal,14.464,18.352,20.8,8.034,5.779,6.114,9.595,11.705,1.389,-0.283,10.238,14.039,16.389,4.531,2.593,77.662,74.425,72.747,83.353,85.914,59.377,55.056,52.813,67.533,71.789,1157.484,955.925,690.059,589.182,416.435,4679.841,3996.827,3405.191,1215.614,577.879,1.516,1.562,1.537,1.567,1.479,0.389,0.515,0.614,0.157,0.108,1.203,1.637,2.082,0.229,0.098,2.985,2.985,2.985,0,0,0,0,0,0,0,0,0,0,0,0,0,0,0,0,0,20.56,18.651,17.928,24.565,27.235,39.464,38.807,34.132,4.836,0.396,8.842,8.791,8.384,0.412,0.005,0.002,0.002,0.002,0,0,0,0,0,0,0,0,0,0,0,0,52.25,27.283,25.478,2.342,0.485,21.852,8.892,8.831,0.061,0,4.111,1.64,1.64,0,0,-1367.26,-1166.228,-1047.302,-169.868,-14.72,3.284,3.268,2.833,0.435,0.003,2.144,2.144,2.144,0,0,0.3387,0.0198,1207.65,47.98,0.039730054
SVN,2016,Ver,13.804,17.774,20.231,8.329,7.089,5.961,9.254,11.268,1.066,-0.235,9.819,13.585,15.869,4.423,3.073,79.902,78.096,76.947,84.434,85.226,62.144,58.956,57.478,68.065,69.448,1489.965,970.267,767.256,640.896,361.105,4561.624,3957.072,3386.822,1208.932,653.063,1.473,1.497,1.458,1.478,1.402,0.321,0.421,0.493,0.151,0.129,0.593,0.805,0.986,0.282,0.309,0.041,0.041,0.041,0,0,0,0,0,0,0,0,0,0,0,0,0,0,0,0,0,21.677,20.562,20.42,22.871,23.527,12.106,8.895,6.862,2.54,1.319,0.107,0.051,0.051,0.046,0.046,0,0,0,0,0,0,0,0,0,0,0,0,0,0,0,27.874,6.316,6.15,28.557,28.557,10.912,1.474,1.474,15.247,15.247,1.203,0.249,0.249,2.672,2.672,-195.124,-98.06,-78.381,-223.849,-216.342,1.535,1.514,1.468,0.064,0.015,0.423,0.423,0.423,0,0,0.3387,0.0198,1208.05,237.41,0.196523323
SVN,2017,Cal,14.295,19.196,20.954,7.267,4.567,5.475,9.585,11.381,-0.223,-2.438,9.866,14.438,16.302,3.274,0.722,76.308,73.487,72.669,79.434,80.217,57.454,52.651,52.196,62.692,64.823,1468.775,977.721,873.233,516.202,357.608,4874.35,4230.502,3495.783,1316.531,667.109,1.543,1.478,1.472,1.512,1.529,0.41,0.553,0.633,0.179,0.13,1.416,2.025,2.383,0.419,0.237,5.337,5.337,5.337,0,0,0.108,0.108,0.108,0,0,0,0,0,0,0,0,0,0,0,0,20.645,17.876,18.688,21.63,23.408,48.533,43.773,35.549,15.723,7.081,8.755,7.529,7.205,1.605,1.282,0.346,0.346,0.346,0,0,0,0,0,0,0,0,0,0,0,0,63.34,43.919,32.025,46.575,35.938,35.218,20.649,16.321,25.698,21.371,12.875,7.618,6.86,6.768,6.01,-1789.304,-1648.443,-1341.569,-459.919,-204.364,8.91,8.844,4.927,4.002,0.087,4.755,4.755,4.755,0,0,0.3387,0.0198,1207.725,176.47,0.146117701
SVN,2018,Cal,14.303,18.784,21.472,6.664,4.613,6.515,9.991,12.299,-0.429,-1.821,10.355,14.412,16.985,2.97,1.302,80.525,78.538,77.137,83.734,84.878,62.847,59.383,57.373,67.653,70.225,1369.298,1012.381,742.138,782.797,571.059,4632.61,4047.302,3432.447,1232.879,594.576,1.444,1.395,1.345,1.613,1.66,0.333,0.441,0.522,0.142,0.106,0.587,0.813,0.978,0.187,0.09,0.06,0.06,0.06,0,0,0,0,0,0,0,0,0,0,0,0,0,0,0,0,0,22.831,21.83,20.621,25.96,27.207,13.438,12.698,12.539,0.969,0.185,0.1,0.1,0.093,0.006,0,0,0,0,0,0,0,0,0,0,0,0,0,0,0,0,6.682,5.12,3.281,2.929,1.506,1.107,0.849,0.608,0.349,0.349,0.004,0,0,0,0,19.501,48.668,100.838,-31.717,-11.841,0.666,0.666,0.627,0.012,0,0.191,0.191,0.191,0,0,0.3387,0.0198,1207.4,15.15,0.012547623
SVN,2019,Ver,14.594,18.608,20.249,8.587,5.943,6.469,9.811,11.541,1.076,-0.757,10.469,14.233,15.994,4.576,2.292,78.858,77.402,77.37,79.106,80.094,60.587,57.792,58.231,61.454,64.076,1490.357,974.279,835.645,460.102,270.028,4630.78,3964.829,3263.131,1400.471,686.656,1.49,1.51,1.445,1.523,1.462,0.349,0.451,0.503,0.201,0.152,0.748,1.032,1.164,0.36,0.247,0.495,0.495,0.495,0,0,0,0,0,0,0,0,0,0,0,0,0,0,0,0,0,21.315,19.881,20.793,20.762,22.332,27.544,20.976,13.937,14.079,7.103,2.43,2.214,1.352,1.078,0.216,0.073,0.073,0.073,0,0,0,0,0,0,0,0,0,0,0,0,18.695,13.498,6.137,12.771,6.611,5.568,4.271,1.086,4.108,1.555,0.736,0.706,0.087,0.653,0.033,-443.665,-363.336,-173.009,-349.681,-128.917,1.559,1.479,1.156,0.416,0.08,0.933,0.933,0.933,0,0,0.3387,0.0198,1207.075,72.75,0.06026966
SVN,2020,Cal,14.491,18.369,20.577,9.181,7.351,6.15,9.224,11.103,1.947,0.678,10.228,13.827,15.938,5.295,3.715,77.078,73.925,72.789,81.137,83.557,58.494,54.11,52.952,63.755,67.253,1312.287,1011.492,754.655,599.822,437.021,4798.369,4131.919,3481.072,1326.106,652.49,1.511,1.566,1.493,1.568,1.45,0.369,0.483,0.559,0.187,0.137,0.951,1.299,1.626,0.322,0.17,0.234,0.234,0.234,0,0,0,0,0,0,0,0,0,0,0,0,0,0,0,0,0,19.804,19.386,19.38,20.203,21.025,47.887,41.029,33.722,13.676,6.37,10.047,8.599,7.998,1.956,1.355,0.048,0.048,0.048,0,0,0,0,0,0,0,0,0,0,0,0,48.082,36.107,34.4,13.014,8.266,24.538,22.544,22.504,2.373,1.46,10.279,10.279,10.279,0,0,-1121.37,-976.423,-887.646,-263.208,-89.382,10.199,10.185,9.463,0.746,0.005,3.667,3.667,3.667,0,0,0.3387,0.0198,1206.75,73.38,0.060807955
SVN,2021,Cal,13.672,17.656,19.894,7.793,5.753,5.276,8.396,10.513,0.608,-0.592,9.504,13.159,15.425,3.996,2.346,77.597,74.308,73.958,81.949,84.635,59.229,54.11,53.702,65.574,70.398,1314.228,887.295,752.558,642.576,429.695,4836.311,4197.599,3474.764,1331.343,621.941,1.45,1.459,1.41,1.455,1.418,0.37,0.491,0.567,0.169,0.122,1.168,1.676,2.071,0.252,0.19,4.388,4.388,4.388,0,0,0.176,0.176,0.176,0,0,0,0,0,0,0,0,0,0,0,0,21.327,18.983,19.599,22.605,24.908,36.44,31.201,22.426,14.5,5.8,4.052,3.26,3.169,0.975,0.885,0.181,0.181,0.181,0,0,0,0,0,0,0,0,0,0,0,0,40.254,37.714,29.776,14.015,6.212,26.342,26.098,22.934,3.942,0.778,14.814,14.814,14.424,0.39,0,-1143.743,-1089.828,-883.727,-253.632,-99.174,7.968,7.96,7.421,0.55,0.016,7.217,7.217,7.217,0,0,0.3387,0.0198,1206.425,24.6,0.020390824
SVN,2022,Ver,14.976,19.2,21.2,7.507,5.798,6.508,9.853,11.81,-0.115,-1.274,10.669,14.546,16.615,3.445,1.988,75.836,71.91,71.661,79.026,82.774,57.539,52.079,51.897,62.067,66.866,1120.31,776.736,692.865,437.156,313.465,4840.486,4196.247,3431.918,1425.035,684.96,1.444,1.453,1.462,1.51,1.429,0.434,0.582,0.67,0.187,0.133,1.619,2.337,2.657,0.5,0.138,11.385,11.385,11.385,0,0,0.673,0.673,0.673,0,0,0,0,0,0,0,0,0,0,0,0,19.546,17.603,18.586,21.043,23.86,56.242,52.936,37.987,18.377,3.304,14.327,14.276,9.199,5.128,0.051,0.636,0.636,0.626,0.01,0,0,0,0,0,0,0,0,0,0,0,60.37,58.592,32.944,21.489,1.504,30.417,30.206,14.906,14.988,0.104,12.038,12.038,4.828,7.209,0,-2108.925,-2030.517,-1463.18,-528.06,-61.96,14.341,14.34,4.312,9.989,0.001,12.619,12.619,12.617,0.002,0,0.3387,0.0198,1206.1,3186.44,2.641936821
SVN,2023,Cal,14.658,18.653,20.213,8.751,6.032,6.551,10.028,11.497,1.74,-0.069,10.591,14.42,16.001,5.085,2.822,80.227,78.305,77.845,83.856,86.141,62.23,59.38,58.91,67.874,72.261,1698.54,1226.763,946.281,598.737,455.038,4641.098,3974.163,3318.658,1263.593,598.75,1.515,1.498,1.441,1.472,1.477,0.331,0.432,0.484,0.168,0.112,0.729,1.014,1.081,0.277,0.138,0.112,0.112,0.112,0,0,0,0,0,0,0,0,0,0,0,0,0,0,0,0,0,21.586,20.133,20.053,23.442,26.085,12.944,11.375,7.866,3.817,0.495,1.353,1.331,0.329,1.023,0.022,0,0,0,0,0,0,0,0,0,0,0,0,0,0,0,20.908,16.248,7.451,8.756,2.744,4.768,4.063,1.809,0.844,0.428,0.661,0.66,0.511,0.001,0.001,-379.734,-313.886,-87.886,-229.373,-75.243,1.955,1.729,1.27,0.31,0.226,0.222,0.222,0.222,0,0,0.3387,0.0198,1205.775,4.93,0.004088657
SVN,2024,Cal,15.311,19.489,21.528,10.085,7.659,6.983,10.789,12.465,2.157,-0.059,11.067,15.177,17.088,5.909,3.542,79.452,78.137,76.18,82.969,83.324,60.849,58.797,56.438,64.856,65.929,1465.78,1179.172,853.859,785.098,461.325,4641.042,3947.76,3390.851,1300.882,675.478,1.459,1.446,1.445,1.493,1.474,0.377,0.491,0.582,0.186,0.144,1.028,1.41,1.843,0.344,0.14,2.773,2.773,2.773,0,0,0.021,0.021,0.021,0,0,0,0,0,0,0,0,0,0,0,0,20.949,20.495,19.883,21.975,22.218,20.439,18.799,16.453,5.184,2.63,1.99,1.989,1.626,0.364,0.001,0.002,0.002,0.002,0,0,0,0,0,0,0,0,0,0,0,0,32.146,17.934,17.925,12.102,3.518,13.065,6.15,6.15,2.94,0.686,1.694,1.191,1.191,0.158,0.009,-960.176,-787.961,-837.237,-223.117,-49.536,4.099,4.045,4.042,0.424,0,4.294,4.294,4.294,0,0,0.3387,0.0198,1205.45,129.17,0.107155004
SWE,1990,Cal,4.939,9.326,11.982,-2.701,-4.521,-0.916,2.95,5.191,-7.428,-9.1,2.175,6.319,8.784,-4.972,-6.711,79.494,75.893,73.368,85.823,86.478,67.313,60.4,56.619,78.414,81.173,615.006,397.107,320.251,281.966,208.377,3001.938,2924.541,2629.634,373.898,72.907,2.727,2.65,2.547,2.728,2.767,0.211,0.289,0.353,0.064,0.05,1.049,1.546,2,0.097,0.04,9.819,9.819,9.819,0.01,0.002,0.25,0.25,0.25,0,0,0,0,0,0,0,0,0,0,0,0,25.844,21.8,19.263,32.708,34.133,22.322,22.322,22.272,0.158,0.108,3.223,3.223,3.223,0.041,0.041,0,0,0,0,0,0,0,0,0,0,0,0,0,0,0,65.3,50.665,41.912,14.407,11.945,36.841,29.611,24.577,5.356,4.927,10.084,9.461,8.203,0.388,0.278,-1605.079,-1514.485,-1395.472,-129.975,-71.299,13.507,13.507,13.498,0.072,0,3.596,3.596,3.596,0,0,0.957,0.5201,28109.05595,1214,0.043188928
SWE,1991,Cal,4.238,8.475,11.252,-3.203,-4.989,-1.472,2.366,4.664,-8.185,-10.078,1.529,5.591,8.156,-5.584,-7.423,81.32,78.775,75.972,85.435,85.599,69.52,64.028,59.484,78.077,79.769,665.753,494.532,376.074,249.984,149.498,2816.547,2730.307,2480.578,349.248,88.905,2.594,2.514,2.53,2.757,2.806,0.183,0.248,0.309,0.063,0.053,0.628,0.906,1.192,0.098,0.06,4.032,4.032,4.032,0,0,0.024,0.024,0.024,0,0,0,0,0,0,0,0,0,0,0,0,27.448,24.125,21.72,32.717,34.093,10.665,10.665,10.665,0,0,0.259,0.259,0.259,0,0,0,0,0,0,0,0,0,0,0,0,0,0,0,0,0,9.137,6.23,5.838,22.902,14.427,2.642,1.873,1.802,11.409,6.357,0.303,0.294,0.293,1.679,0.421,-88.447,-60.383,-55.797,-206.698,-93.792,4.053,4.053,4.053,0.008,0,0.15,0.15,0.15,0,0,0.957,0.5201,28103.6341,1214,0.04319726
SWE,1992,Ver,4.55,8.245,11.471,-0.862,-2.329,-1.203,2.08,4.909,-5.606,-7.247,1.836,5.358,8.402,-3.134,-4.682,80.42,77.576,75.385,87.191,86.919,68.615,63.132,59.674,79.386,80.374,778.924,583.869,493.955,300.936,187.472,2838.275,2749.808,2480.385,335.518,88.343,2.769,2.606,2.599,2.862,2.957,0.207,0.279,0.345,0.063,0.058,1.044,1.527,1.997,0.065,0.066,17.242,17.242,17.231,0,0,3.627,3.627,3.627,0,0,0.032,0.032,0.032,0,0,0,0,0,0,0,28.107,24.861,22.487,33.089,34.163,25.979,25.979,25.968,0.011,0,10.495,10.495,10.495,0,0,0.656,0.656,0.656,0,0,0,0,0,0,0,0,0,0,0,0,30.009,23.827,22.531,2.025,1.693,11.106,10.783,10.647,0.423,0.325,4.13,4.126,4.124,0.002,0.001,-602.666,-564.904,-527.043,-32.125,-25.123,15.239,15.239,15.19,0,0,8.815,8.815,8.815,0,0,0.957,0.5201,28098.73251,1214,0.043204796
SWE,1993,Cal,3.783,7.787,10.529,-3.115,-3.638,-1.975,1.434,3.94,-8.286,-8.551,1.06,4.775,7.407,-5.565,-5.967,80.109,77.524,75.539,84.279,85.063,68.011,62.42,59.041,76.052,78.191,644.013,479.343,372.724,267.972,189.749,2833.541,2746.113,2461.575,375.028,87.98,2.662,2.494,2.399,2.969,3.218,0.187,0.25,0.305,0.07,0.063,0.666,0.933,1.204,0.109,0.087,3.543,3.543,3.531,0.011,0,0.029,0.029,0.029,0,0,0,0,0,0,0,0,0,0,0,0,27.182,23.84,21.217,33.695,34.567,13.529,13.527,13.523,0.006,0.002,1.815,1.815,1.815,0,0,0.067,0.067,0.067,0,0,0,0,0,0,0,0,0,0,0,0,35.377,19.117,12.819,10.802,8.161,13.948,7.257,5.705,1.489,0.864,1.437,0.958,0.808,0.218,0.073,-443.974,-346.629,-280.401,-97.219,-47.348,6.886,6.883,6.799,0.06,0,1.694,1.694,1.694,0,0,0.957,0.5201,28095.58569,1214,0.043209635
SWE,1994,Cal,3.942,8.941,12.01,-5.107,-7.204,-2.054,2.364,4.831,-9.797,-11.578,1.102,5.836,8.665,-7.365,-9.31,78.702,74.996,72.194,85.2,85.9,66.425,59.255,55.006,78.462,81.32,555.423,404.42,298.03,262.855,156.483,3078.008,2982.8,2691.138,377.719,92.537,2.56,2.537,2.434,2.655,2.564,0.225,0.313,0.389,0.056,0.043,1.392,2.052,2.696,0.102,0.083,20.979,20.979,20.979,0.012,0,1.396,1.396,1.396,0,0,0,0,0,0,0,0,0,0,0,0,26.234,22.278,19.632,33.36,34.228,28.226,28.226,28.226,0,0,3.921,3.921,3.921,0,0,0.025,0.025,0.025,0,0,0,0,0,0,0,0,0,0,0,0,74.66,66.084,54.777,19.627,13.663,38.409,34.56,27.802,6.957,5.984,12.311,11.427,8.624,0.416,0.41,-2379.924,-2306.911,-2161.808,-137.667,-81.834,12.875,12.875,12.875,0.077,0.004,9.37,9.37,9.37,0,0,0.957,0.5201,28095.02287,1214,0.043210501
SWE,1995,Ver,4.068,8.899,11.36,-1.965,-3.47,-1.863,2.624,4.504,-6.471,-8.138,1.25,5.943,8.148,-4.141,-5.698,79.887,77.371,74.602,86.094,87.36,67.644,62.046,57.72,78.695,81.76,655.778,496.047,356.89,304.085,185.251,2931.379,2850.107,2596.073,347.671,78.014,2.7,2.621,2.487,2.969,2.902,0.203,0.277,0.34,0.066,0.051,1.001,1.469,1.926,0.072,0.034,11.512,11.512,11.512,0,0,0.615,0.615,0.615,0,0,0,0,0,0,0,0,0,0,0,0,27.42,23.884,21.508,32.849,34.278,14.188,14.185,14.178,0,0,1.169,1.169,1.169,0,0,0,0,0,0,0,0,0,0,0,0,0,0,0,0,0,30.675,21.561,19.143,19.289,8.978,11.097,8.231,7.333,10.682,3.885,2.597,2.364,2.15,3.687,0.884,-691.555,-630.685,-580.617,-212.417,-72.597,6.495,6.495,6.481,0,0,3.241,3.241,3.241,0,0,0.957,0.5201,28090.59818,1214,0.043217307
SWE,1996,Cal,3.734,8.498,10.976,-4.471,-7.27,-2.195,2.096,4.057,-9.887,-12.626,0.919,5.471,7.746,-7.097,-9.843,79.979,76.78,74.07,84.634,84.525,67.844,61.126,57.027,76.981,79.057,598.074,426.428,338.719,214.15,107.254,2999.601,2912.635,2617.089,397.157,94.337,2.566,2.503,2.46,2.678,2.714,0.198,0.274,0.337,0.061,0.047,1.056,1.556,2.012,0.096,0.065,11.838,11.838,11.811,0,0,0.25,0.25,0.25,0,0,0,0,0,0,0,0,0,0,0,0,27.284,23.653,21.528,33.396,34.674,18.476,18.476,18.476,0.01,0.003,1.753,1.753,1.753,0,0,0,0,0,0,0,0,0,0,0,0,0,0,0,0,0,70.3,55.914,30.843,36.617,22.274,40.225,31.146,17.236,18.506,11.907,14.241,10.865,6.435,5.391,3.61,-1260.754,-1157.192,-915.463,-265.025,-147.154,7.455,7.455,7.455,0.014,0,1.18,1.18,1.18,0,0,0.957,0.5201,28093.17035,1213.5418,0.04319704
SWE,1997,Cal,4.368,9.149,12.254,-3.089,-5.344,-1.758,2.537,4.988,-8.268,-10.906,1.487,6.06,8.89,-5.59,-8.025,77.831,74.309,71.952,84.234,85.232,65.44,58.714,55.055,76.293,79.097,569.841,402.574,305.756,331.923,213.973,3137.135,3048.254,2763.5,365.822,86.272,2.647,2.58,2.459,2.93,2.87,0.24,0.332,0.411,0.068,0.05,1.375,2.027,2.654,0.095,0.03,23.227,23.227,23.227,0.027,0,1.296,1.296,1.296,0,0,0.011,0.011,0.011,0,0,0,0,0,0,0,26.832,23.076,20.764,32.939,34.634,28.443,28.443,28.193,0.25,0,5.704,5.704,5.675,0.029,0,0.327,0.327,0.327,0,0,0,0,0,0,0,0,0,0,0,0,61.355,52.192,44.834,18.412,1.349,32.869,29.202,26.224,10.843,0.115,13.709,13.247,12.858,3.247,0.001,-2215.217,-2147.362,-2080.5,-215.787,-17.526,16.118,16.118,16.045,0.032,0,11.185,11.185,11.185,0,0,0.957,0.5201,28085.44609,4901.3042,0.174514024
SWE,1998,Ver,2.878,7.71,10.611,-4.718,-6.326,-2.819,1.682,4.254,-9.786,-11.361,0.157,4.837,7.594,-7.15,-8.735,81.432,79.581,77.914,84.625,85.699,69.988,65.037,62.139,77.4,80.687,779.746,589.53,463.745,283.065,202.477,2756.448,2674.508,2387.901,367.047,80.728,2.55,2.53,2.441,2.593,2.559,0.164,0.221,0.271,0.058,0.046,0.396,0.577,0.716,0.063,0.028,0.991,0.991,0.991,0,0,0.001,0.001,0.001,0,0,0,0,0,0,0,0,0,0,0,0,28.187,25.124,23.185,33.014,34.491,9.999,9.999,9.999,0,0,0.703,0.703,0.703,0,0,0,0,0,0,0,0,0,0,0,0,0,0,0,0,0,7.707,6.058,5.398,11.876,8.568,1.829,1.659,1.591,4.09,3.668,0.325,0.316,0.316,0.474,0.47,314.022,341.918,370.14,-105.866,-62.577,3.465,3.465,3.304,0.041,0,0,0,0,0,0,0.957,0.5201,28083.05927,201,0.00715734
SWE,1999,Cal,4.036,9.281,12.097,-4.998,-7.783,-1.767,2.961,5.076,-9.551,-12.416,1.301,6.327,8.84,-7.193,-10.012,80.154,77.458,74.237,85.955,85.577,68.347,62.384,57.419,79.48,80.932,677.116,470.354,348.52,289.843,157.154,2929.996,2851.502,2600.804,339.436,80.608,2.56,2.484,2.443,2.592,2.511,0.211,0.291,0.364,0.053,0.042,1.014,1.495,1.966,0.069,0.026,10.785,10.785,10.785,0,0,0.299,0.299,0.299,0,0,0,0,0,0,0,0,0,0,0,0,26.6,23.049,20.588,33.221,34.444,19.871,19.871,19.871,0,0,1.946,1.946,1.946,0,0,0.004,0.004,0.004,0,0,0,0,0,0,0,0,0,0,0,0,22.758,21.625,19.381,2.601,1.428,9.137,9.024,8.606,0.12,0.055,3.403,3.403,3.324,0,0,-1133.775,-1117.056,-1080.412,-56.563,-27.483,6.662,6.662,6.661,0.161,0,2.038,2.038,2.038,0,0,0.957,0.5201,28082.90699,1086,0.03867121
SWE,2000,Cal,5.148,9.507,11.963,-2.569,-4.49,-0.39,3.344,5.263,-7.377,-9.323,2.527,6.591,8.789,-4.866,-6.788,81.887,78.688,76.784,85.401,86.008,70.119,63.532,60.048,77.808,80.136,759.203,542.744,435.032,342.169,216.801,2901.944,2821.548,2538.134,377.875,86.874,2.643,2.672,2.531,2.913,2.927,0.184,0.254,0.307,0.067,0.055,0.552,0.812,1.024,0.077,0.045,1.581,1.581,1.573,0,0,0,0,0,0,0,0,0,0,0,0,0,0,0,0,0,27.473,24.18,22.174,32.663,33.867,10.779,10.779,10.779,0,0,0.651,0.651,0.651,0,0,0,0,0,0,0,0,0,0,0,0,0,0,0,0,0,12.99,11.109,5.671,3.377,1.334,2.248,1.718,0.793,0.634,0.14,0.051,0.036,0.013,0.079,0,122.875,139.997,223.075,-56.058,-18.271,5.398,5.398,5.341,0.004,0,0.272,0.272,0.272,0,0,0.957,0.5201,28078.15369,912,0.032480768
SWE,2001,Ver,3.94,8.695,12.041,-2.597,-4.13,-1.863,2.51,5.46,-7.005,-8.316,1.174,5.762,8.937,-4.721,-6.148,80.442,78.171,75.778,87.157,88.289,68.692,63.347,59.418,80.683,83.81,662.609,518.645,436.183,278.666,194.181,2855.123,2758.756,2470.632,370.353,84.628,2.588,2.477,2.539,2.514,2.472,0.193,0.261,0.327,0.055,0.042,0.693,1.006,1.314,0.072,0.021,6.407,6.407,6.407,0.008,0,0.092,0.092,0.092,0,0,0,0,0,0,0,0,0,0,0,0,27.433,24.061,21.571,32.761,34.136,16.607,16.607,16.607,0,0,2.091,2.091,2.091,0,0,0.007,0.007,0.007,0,0,0,0,0,0,0,0,0,0,0,0,12.61,8.443,5.812,9.541,1.976,2.72,1.686,1.475,1.701,0.646,0.266,0.22,0.22,0.082,0.059,-51.909,-3.457,17.255,-124.736,-22.463,4.753,4.753,4.748,0.057,0,0.668,0.668,0.668,0,0,0.957,0.5201,28080.5929,698,0.024857025
SWE,2002,Cal,4.373,9.889,13.581,-3.512,-5.616,-1.744,3.216,6.381,-8.564,-10.765,1.459,6.718,10.196,-5.927,-8.07,78.936,75.623,73.178,85.544,85.077,66.749,59.856,56.03,78.301,79.358,542.909,400.704,334.667,259.445,163.198,3122.499,3039.878,2739.549,358.271,85.489,2.398,2.323,2.297,2.69,2.839,0.234,0.327,0.408,0.06,0.053,1.365,2.016,2.564,0.065,0.052,17.858,17.858,17.642,0,0,1.004,1.004,0.999,0,0,0,0,0,0,0,0,0,0,0,0,26.181,21.913,19.064,33.308,34.316,25.503,25.503,25.377,0.001,0,4.666,4.666,4.666,0,0,0.406,0.406,0.406,0,0,0,0,0,0,0,0,0,0,0,0,97.513,62.407,46.608,4.544,4.189,62.21,35.613,23.63,0.971,0.971,27.051,13.126,6.535,0.014,0.014,-2295.211,-1961.4,-1641.814,-45.266,-45.083,20.948,20.948,20.589,0.002,0,8.893,8.893,8.267,0,0,0.957,0.5201,28076.00551,1289,0.045911089
SWE,2003,Cal,4.707,9.665,12.483,-5.174,-7.916,-1.43,3.145,5.452,-10.379,-13.223,1.806,6.621,9.23,-7.728,-10.52,79.371,76.202,73.633,83.855,84.976,67.044,60.61,56.616,76.587,80.09,565.291,412.469,328.491,172.937,114.65,3013.005,2927.877,2634.596,392.94,89.005,2.6,2.556,2.43,2.62,2.511,0.22,0.304,0.375,0.063,0.044,1.016,1.491,1.926,0.197,0.048,11.673,11.673,11.673,0.216,0,1.557,1.557,1.557,0.005,0,0.002,0.002,0.002,0,0,0,0,0,0,0,26.422,22.557,20.214,33.187,34.896,19.709,19.709,19.638,0.196,0,3.64,3.64,3.62,0.02,0,0.333,0.333,0.333,0,0,0,0,0,0,0,0,0,0,0,0,49.194,39.379,30.125,60.343,39.605,17.501,14.466,11.763,42.767,29.023,3.497,2.232,2.041,21.96,15.178,-1439.965,-1359.592,-1285.659,-719.52,-368.252,8.314,8.289,8.267,0.406,0.025,2.302,2.302,2.302,0.626,0,0.957,0.5201,28076.96623,2332,0.083057407
SWE,2004,Ver,4.677,9.398,12.324,-3.132,-5.009,-1.151,3.243,5.648,-8.074,-10.053,1.917,6.491,9.202,-5.517,-7.422,81.398,78.875,76.426,86.311,86.852,69.511,63.754,59.763,79.145,81.613,697.814,528.997,461.004,247.18,158.25,2909.278,2820.429,2539.607,363.303,84.796,2.538,2.44,2.418,2.591,2.599,0.189,0.258,0.319,0.058,0.046,0.493,0.721,0.923,0.059,0.031,1.922,1.922,1.922,0,0,0,0,0,0,0,0,0,0,0,0,0,0,0,0,0,27.289,23.958,22.011,32.845,34.32,14.152,14.152,14.152,0,0,1.767,1.767,1.767,0,0,0.001,0.001,0.001,0,0,0,0,0,0,0,0,0,0,0,0,9.53,7.911,7.27,9.742,5.15,1.982,1.9,1.854,1.517,0.53,0.2,0.2,0.199,0.001,0,105.769,137.995,153.942,-94.15,-46.361,3.743,3.743,3.743,0,0,0.113,0.113,0.113,0,0,0.957,0.5201,28074.85608,1246,0.04438135
SWE,2005,Cal,5.186,9.455,12.547,-2.722,-3.671,-0.602,2.955,5.665,-7.693,-8.529,2.452,6.398,9.34,-5.129,-5.99,80.995,77.315,75.343,85.951,86.875,68.887,61.649,58.247,78.405,81.22,707.641,513.496,452.571,235.702,185.226,2981.745,2898.273,2586.98,400.316,88.802,2.668,2.65,2.607,2.781,2.976,0.208,0.288,0.353,0.061,0.052,0.785,1.154,1.434,0.082,0.043,8.107,8.107,8.053,0,0,0.25,0.25,0.241,0,0,0,0,0,0,0,0,0,0,0,0,26.98,23.556,21.525,32.515,33.967,20.302,20.302,20.302,0,0,3.217,3.217,3.217,0,0,0.005,0.005,0.005,0,0,0,0,0,0,0,0,0,0,0,0,15.594,14.85,8.639,5.469,1.796,4.336,4.262,2.885,0.797,0.14,0.888,0.888,0.594,0.106,0,-306.684,-286.134,-196.468,-71.049,-31.733,5.239,5.239,4.848,0.084,0,0.696,0.696,0.696,0,0,0.957,0.5201,28076.48886,1139,0.040567751
SWE,2006,Cal,5.137,9.609,13.459,-3.048,-4.546,-0.843,2.93,6.247,-7.851,-9.098,2.297,6.452,10.082,-5.376,-6.738,79.351,75.415,72.389,86.269,87.882,67.536,60.296,55.729,79.349,83.272,594.901,415.074,311.128,226.54,156.516,3050.302,2962.428,2675.916,389.021,83.584,2.57,2.446,2.461,2.631,2.554,0.242,0.338,0.428,0.061,0.043,1.724,2.548,3.376,0.126,0.029,27.052,27.052,27.052,0.054,0,3.934,3.934,3.934,0.009,0,0.004,0.004,0.004,0,0,0,0,0,0,0,26.389,22.598,19.594,32.504,34.029,31.9,31.9,31.9,0,0,5.812,5.812,5.812,0,0,0.069,0.069,0.069,0,0,0,0,0,0,0,0,0,0,0,0,67.866,59.328,55.541,5.409,0.775,40.717,36.497,36.269,0.937,0.059,18.572,18.524,18.523,0.196,0.006,-2415.863,-2360.881,-2314.845,-111.019,-27.166,16.771,16.771,16.771,0.308,0,18.702,18.702,18.702,0,0,0.957,0.5201,28083.28476,5180,0.184451358
SWE,2007,Ver,4.941,9.862,11.991,-2.671,-5.089,-0.828,3.624,5.239,-7.411,-9.794,2.209,6.915,8.847,-4.97,-7.341,81.071,78.32,75.513,86.863,86.893,69.02,63.072,58.783,79.893,81.831,706.811,515.431,432.121,324.061,209.949,2920.681,2835.797,2547.112,363.453,85.865,2.606,2.6,2.561,2.643,2.725,0.198,0.271,0.331,0.059,0.046,0.668,0.979,1.264,0.059,0.036,7.223,7.223,7.223,0,0,0.259,0.259,0.259,0,0,0,0,0,0,0,0,0,0,0,0,26.833,23.426,21.426,32.924,33.954,18.583,18.583,18.477,0.106,0,4.75,4.75,4.75,0,0,0.325,0.325,0.325,0,0,0,0,0,0,0,0,0,0,0,0,17.291,15.364,13.762,13.329,10.077,6.849,6.294,5.892,5.204,4.731,1.751,1.723,1.72,0.074,0.071,-260.744,-238.14,-221.71,-90.248,-58.265,6.425,6.425,6.424,0,0,0.93,0.93,0.93,0,0,0.957,0.5201,28083.67942,835,0.029732571
SWE,2008,Cal,4.513,8.092,10.698,-1.239,-2.469,-0.92,2.177,4.279,-5.594,-6.808,1.959,5.312,7.699,-3.3,-4.506,82.049,79.064,76.307,87.146,87.84,70.574,64.521,60.254,80.036,82.204,704.187,500.882,379.88,304.703,210.646,2816.11,2731.47,2475.746,342.264,84.312,2.541,2.402,2.339,2.796,2.85,0.175,0.237,0.293,0.063,0.054,0.652,0.955,1.254,0.066,0.044,4.735,4.735,4.735,0,0,0.304,0.304,0.304,0,0,0.001,0.001,0.001,0,0,0,0,0,0,0,27.279,23.95,21.666,32.429,33.792,12.676,12.673,12.661,0.014,0.003,2.106,2.106,2.105,0,0,0.096,0.096,0.096,0,0,0,0,0,0,0,0,0,0,0,0,8.285,6.503,5.855,1.51,1.307,1.804,1.634,1.608,0.162,0.159,0.277,0.277,0.277,0,0,-82.533,-56.488,-41.533,-29.171,-19.027,7.098,7.098,7.084,0.001,0,1.853,1.853,1.853,0,0,0.957,0.5201,28086.00612,4994,0.17781097
SWE,2009,Cal,4.304,9.031,12.337,-2.706,-4.469,-1.363,2.592,5.363,-7.22,-8.958,1.616,5.997,9.088,-4.882,-6.624,80.532,77.397,74.844,87.055,87.056,68.426,61.715,57.726,79.91,81.786,586.326,432.567,366.917,258.432,159.015,3003.876,2924.586,2624.403,361.906,83.413,2.509,2.489,2.503,2.667,2.693,0.201,0.278,0.346,0.056,0.048,0.814,1.188,1.527,0.068,0.045,7.339,7.339,7.339,0,0,0.034,0.034,0.034,0,0,0,0,0,0,0,0,0,0,0,0,26.885,23.415,20.798,32.978,34.112,16.308,16.296,16.296,0.012,0.012,2.732,2.732,2.732,0,0,0,0,0,0,0,0,0,0,0,0,0,0,0,0,0,17.107,12.225,9.726,3.677,1.178,4.971,3.556,3.313,0.346,0.135,0.298,0.252,0.247,0.026,0.026,-706.761,-660.575,-611.212,-58.624,-27.187,5.027,5.027,4.981,0.014,0,0.568,0.568,0.568,0,0,0.957,0.5201,28085.00512,1013,0.036069069
SWE,2010,Ver,3.074,9.138,12.317,-5.223,-7.081,-2.651,2.903,5.655,-9.787,-11.306,0.339,6.179,9.18,-7.459,-9.139,80.882,78.855,77.175,85.729,86.654,69.449,63.908,60.825,79.072,82.464,639.143,521.202,416.713,246.614,159.409,2842.113,2756.409,2464.429,387.356,80.405,2.488,2.513,2.407,2.446,2.439,0.187,0.26,0.319,0.051,0.038,0.575,0.841,1.041,0.075,0.033,2.942,2.942,2.916,0,0,0.055,0.055,0.055,0,0,0,0,0,0,0,0,0,0,0,0,27.634,24.173,22.148,33.056,34.047,14.739,14.739,14.739,0,0,1.46,1.46,1.46,0,0,0.001,0.001,0.001,0,0,0,0,0,0,0,0,0,0,0,0,14.884,4.937,2.366,5.832,4.96,3.487,0.874,0.7,1.425,1.347,0.327,0.207,0.205,0.025,0.02,115.98,179.484,228.307,-72.458,-43.033,3.411,3.411,3.307,0.047,0,0.348,0.348,0.348,0,0,0.957,0.5201,28086.24719,281,0.010004897
SWE,2011,Cal,5.325,10.314,13.198,-5.581,-9.048,-0.187,4.152,6.591,-10.323,-13.717,2.716,7.403,10.095,-7.868,-11.293,81.346,78.529,76.553,84.286,85.232,69.589,63.738,60.59,77.496,80.71,733.941,547.332,445.651,207.183,121.385,2879.524,2793.597,2480.61,403.854,89.115,2.648,2.623,2.5,2.682,2.429,0.205,0.282,0.347,0.06,0.039,0.728,1.061,1.373,0.127,0.033,4.799,4.799,4.799,0.026,0,0.002,0.002,0.002,0,0,0,0,0,0,0,0,0,0,0,0,26.841,23.757,21.499,33.149,34.7,14.8,14.79,14.79,0,0,1.794,1.794,1.794,0,0,0.006,0.006,0.006,0,0,0,0,0,0,0,0,0,0,0,0,15.697,15.106,11.38,15.265,9.336,4.552,4.485,3.989,3.248,2.602,0.246,0.241,0.227,0.14,0.125,-241.097,-229.631,-208.687,-132.218,-58.594,5.262,5.262,5.262,0.104,0,0.443,0.443,0.443,0,0,0.957,0.5201,28093.65935,657,0.02338606
SWE,2012,Cal,3.546,8.6,11.09,-1.882,-4.084,-1.767,2.683,4.721,-6.076,-8.011,1.047,5.829,8.132,-3.902,-5.962,82.022,79.734,77.448,87.223,87.571,70.685,64.951,61.178,80.031,82.203,792.972,597.561,470.52,313.507,207.41,2770.845,2686.387,2408.278,378.626,85.098,2.591,2.57,2.546,2.809,2.832,0.17,0.233,0.286,0.062,0.049,0.416,0.607,0.786,0.07,0.051,0.571,0.571,0.571,0.001,0.001,0,0,0,0,0,0,0,0,0,0,0,0,0,0,0,28.093,25.017,22.733,32.167,33.128,9.702,9.693,9.687,0.016,0.011,0.419,0.419,0.419,0,0,0,0,0,0,0,0,0,0,0,0,0,0,0,0,0,6.707,3.757,3.267,1.52,1.029,0.708,0.426,0.259,0.295,0.129,0.028,0.019,0.008,0.021,0.009,442.838,468.256,467.697,-18.074,-16.902,2.508,2.508,2.508,0,0,0.002,0.002,0.002,0,0,0.957,0.5201,28095.37299,194,0.006905052
SWE,2013,Ver,5.476,9.821,13.58,-3.936,-5.081,-0.522,3.213,6.638,-8.448,-9.226,2.619,6.676,10.303,-6.099,-7.044,80.722,77.114,75.45,86.389,87.766,68.088,61.05,58.2,79.417,83.174,617.039,431.235,345.139,292.776,178.276,3021.796,2942.858,2607.714,386.619,77.231,2.58,2.525,2.518,2.503,2.515,0.218,0.302,0.375,0.052,0.043,0.919,1.355,1.749,0.049,0.025,8.26,8.26,8.256,0,0,0.502,0.502,0.502,0,0,0,0,0,0,0,0,0,0,0,0,26.772,23.167,20.812,33.506,34.342,16.206,16.206,16.114,0.009,0.009,3.636,3.636,3.636,0,0,0.564,0.564,0.564,0,0,0,0,0,0,0,0,0,0,0,0,54.9,53.201,42.646,7.884,2.365,28.919,28.6,25.924,2.033,0.176,9.913,9.911,9.796,0.074,0,-1394.907,-1374.463,-1267.402,-46.578,-18.676,12.002,12.002,11.969,0.027,0,0.467,0.467,0.467,0,0,0.957,0.5201,28102.0194,792,0.028183028
SWE,2014,Cal,5.418,10.054,12.853,-1.534,-3.475,-0.065,3.695,5.894,-6.001,-7.731,2.824,7.054,9.596,-3.691,-5.513,80.619,76.604,74.375,86.419,88.002,68.783,61.076,57.459,78.888,82.714,630.001,456.057,363.555,296.272,188.592,2967.653,2903.157,2622.758,361.737,65.803,2.561,2.547,2.443,2.795,2.798,0.22,0.307,0.376,0.068,0.048,0.854,1.255,1.6,0.096,0.041,6.882,6.882,6.882,0.004,0,0.057,0.057,0.057,0,0,0,0,0,0,0,0,0,0,0,0,26.413,22.708,20.758,32.239,34.038,19.595,19.595,19.129,0.557,0,2.17,2.17,2.165,0.005,0,0.009,0.009,0.009,0,0,0,0,0,0,0,0,0,0,0,0,28.28,24.758,18.387,12.443,4.597,8.958,8.166,6.668,2.678,1.088,1.514,1.413,1.392,0.155,0.103,-862.768,-826.408,-752.241,-130.087,-38.848,5.782,5.782,5.726,0.007,0,0.27,0.27,0.27,0,0,0.957,0.5201,28097.86171,12621,0.449180088
SWE,2015,Cal,5.484,9.555,11.892,-1.812,-3.776,0.105,3.735,5.765,-6.246,-8.181,2.896,6.753,8.965,-3.945,-5.887,82.532,80.029,78.345,86.511,87.748,70.563,64.999,62.027,79.387,82.688,785.82,558.094,477.997,303.337,201.877,2742.481,2664.63,2370.163,345.791,76.948,2.716,2.606,2.528,2.842,2.772,0.177,0.238,0.285,0.064,0.048,0.508,0.729,0.87,0.102,0.037,1.573,1.573,1.561,0,0,0.013,0.013,0.013,0,0,0,0,0,0,0,0,0,0,0,0,27.219,24.054,22.331,32.457,34.046,9.879,9.776,9.64,0.136,0,0.306,0.306,0.28,0.026,0,0,0,0,0,0,0,0,0,0,0,0,0,0,0,0,9.668,8.417,1.913,7.257,0.668,2.04,1.581,0.103,1.41,0.022,0.263,0.146,0.002,0.068,0,450.506,466.105,548.764,-90.906,-18.004,3.451,3.422,3.023,0.072,0,0.011,0.011,0.011,0,0,0.957,0.5201,28100.53523,352,0.012526452
SWE,2016,Ver,5.235,10.212,13.049,-2.013,-4.07,-0.309,4.182,6.449,-6.561,-8.457,2.585,7.335,9.948,-4.232,-6.167,82.575,80.298,78.154,87.431,88.011,70.636,65.137,61.374,80.148,82.665,751.433,548.839,513.456,278.549,228.548,2797.298,2719.741,2432.263,380.049,76.411,2.455,2.384,2.371,2.612,2.639,0.186,0.256,0.314,0.059,0.045,0.563,0.82,0.976,0.133,0.041,2.925,2.925,2.899,0.012,0,0.051,0.051,0.051,0,0,0,0,0,0,0,0,0,0,0,0,27.28,24.016,22.306,32.171,33.548,14.515,14.515,14.511,0.107,0.103,1.466,1.466,1.466,0,0,0,0,0,0,0,0,0,0,0,0,0,0,0,0,0,25.428,15.242,6.293,14.506,7.424,8.253,4.019,1.717,4.159,2.837,0.736,0.208,0.158,0.554,0.467,161.387,226.742,337.024,-131.025,-41.986,3.996,3.982,3.794,0.426,0.043,0.018,0.018,0.018,0,0,0.957,0.5201,28097.25638,975,0.034700897
SWE,2017,Cal,4.358,8.316,10.768,-1.755,-3.415,-1.034,2.503,4.444,-6.479,-8.206,1.807,5.588,7.823,-4.056,-5.725,82.502,79.681,77.423,86.443,87.049,70.961,65.012,61.315,78.707,80.889,727.919,524.417,415.451,230.25,171.293,2885.235,2802.651,2522.857,385.721,83.507,2.595,2.559,2.519,2.682,2.76,0.172,0.233,0.285,0.065,0.052,0.465,0.674,0.867,0.152,0.063,1.527,1.527,1.527,0.026,0,0,0,0,0,0,0,0,0,0,0,0,0,0,0,0,28.282,25.303,23.402,32.279,33.939,12.572,12.571,12.553,0.019,0.001,1.039,1.038,1.038,0,0,0.001,0.001,0.001,0,0,0,0,0,0,0,0,0,0,0,0,6.566,3.666,2.909,12.229,6.836,1.896,1.129,0.955,4.422,2.622,0.163,0.155,0.146,0.236,0.186,197.322,220.681,227.337,-149.401,-57.974,3.669,3.669,3.667,0.188,0,0.018,0.018,0.018,0,0,0.957,0.5201,28102.96124,611,0.021741481
SWE,2018,Cal,5.542,10.475,14.23,-3.85,-5.323,-0.396,3.58,6.841,-8.147,-9.451,2.726,7.211,10.759,-5.924,-7.311,79.603,75.448,72.353,87.563,88.5,67.46,59.663,55.178,81.164,84.254,592.816,444.235,371.462,294.667,197.733,3167.771,3087.63,2768.574,369.286,82.487,2.529,2.526,2.564,2.458,2.499,0.258,0.362,0.459,0.049,0.039,1.606,2.366,3.126,0.052,0.028,27.204,27.204,27.204,0,0,4.663,4.663,4.663,0,0,0.085,0.085,0.085,0,0,0,0,0,0,0,26.329,22.639,20.145,33.274,34.443,33.106,33.106,33.106,0,0,9.23,9.23,9.23,0,0,0.25,0.25,0.25,0,0,0,0,0,0,0,0,0,0,0,0,44.604,40.212,39.162,2.273,0.728,24.003,23.535,23.429,0.318,0.079,8.483,8.387,8.383,0.012,0,-1808.008,-1768.218,-1740.885,-25.097,-11.907,22.679,22.679,22.664,0.017,0,13.199,13.199,13.199,0,0,0.957,0.5201,28115.07578,22454,0.798646256
SWE,2019,Ver,4.63,9.214,12.5,-2.385,-4.051,-1.207,2.824,5.607,-7.203,-8.66,1.866,6.188,9.233,-4.688,-6.247,80.931,77.644,75.381,86.367,87.308,69.201,62.544,58.852,79.102,82.071,715.232,501.096,380.995,270.886,173.59,2914.737,2832.637,2554.11,376.237,80.473,2.547,2.568,2.527,2.665,2.613,0.204,0.282,0.35,0.063,0.05,0.929,1.373,1.808,0.074,0.046,12.443,12.443,12.443,0,0,0.664,0.664,0.664,0,0,0,0,0,0,0,0,0,0,0,0,26.92,23.148,20.548,32.558,33.896,18.287,18.287,18.287,0,0,1.802,1.802,1.802,0,0,0,0,0,0,0,0,0,0,0,0,0,0,0,0,0,24.589,22.928,22.348,5.203,4.419,9.956,9.732,9.72,0.602,0.55,1.202,1.2,1.2,0.098,0.098,-754.285,-741.524,-741.904,-52.979,-34.663,8.088,8.088,8.088,0,0,3.382,3.382,3.382,0,0,0.957,0.5201,28121.20513,1005,0.035738155
SWE,2020,Cal,6.133,9.923,12.53,-1.793,-2.9,0.573,3.662,5.662,-6.255,-7.211,3.512,6.997,9.338,-3.926,-4.958,81.05,77.604,74.817,86.827,88.312,68.871,62.263,57.658,79.54,82.938,788,539.047,403.916,358.806,247.908,3084.535,3000.856,2728.065,373.586,85.13,2.751,2.626,2.543,2.754,2.727,0.215,0.293,0.364,0.063,0.05,0.919,1.349,1.758,0.063,0.028,11.345,11.345,11.345,0,0,0.714,0.714,0.714,0,0,0,0,0,0,0,0,0,0,0,0,27.218,24.184,21.775,32.787,34.131,19.713,19.704,19.369,0.345,0.01,4.662,4.662,4.644,0.018,0,0.045,0.045,0.045,0,0,0,0,0,0,0,0,0,0,0,0,12.687,11.95,10.612,2.564,1.501,5.5,5.454,4.917,0.598,0.108,1.851,1.851,1.819,0.02,0,-444.021,-431.608,-414.868,-20.926,-13.039,9.722,9.722,9.625,0.059,0,3.325,3.325,3.325,0,0,0.957,0.5201,28122.62645,584,0.020766197
SWE,2021,Cal,4.458,9.836,12.642,-1.996,-4.022,-1.184,3.617,5.912,-6.158,-7.999,1.806,6.926,9.49,-3.984,-5.937,80.337,77.164,74.236,87.474,87.815,69.005,62.418,57.918,81.106,83.313,748.609,585.542,426.483,332.506,212.296,2981.17,2898.616,2627.3,352.392,80.435,2.617,2.686,2.564,2.753,2.737,0.225,0.315,0.394,0.058,0.048,1.018,1.503,1.962,0.065,0.039,14.999,14.999,14.963,0,0,1.256,1.256,1.256,0,0,0.024,0.024,0.024,0,0,0,0,0,0,0,27.334,23.947,21.185,33.111,33.774,24.681,24.681,24.681,0,0,3.887,3.887,3.887,0,0,0.022,0.022,0.022,0,0,0,0,0,0,0,0,0,0,0,0,15.944,15.275,13.212,1.224,0.273,6.308,6.124,5.294,0.267,0.009,1.925,1.877,1.665,0.013,0,-766.611,-748.988,-733.306,-22.746,-12.309,7.737,7.737,7.721,0.038,0,2.338,2.338,2.338,0,0,0.957,0.5201,28126.27981,601,0.021367917
SWE,2022,Ver,5.423,10.201,12.751,-2.613,-5.138,-0.234,3.945,6.032,-7.436,-9.973,2.761,7.254,9.62,-4.906,-7.408,81.242,78.245,75.862,86.234,86.387,69.44,63.058,59.427,79.285,81.106,685.089,510.199,419.678,321.01,168.784,2992.868,2912.824,2613.881,364.607,82.826,2.618,2.602,2.547,2.803,2.733,0.209,0.288,0.353,0.063,0.049,0.731,1.071,1.382,0.081,0.032,4.054,4.054,4.052,0.037,0,0.076,0.076,0.076,0,0,0,0,0,0,0,0,0,0,0,0,27.181,23.811,21.722,33.504,34.318,14.041,14.041,14.031,0.01,0,1.521,1.521,1.521,0,0,0,0,0,0,0,0,0,0,0,0,0,0,0,0,0,14.782,10.27,7.709,4.696,0.76,3.868,2.914,2.501,1.257,0.223,0.143,0.141,0.127,0.276,0.05,-397.032,-357.876,-334.265,-46.225,-13.969,4.756,4.756,4.75,0.023,0,0.448,0.448,0.448,0,0,0.957,0.5201,28126.446,583,0.020727823
SWE,2023,Cal,4.984,9.777,13.683,-2.097,-3.332,-0.902,3.117,6.575,-6.609,-7.482,2.207,6.637,10.349,-4.243,-5.3,80.778,77.361,75.308,87.246,88.509,68.974,62.023,58.658,80.23,83.819,745.879,563.731,452.777,290.031,176.637,3065.997,2985.354,2679.073,372.788,79.098,2.51,2.455,2.46,2.599,2.622,0.215,0.297,0.371,0.059,0.048,0.89,1.314,1.729,0.055,0.039,12.657,12.657,12.657,0,0,1.116,1.116,1.116,0,0,0.001,0.001,0.001,0,0,0,0,0,0,0,27.55,23.973,21.661,32.779,34.061,22.72,22.72,22.72,0,0,4.571,4.571,4.571,0,0,0.128,0.128,0.128,0,0,0,0,0,0,0,0,0,0,0,0,23.739,23.105,22.869,4.633,4.404,12.311,12.279,12.223,0.974,0.918,4.805,4.805,4.803,0.002,0,-895.577,-879.454,-878.313,-41.517,-39.369,10.114,10.114,10.11,0,0,5.833,5.833,5.833,0,0,0.957,0.5201,28129.44105,756,0.026875756
SWE,2024,Cal,5.948,11.174,14.163,-4.512,-6.912,0.067,4.673,7.077,-8.979,-11.272,3.14,8.105,10.835,-6.674,-9.024,80.508,78.197,75.357,86.155,86.373,68.067,62.713,58.33,79.429,81.722,738.661,541.862,431.501,276.404,172.69,3039.769,2959.621,2689.837,353.958,76.828,2.69,2.533,2.503,2.53,2.607,0.232,0.318,0.397,0.056,0.044,0.936,1.372,1.79,0.049,0.025,12.389,12.384,12.383,0,0,1.306,1.306,1.306,0,0,0.008,0.008,0.008,0,0,0,0,0,0,0,26.954,23.779,21.83,33.477,34.857,17.629,17.617,17.617,0,0,2.865,2.865,2.865,0,0,0.024,0.024,0.024,0,0,0,0,0,0,0,0,0,0,0,0,24.922,24.742,23.706,1.523,0.568,12.904,12.864,12.818,0.067,0.021,7.102,7.082,7.082,0,0,-760.023,-744.165,-724.111,-28.986,-18.29,12.521,12.521,12.521,0.004,0,2.587,2.587,2.587,0,0,0.957,0.5201,28125.78866,235,0.008355321
